4.15700771251,4.36857328561,29.6449276077,10_10
5.77824754076,0.400982478736,-0.27892143017,10_11
0.75653853621,3.75835662109,-0.409973100049,10_110
3.64242016789,1.01563137819,-0.259128757557,10_111
5.0552792626,0.151030461266,-0.229686645522,10_112
1.92249348674,1.62484835715,-0.253801153022,10_113
3.43785571198,0.126805120702,-0.169220861434,10_114
2.01152039319,2.12953349358,-0.303875443211,10_115
3.49219451938,0.735393806817,-0.227696109864,10_116
1.31579927933,1.75225669483,-0.243796756463,10_117
3.34653536442,1.64262545091,-0.306707696972,10_118
3.44912661899,1.34447633366,-0.28271125794,10_119
3.19904106893,1.92039743811,-0.327195521898,10_12
1.28007595735,2.60397185551,-0.321609470578,10_120
3.44150668182,0.63038523834,-0.216119589699,10_121
4.71518663953,0.756992241573,-0.273721149245,10_122
3.81679275916,2.22263595561,-0.37749907201,10_13
2.52115211049,2.97616393724,-0.400844925119,10_14
4.77464113481,0.565839172049,-0.258108774788,10_15
3.23241723217,2.54387154486,-0.386298665199,10_16
2.52324042123,0.842639472309,-0.202780379181,10_17
0.554848598359,3.24236983475,-0.354794144786,10_18
0.884046260993,3.69906278098,-0.409055890932,10_19
3.86919169898,0.209083572565,-0.192387125895,10_20
3.67690996867,-0.226903740361,-0.144976325194,10_21
3.13132924126,1.51248972614,-0.28687611348,10_210
4.31623970954,0.706883842352,-0.254708287429,10_211
2.21426898905,2.52948430832,-0.348316280531,10_212
0.722730092749,3.05555433545,-0.343487215965,10_213
3.04748138826,0.977359885852,-0.234160843586,10_214
0.30993936276,4.07514026718,-0.423318232058,10_215
3.08456634745,2.2187892617,-0.350786778931,10_216
3.95830951457,1.68390035244,-0.332560492665,10_217
4.65135434716,1.59745928493,-0.349477527234,10_218
3.4196341149,1.84581342548,-0.328208742875,10_219
5.09522763019,-0.159299474396,-0.202304270206,10_22
2.09818082966,3.3540687013,-0.420716794714,10_220
5.49903019966,1.9575313886,-0.413427732086,10_221
2.18521970574,1.65359596069,-0.265927247808,10_23
3.43283773457,0.256310967196,-0.181067414271,10_24
4.30433833163,0.422895318631,-0.22790600054,10_25
2.39328091828,2.53608360458,-0.355372337874,10_26
1.78010387707,1.32992224304,-0.221286428061,10_27
3.23552430118,0.771544677938,-0.221815088788,10_28
3.92067528419,0.892794492693,-0.257736183205,10_29
0.229590805536,-0.749529601527,0.0276392495957,11_10
0.529231152153,-1.95403705434,0.128716491986,11_11
-0.0761400097752,-0.629407590436,0.0274877385658,11_110
-1.06489208978,-0.61854302556,0.0620669396293,11_111
-0.148761056211,-0.882956546397,0.0536485981159,11_112
-0.559894324701,-0.990360310406,0.0784210848126,11_12
0.33067875033,-0.640280255804,0.0138548369577,11_13
-0.607238203226,-0.833140766629,0.0655242077854,11_14
-0.092574782848,-0.937731346642,0.0567132010946,11_15
0.00886282684876,-1.04428010598,0.0629573015144,11_16
-0.158078323872,0.621930605623,-0.0857744166235,11_17
-0.425752399493,-1.07051412522,0.0810367678563,11_18
-0.5896690504,-0.549624091489,0.0385617408891,11_19
3.09494907447,-1.0425014145,-0.0482854996179,11_20
2.70217927547,-1.3735490998,-0.00340423303232,11_21
1.66243243934,0.135219837212,-0.106099458893,11_210
1.00970904358,-0.287446478592,-0.0433530811595,11_211
1.36813080661,0.629858271746,-0.141443557138,11_212
2.786229443,-1.97499368439,0.0494265056427,11_213
3.1711756208,-1.07781565362,-0.0477495027816,11_22
2.17344347427,-1.25143631752,0.00428600025139,11_23
1.19487329923,-1.04991509189,0.0207925026875,11_24
1.70792189683,-0.792043577614,-0.0216221163028,11_25
1.86542604994,-0.136421410369,-0.088178582594,11_26
1.64240450716,-0.869686376169,-0.0120532855198,11_27
1.41592339926,-1.17179728415,0.0241553972269,11_28
1.94893240887,-1.16950803353,0.00475818259487,11_29
1.32998168069,-0.535702050835,-0.0318252530556,11_30
0.729695847237,-1.46124235738,0.0757354785915,11_31
-0.94159836243,-0.524133272027,0.0488614214646,11_310
-0.0982590224159,0.171749710947,-0.0461193442985,11_311
-0.572196300045,-0.969028487119,0.0768827908939,11_312
1.17686221825,-1.6367407985,0.0759390852369,11_32
0.440416331136,-0.912295835089,0.0351670449927,11_33
-0.00165360174172,-1.06236838176,0.0650156718939,11_34
-0.905478520742,-0.635472749964,0.057901419136,11_35
0.978105978688,-2.11653746915,0.127651483731,11_36
-0.340576053794,-0.527506204377,0.0275420467431,11_37
0.680394359235,-0.829242711834,0.0188163910369,11_38
-0.882899607457,0.380420174185,-0.0372569039839,11_39
0.865743126012,-0.860874543091,0.0150827638222,11_40
0.80247793897,-1.72338724077,0.0974611386308,11_41
-0.186523310357,-1.53212203881,0.115295560626,11_410
-0.639493697008,-0.352329286275,0.0220323779782,11_411
1.02975200942,-1.4774124223,0.0664372547988,11_42
-0.166352197771,-0.405008421858,0.0098948726518,11_43
0.109559760651,-1.63523952467,0.114215118639,11_44
-0.921710963916,-1.77299344005,0.164126843874,11_45
0.726007747389,-1.16012795524,0.0479038296857,11_46
-0.0517673481572,-0.82219435186,0.0445145351649,11_47
-0.806346892792,-1.73197777339,0.156165429282,11_48
0.126257474833,-1.40689910971,0.0924082184789,11_49
3.09309746928,-0.562951862388,-0.092754462836,11_50
2.865947268,-1.44205847343,-0.00293629750443,11_51
3.34620208731,-0.787473108036,-0.0810132528283,11_510
1.12523145176,0.139924362548,-0.0872008719031,11_511
2.00541749146,0.186328758117,-0.123191000919,11_512
2.47573948291,-1.37440812031,0.00482579961395,11_52
2.85748349723,-0.780981273297,-0.0640256813689,11_53
2.68450411836,-1.66183522529,0.0240049865546,11_54
1.00987976756,0.0355955166302,-0.0733600291608,11_55
2.85125261786,-1.66011316843,0.0178432748928,11_56
1.26931154446,-1.06589269111,0.0195970785656,11_57
2.01397904956,0.39190310383,-0.142590778806,11_58
1.62935365434,-0.163505625733,-0.0771663181541,11_59
0.784897784091,-1.77986026157,0.103338532527,12_10
-0.559746958952,0.237793500412,-0.0356424570591,12_11
0.858833659048,0.532791916123,-0.114097886063,12_110
0.229100791438,0.901032014119,-0.125630224002,12_111
0.420073201944,-0.681916976353,0.014504047657,12_112
1.02078303717,-0.0446763594192,-0.0662976483928,12_113
0.453578727699,-0.958785234849,0.0390107455358,12_114
0.0789521880407,-0.35375615563,-0.00369415802916,12_115
0.134297351423,0.37196581675,-0.0730837577753,12_116
-0.292289169476,-1.02951202268,0.0724251692744,12_12
0.406821311859,-0.827073762951,0.0284616861246,12_13
0.470679855162,0.213828256258,-0.070505002598,12_14
0.465601266541,-0.405879489874,-0.012770155594,12_15
0.475075532512,-0.766009469499,0.0203339887636,12_16
-0.471127558884,0.536524099447,-0.0665751501649,12_17
1.65320732732,0.00757168876047,-0.0939127778218,12_18
0.360131385434,-0.0496287960149,-0.0420588582973,12_19
0.734450975771,0.333500083379,-0.091112809101,12_20
-0.141021342971,-0.0636787049037,-0.0227160395158,12_21
0.607526913201,-0.574930080554,-0.00217881818175,12_210
0.269564023823,0.350401559292,-0.0759497505891,12_211
-0.254679559209,2.96199510558,-0.299618460087,12_212
-0.909264192715,3.10227498031,-0.289085717061,12_213
-0.419270965924,-0.20805239208,0.000706945812915,12_214
-0.873483075364,1.75017998909,-0.164804974007,12_215
-0.106702143193,0.829764109321,-0.106925030033,12_216
-0.20444892943,0.0405269436895,-0.0301106321667,12_217
0.215906712092,0.562872887984,-0.0937506029547,12_218
0.25797247257,1.55735846412,-0.187622223553,12_219
-0.127711642148,-0.111524257842,-0.0187516954037,12_22
-0.112126119147,3.37606582149,-0.343204001519,12_220
-0.0879628039813,1.34955867254,-0.155872664717,12_221
-0.354012378147,0.133387681975,-0.0333513355285,12_23
0.576550379821,0.474389688388,-0.0985138581677,12_24
0.196176311888,2.9564902284,-0.315334895746,12_25
0.976209011167,-0.277788792765,-0.0430442193581,12_26
-0.327877497257,1.42104761907,-0.153876561222,12_27
-0.175519422188,0.811228545149,-0.102726695498,12_28
0.273096540969,-0.316984558157,-0.0140969688721,12_29
-0.162432747365,0.673510254855,-0.0904078726448,12_30
-0.522883763874,-0.905939314003,0.069248812368,12_31
0.0834539926549,1.13019549696,-0.14167029024,12_310
-0.346978888289,1.18036434017,-0.130836867746,12_311
-0.114114164892,0.863530453447,-0.109794118064,12_312
-0.286698316697,2.40358665511,-0.246606799895,12_313
-0.30549149652,-1.12054403531,0.0813544739817,12_314
-0.102740084811,0.529000202594,-0.0791357921191,12_315
1.05439459796,0.297979814431,-0.0993297959251,12_316
-0.81741928631,2.49226745651,-0.235740297378,12_317
-0.0256972638156,-1.38969441463,0.096279736583,12_32
-0.729100095708,0.909278497575,-0.0919075127805,12_33
-0.145327619031,-0.736459738784,0.0399199082731,12_34
0.49742311061,-0.822372133198,0.024764013486,12_35
-0.638889215716,2.05803630891,-0.201839233817,12_36
0.854757302566,0.15378101301,-0.0787525485459,12_37
-0.965063717283,1.21442468272,-0.111753290731,12_38
0.451250834079,0.349610755736,-0.0824157688997,12_39
-0.116856443103,2.06945200422,-0.221688950247,12_40
0.330396574843,0.221251344293,-0.066145161111,12_41
-1.0364870184,1.70536569749,-0.15477607873,12_410
0.0577582394457,-0.796371340842,0.0381742022212,12_411
0.114759479462,-1.36136953928,0.0885937501149,12_412
-0.62791430209,3.11468935315,-0.300365272611,12_413
-0.38026963574,1.79423244953,-0.186648360706,12_414
-0.383972984467,-0.0130658652364,-0.0186718699005,12_415
-0.422910826106,1.21296627294,-0.131131577444,12_416
-0.876145615591,0.77212443665,-0.0738774458088,12_417
-0.743537390313,-0.965813912002,0.0827513404661,12_418
-0.760774589401,2.24654746072,-0.214959177372,12_419
0.0513773783126,-0.157343086968,-0.0209424735471,12_42
0.328755608738,0.853986813019,-0.124848031221,12_420
0.436130843412,1.17825774826,-0.15882772633,12_43
0.858417889594,0.266587001226,-0.0893605589601,12_44
0.0728260818083,1.68192583449,-0.19252677321,12_45
0.544652721779,-1.04461150482,0.043703373224,12_46
-1.39752023539,2.79425806275,-0.242906470405,12_47
-0.738571545835,2.51900190036,-0.241061085919,12_48
-0.462510944404,0.529012646459,-0.0661877021318,12_49
2.86478128232,-0.265012463267,-0.112206203347,13_10
3.73120052102,-1.04559680813,-0.0708986529121,13_11
4.68879435699,0.204237546055,-0.221437065321,13_110
1.84407656476,-0.0231758378989,-0.097927228613,13_111
2.57071367764,0.0924550542826,-0.134819707335,13_112
3.053066471,-0.855125701671,-0.0641795379513,13_12
4.27849392004,-1.05129085907,-0.0900685995185,13_13
1.52183799362,-0.589900505383,-0.0336973517833,13_14
1.74538406449,0.434422284828,-0.136871971991,13_15
3.077271163,-1.35087099915,-0.0190110366909,13_16
4.29061832395,-0.677429597996,-0.125225365149,13_17
3.11285553602,-0.296714683163,-0.118190974327,13_18
3.61991557611,-0.38014062151,-0.128693865537,13_19
4.90482501788,-1.48875672979,-0.0719848469669,13_20
3.94213899061,-0.0775637249327,-0.168391880817,13_21
3.41479363206,0.0432387326134,-0.160630004362,13_210
3.09732943921,0.79708573804,-0.219213025885,13_211
1.97947409214,1.37029045147,-0.232211349619,13_212
4.2720263966,0.953062122604,-0.275979411417,13_213
3.45461397589,-0.125150835716,-0.146424975995,13_214
2.99945189022,0.437082971575,-0.182256777988,13_22
2.9877859406,0.487031496951,-0.186475588051,13_23
2.79583184034,-0.325421594353,-0.104114327572,13_24
3.35235864518,0.471537862647,-0.19815877799,13_25
2.43041108608,-0.655461053834,-0.060311069747,13_26
4.75086449158,-0.887166231824,-0.12231285048,13_27
2.77234720499,1.27255214624,-0.251672336388,13_28
4.21649539871,0.562282857093,-0.2376891412,13_29
5.63660405421,-0.59887602168,-0.180966723153,13_30
4.33534514755,-0.712883890498,-0.123542590934,13_31
5.11904274218,-0.269390588211,-0.192937323113,13_310
2.52328721454,0.569303296112,-0.177397423241,13_311
4.82772989486,0.663107145307,-0.269052844929,13_312
3.81241068449,-0.0782614238049,-0.163657770109,13_32
4.14074514081,-0.231249342261,-0.161267586819,13_33
4.13813636433,0.258143777508,-0.206623466012,13_34
4.0930791102,-0.272152083775,-0.155753317584,13_35
3.77879087601,-0.173790484151,-0.153575938917,13_36
3.76384293269,-0.0878809853193,-0.161016303758,13_37
3.22480545046,-0.261611609963,-0.125480402456,13_38
3.51160284436,-0.319458363896,-0.130430902612,13_39
-1.15188287991,-0.871940932064,0.0887309819743,13_40
-1.04688103954,-0.646472300955,0.0640124498003,13_41
-0.292945814445,-0.440310941007,0.0177298945683,13_410
-0.0443993192982,0.359591412373,-0.0655027151645,13_411
-0.790760061788,0.382455326027,-0.0407622898827,13_412
-0.51108700539,-0.462989765548,0.0276876333198,13_413
-0.133010471669,-0.186266300166,-0.0116197057187,13_414
-0.577338100513,0.715741624952,-0.0793961825232,13_415
-0.460724058903,-0.268809450528,0.00784145639687,13_416
0.421529810641,1.02828568287,-0.144374334774,13_417
-1.19254154862,0.711783850054,-0.056885585178,13_42
-0.337623044267,0.264023107461,-0.0460733061269,13_43
0.799622762895,-0.726132533756,0.00494919066901,13_44
-1.10055901663,-0.738315661498,0.0744739456651,13_45
-0.176187130698,0.397963317165,-0.0643228577637,13_46
0.0765389093742,0.332052600845,-0.0672981289236,13_47
-0.655483787571,-0.337260551853,0.0212084815138,13_48
0.395553220693,-0.795151552749,0.0259026538491,13_49
-1.32329007473,-1.3507293769,0.139365371707,13_50
-1.02946743867,-0.114472359132,0.0139790229949,13_51
-0.735778396579,-0.00595185635464,-0.00667000054579,13_510
-0.897338225438,-0.428892746478,0.038423408672,13_511
-0.236243306797,-0.879033276334,0.0564329971539,13_512
-1.0659713824,-0.192066761196,0.0224990771962,13_513
-1.66351350666,-1.23766567043,0.141110857095,13_514
-1.65617166725,-0.707739004759,0.0916324880364,13_515
-0.177405526005,-0.343463851795,0.0045770916548,13_52
-0.174518636402,-0.341315050911,0.00427362530572,13_53
-0.480739496555,0.814613593827,-0.0920552666016,13_54
-0.768915053798,-1.34118494376,0.118525343054,13_55
-0.846889940021,-0.534257670346,0.0463928272888,13_56
-1.07825135364,-0.624822246589,0.0631309292776,13_57
-0.956586266971,-1.19050016759,0.111286154594,13_58
-1.19674462086,-0.898443665641,0.0928069923408,13_59
1.11148951684,1.0305742096,-0.169420614313,1_10
1.05633574279,0.932208921675,-0.158300310798,1_11
0.635944279262,-0.158599482762,-0.0418661302298,1_110
0.27018629314,0.585978456556,-0.0978500963934,1_111
-0.240996958234,-0.665780296011,0.0367993618352,1_112
-0.405688599198,1.4249870213,-0.151441754378,1_113
0.15182651228,-0.711548884497,0.0269109660195,1_114
-0.80269996994,0.432053355997,-0.0449386889539,1_115
0.000817595267946,0.210462959221,-0.0532806991532,1_116
0.805689827246,0.341232250568,-0.0943949954818,1_12
1.25155112528,0.48225387729,-0.123539529188,1_13
-0.262091688514,0.844119012707,-0.102665223596,1_14
0.473083562756,0.840926102202,-0.128829888634,1_15
0.00629955105417,0.852311308508,-0.11308625505,1_16
-0.372776429705,0.969729441272,-0.110346742585,1_17
-0.0220173194321,0.400583242735,-0.0701152090125,1_18
0.493736410999,-0.0501497649826,-0.0468193266302,1_19
-0.0545550655609,0.20603886819,-0.0508768050873,1_20
0.102069339716,-0.175898075244,-0.021043835542,1_21
-0.942937795694,0.924542265752,-0.0856283857575,1_210
-0.144798920968,0.353167001871,-0.0612923957711,1_211
0.334167259264,-0.399491755893,-0.00863267332555,1_212
-0.109202176397,1.0366326476,-0.126046858897,1_213
0.753303151359,-0.167548473642,-0.0452591425653,1_214
0.343488727634,-0.49105500967,-0.000464732217084,1_22
0.61989359286,-0.585366849967,-0.00165467321346,1_23
0.0842454934777,-0.626558522635,0.021450385326,1_24
-0.536657335468,0.522194480149,-0.0628857475319,1_25
-0.165714679576,1.93898119231,-0.207813612864,1_26
0.504095933512,0.667446284401,-0.113835104789,1_27
-0.41081131901,-0.745566035465,0.0503211715074,1_28
-0.0967419254842,0.1721460348,-0.0462107556885,1_29
0.229049797416,-0.238955707928,-0.0197581063111,1_30
0.568956601349,-0.202597290367,-0.0353689784771,1_31
1.0459238875,-0.166972851841,-0.0558449091789,1_310
0.303616097155,0.217881307525,-0.0648682762041,1_311
-0.666223073069,2.935930836,-0.282385179327,1_312
0.37862563305,-0.395129625472,-0.0106379747993,1_313
0.549968108182,-0.234613725506,-0.0317121692216,1_314
0.861252431055,-0.420227413021,-0.0256783554884,1_32
0.97990406608,0.854504162509,-0.148332887423,1_33
-0.136680645143,0.706456823038,-0.094394505875,1_34
0.0454562948461,-0.160284535557,-0.0204561844179,1_35
0.0991577070225,0.563334464387,-0.0895913182133,1_36
0.665344520108,-1.1790437111,0.0518439834166,1_37
0.53644509078,1.17684990665,-0.162307594903,1_38
0.414303608074,0.419731829125,-0.0875980469156,1_39
-0.960475357969,-0.818590829488,0.0768870377095,1_40
-1.0698481326,-0.805603075355,0.0796175275422,1_41
-0.369669283829,0.734290029347,-0.0885933979754,1_410
-0.239949210042,1.28949233272,-0.144823871383,1_411
0.102310276719,0.198205892183,-0.0557954191739,1_412
-0.811187237279,-0.768155047263,0.066829750553,1_42
-0.328141915463,-0.50696446075,0.0251867994209,1_43
-0.88871336326,-0.683531312971,0.0617611730452,1_44
-0.684077355576,-0.502045081198,0.0375411355229,1_45
-0.102548833827,-1.61004053194,0.119509328891,1_46
-0.868783218421,-0.54527664544,0.0482041614234,1_47
-0.438854138729,0.647321340163,-0.0780264716082,1_48
-0.744211977028,-1.2755990424,0.111545263371,1_49
1.21169494407,-0.225196505522,-0.0564043014142,1_50
1.17820868344,-0.115121523872,-0.065421656313,1_51
-0.620392213743,1.73261893862,-0.172283593659,1_510
0.454508069315,0.747653631796,-0.119499116781,1_511
0.371008542469,0.755127684367,-0.11718782806,1_512
-0.515223788618,2.0973156307,-0.209938185645,1_513
1.31719518459,0.868980815429,-0.161817460892,1_514
0.604937447963,0.669802235367,-0.117683493475,1_515
0.609132180279,0.682891918571,-0.119050109173,1_516
0.0262186323517,-0.0119003336187,-0.0335441542309,1_52
0.679231081799,-0.554245715499,-0.00668061906557,1_53
1.1965378234,1.40814500677,-0.207546636015,1_54
1.04414528044,0.99847711364,-0.164015844088,1_55
0.179011818858,1.0145796855,-0.134372504431,1_56
0.523257889638,0.735210682928,-0.120818059026,1_57
0.252870448862,0.305875078585,-0.0712137386188,1_58
0.0387009488594,-0.100964291106,-0.0257220904633,1_59
1.19684195688,-0.829606375001,0.000261647134327,2_10
-0.0794743208718,-0.667654850113,0.0311597608879,2_11
-0.0433543715783,1.37264810894,-0.159622565962,2_110
-0.49916636236,-0.345794518672,0.0163746894109,2_111
0.549369243208,-0.453169965369,-0.0113933686275,2_112
0.588048344448,-0.185894864044,-0.0376072970833,2_113
1.05371171743,-0.686810675458,-0.00784805027999,2_12
0.120954552207,-0.743322613286,0.0309729572735,2_13
-0.298120651816,1.31083515208,-0.144712205129,2_14
0.460740256695,0.253628547017,-0.0738434860923,2_15
0.194496615701,-0.0730951321712,-0.0339178491328,2_16
0.812359742071,-1.26280770099,0.0543315931852,2_17
1.28918529417,0.043849773041,-0.0841796532064,2_18
0.511107296287,-0.290509676713,-0.0251224121248,2_19
-0.0496568027311,1.20085623952,-0.1434414683,2_20
-1.06003100307,0.258836392545,-0.0195899616734,2_21
-0.489334091557,0.675415229135,-0.0788186149947,2_210
-0.276075991424,0.27480194425,-0.0492895984436,2_211
-1.30157559891,1.96552711747,-0.169395840728,2_212
-0.258107641398,-0.218109693699,-0.00415979332202,2_213
-0.500606321943,0.52352350509,-0.0643067590801,2_214
-0.787893822172,0.387666928674,-0.0413494543617,2_215
-0.45850338534,1.63544703445,-0.169086141589,2_216
-0.29301465798,-0.635019929129,0.0358149317089,2_22
-0.46469984295,0.853669633373,-0.0962597038976,2_23
-0.132750269545,0.021044390415,-0.0308819463705,2_24
-1.37087201293,0.911489586606,-0.0690135359098,2_25
0.58399819278,0.394330822406,-0.0913468871969,2_26
-1.01749446287,0.384308611876,-0.0327735443745,2_27
-0.548659193579,0.580980915409,-0.0679132409926,2_28
-0.572371071008,0.368380529408,-0.0473156510758,2_29
-0.304501605182,0.105598459963,-0.0325526027357,2_30
-0.498356827558,0.640702619802,-0.075270110795,2_31
-0.841999909516,1.01506430549,-0.0976681986245,2_310
-0.496627706679,0.95801533535,-0.104801073927,2_311
-0.876119456892,0.809228553216,-0.077324234359,2_312
-0.23628460677,-0.872907672808,0.0558656008942,2_313
-1.05317922387,1.51719220086,-0.136699665249,2_314
-0.956521501168,0.0499048502867,-0.00391217979719,2_315
-0.0327581588875,0.128891754513,-0.0444967150413,2_32
-0.572146690887,0.00722875984677,-0.013783681947,2_33
-0.685997819672,-0.524582008206,0.0397032558056,2_34
-1.26961612926,0.708942486388,-0.0538475604887,2_35
-0.371548447953,0.705627498812,-0.085863881433,2_36
-0.615422522115,-0.438923643755,0.0292079726092,2_37
-0.91430851329,-0.493853181755,0.0450670749742,2_38
0.276256019615,-0.17083824595,-0.027783247723,2_39
0.546507142812,-0.274567633768,-0.0278770923387,2_40
-0.898045818312,-0.0575469138547,0.00396211257648,2_41
-1.14272790406,0.74153269918,-0.0614412952672,2_410
0.243803704648,1.17933708661,-0.152005526419,2_411
-1.09142601414,1.94400026042,-0.174960570297,2_412
-0.508357098724,-1.29822064606,0.105156990992,2_413
-0.213296771492,1.12742524582,-0.130732056879,2_414
0.386341926575,0.0997500676212,-0.0568750208606,2_415
0.951216834588,-0.30049546944,-0.040035913493,2_416
0.38368631067,-0.0596531094114,-0.041975716913,2_42
-0.31343897151,0.386095593741,-0.0582805957168,2_43
-0.65416768179,-0.266069292037,0.0145496021451,2_44
-0.830784166493,0.294178880155,-0.0311234965282,2_45
0.0440218747202,1.36395538853,-0.161960212309,2_46
-0.685497973176,1.73736712071,-0.170381201789,2_47
0.458720728005,1.35235203607,-0.17580888373,2_48
0.598977772764,-0.229062623528,-0.0339917048655,2_49
0.180992848049,0.864197732141,-0.120477885474,2_50
-0.852911457574,0.727708313044,-0.0705888030123,2_51
0.413609756238,0.276739975574,-0.0742934669909,2_510
-1.23465541041,1.36379143003,-0.11592150747,2_511
-0.0431809854798,-0.128491382664,-0.0202184791423,2_512
-0.167271783848,0.264176001068,-0.0522189644225,2_513
-0.198614554385,0.486660647083,-0.0717529183456,2_514
0.144484688236,-0.934098059166,0.0478432887182,2_52
-0.490014217728,-0.28929180159,0.0107978873104,2_53
-0.387041584726,0.196164483997,-0.0379925749103,2_54
1.24648910891,0.905179359145,-0.162634281305,2_55
-0.39633135494,0.979753754668,-0.110429883969,2_56
-0.462632151454,-0.662037047793,0.0444290511897,2_57
0.901832731269,0.0363778921563,-0.0695437472069,2_58
-0.136399823776,0.295949729857,-0.0562809556766,2_59
-0.850606876063,1.24655661105,-0.118857021528,3_10
0.00521744258223,0.0291941497099,-0.0366046887022,3_11
0.000791451941164,0.480736333654,-0.0783799569632,3_110
1.05201849542,1.10122652413,-0.17384152873,3_111
-0.15634632566,3.41834670833,-0.345538993977,3_112
1.06180118781,1.76093400697,-0.235460453015,3_113
1.06717019961,1.2719830395,-0.19024498561,3_114
1.51491196977,0.0685102168439,-0.094594448908,3_115
0.95614954993,1.40643137795,-0.198735187997,3_116
0.205036433262,-0.345363689985,-0.00901171836231,3_117
0.062905671603,0.0180453934107,-0.0376456819234,3_12
-0.296167166188,0.959618607072,-0.112165152771,3_13
-0.591688517603,1.77860936156,-0.177587842189,3_14
-0.670320156399,1.02309527965,-0.104593308139,3_15
-0.584462453385,-0.379234203689,0.0225502871946,3_16
-0.224647477975,0.86422117208,-0.105879835314,3_17
-0.625531413576,0.363697599863,-0.0449673468145,3_18
-0.489901319864,-0.08062495783,-0.00858499691045,3_19
0.528894058634,1.88697776345,-0.227985149244,3_20
-0.178067664314,0.512947802548,-0.0749337427314,3_21
0.353844141671,0.657482087465,-0.107501714906,3_210
0.316384835975,1.60274212118,-0.193939427079,3_211
0.842167673767,1.61123250006,-0.213652446574,3_212
-0.0480171753738,1.32652276871,-0.155171092421,3_213
0.330867431424,0.889125442487,-0.128187355015,3_214
0.34939340794,1.85040561192,-0.218127932188,3_215
0.630547723894,0.12951689306,-0.0684291642343,3_216
1.25377587657,1.34081433252,-0.203353829923,3_217
-0.161840806712,0.0734141193071,-0.0346984489883,3_22
-0.580336518488,0.361278964391,-0.0463694304432,3_23
-0.876473291759,0.22645774203,-0.0231897665062,3_24
-0.978818069872,1.55363272703,-0.142760368571,3_25
-0.34407548792,0.995636405048,-0.113785747775,3_26
0.380120725876,0.0593540070604,-0.0528995321895,3_27
-0.294739532034,1.38312372656,-0.151547317871,3_28
0.595946379373,0.71236066093,-0.121312264506,3_29
0.0558873845073,0.157348979115,-0.0503301503371,3_30
0.384691343281,1.12325966577,-0.15186860882,3_31
-0.632702498273,0.771567911415,-0.0825880184774,3_310
-0.221106574782,2.71610536012,-0.277991154498,3_311
0.779969361691,-0.229198264717,-0.0404935447614,3_312
-0.47387814628,0.760062799725,-0.0872361132469,3_313
-0.398640075672,0.277091522413,-0.0450907772637,3_314
-0.517551805216,0.946691693295,-0.102996329198,3_315
0.25640298138,-0.0541335478644,-0.0379070032619,3_316
0.0447707521947,0.679106461384,-0.098385473594,3_32
-0.733981817028,0.342339372233,-0.0390803559679,3_33
-0.294056743739,0.523649270459,-0.0717527853549,3_34
0.833267375958,-0.142474849928,-0.0504658769437,3_35
0.055050398375,0.814282194988,-0.111309194892,3_36
0.00858626767941,2.00906084944,-0.220595507756,3_37
0.381560777691,1.03430092929,-0.14349436186,3_38
0.472717294855,-0.600664002724,0.00506329014907,3_39
0.448876070284,0.394455467521,-0.086495007474,3_40
0.764084013528,2.08592937296,-0.254926919948,3_41
0.528855513018,1.91318682614,-0.230417788843,3_410
-0.019226709323,2.15883090084,-0.233503529342,3_411
-0.413791641518,2.87273242604,-0.285601737625,3_412
-0.700506512331,1.38144051792,-0.13678621315,3_413
0.205234777661,1.71540035188,-0.200401331565,3_414
0.216149018587,0.793329839494,-0.115161785076,3_415
-0.646021739424,2.74707504877,-0.265573312241,3_416
-0.0284201846715,1.49369880529,-0.171402030781,3_417
-0.452006871986,1.2251690835,-0.131217593382,3_418
0.18270408867,1.51203419962,-0.180703836436,3_42
0.277161926143,0.903824981295,-0.12761947211,3_43
-0.291858151144,1.34510560912,-0.14812029754,3_44
0.943935683244,1.45567891251,-0.202869176076,3_45
-0.364940375482,1.26241838954,-0.137810711677,3_46
-0.12802543893,1.59486878036,-0.177212557323,3_47
-0.41488059745,2.76785034682,-0.275822178828,3_48
0.336191050152,1.14461861729,-0.15210653476,3_49
0.209202314011,0.840048381485,-0.119250487611,3_50
0.644065324816,0.522151288569,-0.105379530034,3_51
0.70080088474,0.324430463219,-0.0890593475287,3_510
-0.645059483882,1.9281180064,-0.189551677396,3_511
0.0350996189218,0.98646782022,-0.12658192776,3_512
0.0337242560492,-0.284961539138,-0.00845520068035,3_513
0.558554501604,1.07384422569,-0.153537276249,3_514
0.577213902994,-0.218291490872,-0.0342086686317,3_515
0.479913214875,0.0943492912046,-0.0597413673289,3_516
-0.288518362079,0.808764805127,-0.0984307138217,3_52
-0.907041041494,-0.506179913538,0.0459502760962,3_53
-0.478231215654,0.36061794204,-0.0499831213978,3_54
-0.166043817469,-0.307303432391,0.000809943089699,3_55
-0.273321264807,0.235077178219,-0.0456995235518,3_56
-0.322406605013,1.0604296587,-0.120583004678,3_57
0.0183936570431,1.00525451877,-0.12772534394,3_58
0.383066811081,0.032230943489,-0.0504866608089,3_59
0.446360742085,-2.4292211841,0.175829442454,4_10
1.26246395059,-1.21830209218,0.033997754871,4_11
0.769404770295,0.169696651613,-0.0771585318319,4_110
1.66050782065,-0.378508515042,-0.0583204040598,4_111
-0.0952592656925,-0.232189626408,-0.00871360214808,4_112
0.156270475412,0.350650125627,-0.0718950560505,4_113
1.44398973092,-0.396021565382,-0.0489008293891,4_12
0.537237991839,-0.108796146859,-0.0429386105476,4_13
1.84415084014,-1.32518738644,0.0229874793673,4_14
1.66486775285,-0.389921245944,-0.0574174347186,4_15
1.50607640702,-1.05954709727,0.0104858790511,4_16
0.441184581338,0.387704397911,-0.0855911978332,4_17
0.665479452823,-0.809709194024,0.0175391524755,4_18
0.628534981175,-0.71950466147,0.0104916311195,4_19
1.96340260203,-2.12718902396,0.0931768728699,4_20
2.28443110242,-1.01213118395,-0.0219329700021,4_21
1.37244393013,0.584404226041,-0.137377497377,4_210
1.5711202165,-1.05510687408,0.00773239279131,4_211
0.861445128392,-1.16602770848,0.0435769352308,4_212
0.980988805931,-0.761315147521,0.0016886737706,4_213
2.29364795137,-0.94473341299,-0.0285239210531,4_22
1.4980352378,-1.15787755282,0.0199072219943,4_23
1.14767123162,-0.626841128626,-0.0167992904509,4_24
0.631687550871,-1.08463323367,0.0442875301589,4_25
1.4873150637,-1.12525435181,0.0172633677351,4_26
1.16067806086,-0.732224752702,-0.00748050345677,4_27
0.817617256248,-1.48931754614,0.0751782536006,4_28
1.59095955981,0.264658587007,-0.115547866771,4_29
0.535751085222,-2.03991685689,0.136457448623,4_30
-0.419101657558,-0.663495853938,0.0429977353821,4_31
-0.300794270956,-0.977064201014,0.0678604818705,4_310
-0.14945492342,-1.33332589095,0.0954992244007,4_311
-0.464885877292,-2.80729504275,0.243739569256,4_32
-0.762748863364,-0.165570611499,0.00912448938253,4_33
-0.208256851463,-0.685677873347,0.0374688273989,4_34
0.366184555027,-1.54170123551,0.0962915431336,4_35
1.14516290461,-1.09497794984,0.026766703426,4_36
-0.128258251213,-1.48538222857,0.108857713531,4_37
-0.384467291506,-1.62009309383,0.130590008294,4_38
-0.419778998629,-0.9933644435,0.0736569016268,4_39
0.369147135626,-2.06307852609,0.144605047194,4_40
-0.0941401194455,-2.05803193338,0.160811486836,4_41
-0.406182952354,-1.10417268029,0.083458262897,4_410
-0.226902557932,-0.830012315957,0.0515442348822,4_411
0.158602523625,-0.466554439712,0.0039145238346,4_412
-1.40910381565,-1.77870698392,0.182200207455,4_42
-0.301851590222,-1.61943022733,0.127554858158,4_43
-0.122850632303,-0.771032294734,0.0423216350946,4_44
0.0312820643275,0.343659641607,-0.0667471396846,4_45
-0.255918712108,0.0719883013846,-0.0311798842767,4_46
-0.147571604703,-0.813471935167,0.047152773308,4_47
-0.310559083088,-1.96729543578,0.160174393986,4_48
0.0548878452362,-1.29277436874,0.0843783012504,4_49
0.961584435705,-3.21117893455,0.22990513465,4_50
-0.467588240394,-1.77122957059,0.147617778183,4_51
-0.621046304193,-1.65400390353,0.142254490977,4_510
1.00070694219,-0.632599380687,-0.0109748324698,4_511
-0.176689762295,-2.49882425292,0.204718935891,4_52
-0.0141813881868,-1.76574773699,0.130789192777,4_53
0.460172997644,-1.11716662195,0.0534822247123,4_54
-0.0336406764456,-1.23612830633,0.0823040104954,4_55
0.87696710136,-2.13626457293,0.133123828619,4_56
0.24028892941,-1.25019796686,0.0737510969353,4_57
0.499215520196,-1.27264982086,0.0665166389744,4_58
0.387572585823,-1.68115587067,0.108472828752,4_59
-0.860985771304,-1.45588859848,0.132491738172,6_10
-0.743838907782,-1.47437649006,0.129992231218,6_11
0.205646407894,1.79779133253,-0.208067770478,6_110
-0.548034262138,-1.00762367416,0.0795974480243,6_111
-0.215421057955,-0.381287659382,0.00945807056602,6_112
-0.435859998323,-1.94842735252,0.162932081744,6_12
-0.507604051285,-1.18450065696,0.0945687487972,6_13
-0.643429642807,-0.936593735979,0.0764344905946,6_14
-0.748613255322,-2.18019318097,0.19571303685,6_15
-0.2784288126,-1.36395061664,0.102985494423,6_16
-0.33483401886,-2.1373670925,0.176842621076,6_17
-1.31914213573,-1.0643035175,0.11261580007,6_18
-1.10317334793,-1.21122193306,0.118486692233,6_19
0.456048539845,0.150315631051,-0.0640799806613,6_20
-0.00838143490955,-1.41696852766,0.0981894251686,6_21
-0.978125725876,-0.926125822492,0.0875090672362,6_210
0.0699487325335,-0.247884550809,-0.0132023572097,6_211
-0.813911712092,-1.42964470342,0.128360138001,6_212
-0.331988306252,0.329927239901,-0.0523966124142,6_213
-1.15182910079,0.902885231147,-0.0760984717772,6_22
0.0793073924001,0.0853676396391,-0.0444882243718,6_23
0.296276981351,-0.906716880977,0.0398369422351,6_24
-0.224452072398,-0.783628137208,0.047148351146,6_25
-0.124308579748,-1.72283295604,0.130767523295,6_26
0.120105117669,-1.25258618215,0.0782986700095,6_27
-0.00145259521941,-0.825785826725,0.0430370935124,6_28
0.180292010402,-1.32695646082,0.0830391041418,6_29
-0.173169601322,-2.48814220911,0.203600196738,6_30
-1.65339359778,-1.95995307739,0.207825203159,6_31
-0.665797917008,-1.79930074351,0.157358906823,6_310
-0.166485776366,-1.22536744585,0.0860861514632,6_311
-0.445193807494,-0.871418446484,0.0632465734046,6_32
-0.61184459652,-1.54337641248,0.131649355116,6_33
-0.562387587306,-3.03861430671,0.2687314953,6_34
-0.602283622127,-2.34669864691,0.205909496524,6_35
-0.695995290366,-1.52128934191,0.132626975172,6_36
-0.888641826857,-1.69824882968,0.155995078005,6_37
-0.290268194433,-0.734995072654,0.0450007366208,6_38
0.488644127456,0.766612648058,-0.122488494727,6_39
0.454882431191,-1.13165828677,0.0550184843773,6_40
-1.56092505256,-2.47803071984,0.252610678548,6_41
0.854041415878,-0.14987851386,-0.0505260219009,6_410
-0.730887181047,-2.28880678843,0.205161931373,6_42
0.827390331448,-0.438835933877,-0.0227313885347,6_43
-0.40661527869,-2.10563333217,0.17647914276,6_44
-0.393689695282,-2.64979025611,0.226549585105,6_45
-0.440455343447,-1.96357417971,0.164504162994,6_46
-1.57480193558,-2.26409288087,0.23324181344,6_47
-0.735621536618,-1.62759210295,0.143925546314,6_48
-0.663512615991,-1.42103665966,0.122147391688,6_49
-0.414737632248,-1.41322712359,0.112467955614,6_50
-1.37997328651,-0.464045336423,0.0590595193812,6_51
0.313555634133,-1.05142894723,0.0526543927311,6_510
0.533178207611,0.554826178014,-0.104422872151,6_511
-1.26265705314,0.291533274139,-0.0153333834445,6_512
-0.309793510382,0.84950879305,-0.101448837301,6_513
0.775661792999,0.778555172316,-0.133928230284,6_514
-0.265426122587,-1.65314817496,0.129375169607,6_52
-0.160780779207,-0.186268868211,-0.0106199295352,6_53
0.259621624884,-0.552014082111,0.00821514833713,6_54
1.14700906257,-0.385184456282,-0.0392180321167,6_55
-0.309519720942,-2.53129311254,0.212515261669,6_56
0.178218748705,-1.08092666198,0.0602650211754,6_57
-0.44449997103,-1.03580408393,0.0784880398401,6_58
0.240481688236,-0.766488298318,0.0288222022137,6_59
4.63796193879,-0.494086392077,-0.154754339344,7_20
4.45658067762,-1.95256151321,-0.0127777754547,7_21
3.86273237713,1.04417696774,-0.269709482373,7_210
2.50921338737,-0.806414940701,-0.0491283663576,7_211
4.47367349589,-1.7623308726,-0.0310596544878,7_212
2.37719836463,-1.96386218051,0.0631149970555,7_213
3.5371208263,-1.99360582472,0.0241281480609,7_22
4.73373857491,-2.24053085541,0.00399008771405,7_23
3.83583613961,-1.33958580895,-0.0473621453833,7_24
3.3176690844,-1.12517651775,-0.0486238595795,7_25
2.94231433262,0.469016177851,-0.18316585009,7_26
3.32319229404,-1.41158624499,-0.0222238801358,7_27
4.21361666457,-1.53125800329,-0.0431590803495,7_28
4.35586035484,-1.07124526093,-0.0910000937297,7_29
1.95399304037,-1.75616399046,0.0590585795618,7_30
1.3301467576,-3.01922439294,0.198812702865,7_31
1.29423633923,0.462722927524,-0.12326206681,7_310
3.99167178305,-0.252062764625,-0.153969048384,7_311
1.92641555315,-0.0429469259697,-0.0990547244171,7_312
2.19238792848,-0.926000247019,-0.026619008284,7_313
1.57032583834,-1.77745624165,0.074845331447,7_32
2.63208169733,-1.20219095464,-0.0167951825492,7_33
1.91140556764,-1.79211396784,0.0639300945132,7_34
3.87785095218,-0.562955481865,-0.120999787371,7_35
2.02485337538,-0.360311329949,-0.0731242734273,7_36
3.68120376558,-1.33507447322,-0.0422154229716,7_37
2.71101343798,-0.716599751762,-0.0647328697811,7_38
1.6187711212,-0.663596921473,-0.0303421076138,7_39
4.52629964706,-2.58006411104,0.042988785615,7_40
3.74398846348,-1.05703923531,-0.0702962753666,7_41
3.09945357195,-0.767976266747,-0.0739426897278,7_410
1.26331484686,0.991579406766,-0.171263834516,7_411
2.94078480266,-0.390199439741,-0.10331572777,7_412
3.14458650171,-1.06858398793,-0.0476498213859,7_413
2.8017515082,-1.10096560285,-0.0323028791305,7_414
3.58624481972,-0.693524930906,-0.0983780557345,7_415
4.28352428437,-1.24410988482,-0.0723426185317,7_42
0.792659747391,3.50337012724,-0.387592700868,7_43
0.274094895214,4.9653156976,-0.504698378292,7_44
4.47773067949,0.627738253354,-0.253170613146,7_45
3.29661833159,-1.13820680839,-0.0466560602904,7_46
4.09427682478,-0.14241709505,-0.167844872412,7_47
2.52785356975,-1.00962490742,-0.0309272408006,7_48
3.23875805522,-0.3843205584,-0.114586659659,7_49
2.63079730507,-0.273978706564,-0.102951717491,7_50
2.519128212,-0.719588872945,-0.0575487391632,7_51
3.30555709815,-0.947595976089,-0.0646797585196,7_510
1.90659010459,1.19672483676,-0.213469052437,7_511
1.85514778862,-0.10786666889,-0.0904605061461,7_512
2.80657541878,-0.341024137966,-0.103052018523,7_513
5.63081788809,-0.539860444189,-0.186239218605,7_514
2.30496152784,0.123165180525,-0.128106519789,7_515
1.57506716435,-0.697886078715,-0.025584646825,7_516
2.42584606962,0.165065151782,-0.136348757957,7_517
3.91727751529,-1.75901476477,-0.0113412395412,7_52
2.52051314594,-0.761066116007,-0.0537466093123,7_53
2.46222605195,-0.96847359957,-0.032386815497,7_54
3.01635605815,-0.287337104103,-0.115588557769,7_55
2.38220264712,-0.656897867831,-0.0584424652084,7_56
2.40428182151,0.248688364391,-0.143338655255,7_57
3.87403067398,-0.611092137645,-0.116391848676,7_58
3.84876867809,-0.450335375478,-0.130412020009,7_59
-2.1983258818,0.359498893943,0.0120322341582,8_10
-2.61889080828,-0.767057473881,0.131792559708,8_11
-2.3389587809,1.50485256004,-0.0892745764932,8_110
-2.89963911032,-1.15558712969,0.177980164043,8_111
-1.91640471588,-0.532497558002,0.0847244504959,8_112
-2.90788267093,-1.65423061536,0.224585730218,8_113
-2.88308042196,-0.558262693066,0.121910843934,8_114
-2.43006595024,-1.10934260797,0.15678408678,8_115
-2.50361619994,-0.302933011582,0.084540391406,8_116
-2.24719932103,-0.95725216187,0.136077572172,8_117
-2.56281603255,-0.559391151804,0.110488355697,8_118
-2.03104054414,-0.947921859048,0.127430859314,8_12
-2.15051679376,-1.93641088896,0.223531821204,8_13
-2.65004772894,-0.572138043737,0.114811888954,8_14
-3.13236342304,-1.04400678955,0.175994189461,8_15
-3.04586827869,-1.63923411373,0.22815953108,8_16
-2.62898878993,-2.0357448306,0.249978591445,8_17
-3.22598424363,-0.477975805107,0.126796776969,8_18
-2.713180753,-1.3927771745,0.193296722521,8_19
-1.03822866454,-1.3150312578,0.125789873494,8_20
-2.18906096228,-1.83435147321,0.215440918718,8_21
-1.42577940275,-0.0021147795574,0.0178088827336,8_210
-2.51126086483,0.0317347246103,0.0537350642663,8_211
-2.49875662107,-2.04830399655,0.246457505835,8_212
-1.5236390561,-0.38526380695,0.0569140721005,8_213
-2.03827499441,-1.30934859929,0.161256830832,8_214
-2.24183574108,0.050517407326,0.0422932944559,8_215
-1.18240511359,0.109997198085,-0.00136269915463,8_216
-1.99290806734,-2.36188221945,0.257372386153,8_22
-2.43843476488,-1.13858477614,0.159801016306,8_23
-2.50612448084,0.151062640206,0.0424682462022,8_24
-1.88438597377,-0.281466598538,0.0602588366642,8_25
-1.02216276001,0.60539384431,-0.0531376305138,8_26
-1.51179964353,-0.399464368939,0.0578067371823,8_27
-2.45424316016,-1.64227268283,0.207147337561,8_28
-2.10627999962,-0.628681056818,0.100491168181,8_29
-2.30460128146,-2.54595354442,0.285685814352,8_30
-2.00597536944,-0.239314769006,0.0607205817576,8_31
-2.34005058343,-0.464377924337,0.0936465038052,8_310
-3.02692376299,-0.0842880792298,0.0830703371037,8_311
-2.53980491591,-1.00105750376,0.150677523596,8_312
-2.43824882277,0.678114953985,-0.0089219786866,8_313
-3.51437456381,-2.66339670255,0.340136135346,8_314
-2.87672705827,-0.475993065591,0.114041814022,8_315
-3.00192475432,-1.08719397314,0.175310085149,8_316
-2.67055881238,-0.337340230059,0.0937445499191,8_317
-1.62871928034,1.12222015824,-0.0793033082361,8_318
-1.83423365099,0.066905290868,0.0261005202726,8_319
-2.28048463663,-1.84010458918,0.219265824333,8_32
-2.90732782954,-0.834877249138,0.148472683984,8_33
-2.48494435014,-0.428871943404,0.0955642417326,8_34
-2.82415597886,-1.38801799633,0.196849074565,8_35
-2.98005611141,1.81684877946,-0.0951745225272,8_36
-2.27291827875,1.09506772592,-0.0535949928393,8_37
-2.86888141761,-1.18883322875,0.1799606555,8_38
-2.59027526692,-1.67111523521,0.214722144419,8_39
-1.51827973835,-2.02032809999,0.208569053456,8_40
-3.32888667898,-1.21974760949,0.19938864992,8_41
-3.45399902073,-1.82311626493,0.259926470227,8_410
-3.30604351658,-1.65699500651,0.239173476119,8_411
-1.88856293343,-2.77672247066,0.292142764713,8_412
-2.71200899728,2.69576108065,-0.186446646439,8_413
-2.28456374747,-2.23919895146,0.25647640519,8_414
-3.48788726366,-1.57145141135,0.237774179371,8_415
-2.10812474197,-0.559989093292,0.0941781661528,8_416
-2.00847126342,0.151367703524,0.0245278647038,8_417
-1.83455584919,-1.05334946742,0.130149805615,8_418
-2.40608696173,-0.178156646974,0.0694420783214,8_419
-2.86447190699,-0.83874369468,0.147289244721,8_42
-2.50417096447,0.414601077192,0.0179232058392,8_43
-2.64579789413,0.149998313764,0.0475943600952,8_44
-3.24399398586,-1.82320350963,0.252375853749,8_45
-2.62447050529,-1.35342489602,0.186449138275,8_46
-3.37927578417,-1.45103204107,0.222681615393,8_47
-2.40847966727,-1.03229814726,0.148852037358,8_48
-2.6198805459,1.08057494084,-0.0397608271767,8_49
-2.82861077495,1.15797904888,-0.0394364863275,9_10
-3.65807329344,-0.981351737065,0.189097329985,9_11
-1.726534864,1.06040647748,-0.0700420123097,9_110
-2.61471386399,1.42082090725,-0.071545321981,9_111
-2.83504404572,-0.121465876376,0.0796166931659,9_112
-2.27856811192,1.99452578657,-0.136924010443,9_113
-1.86366426661,-0.670455986601,0.0956383151675,9_114
-2.61348871346,-0.400251949375,0.097533014312,9_115
-2.39020833805,0.683970722924,-0.011194924924,9_116
-1.65969172061,1.43322138843,-0.107071097332,9_117
-2.81506566121,1.13669305404,-0.037947192807,9_118
-3.6230120944,-0.669277752402,0.158853163353,9_119
-2.7983336175,-0.381876982944,0.102479666623,9_12
-1.92957397528,-0.0751505696545,0.0427247887626,9_120
-2.22009792241,2.1542845951,-0.153865277749,9_121
-2.17631418145,0.926729122127,-0.0414385172376,9_122
-2.99004399566,-0.185387665658,0.0911320074101,9_123
-2.22255111618,3.00994943018,-0.233242289753,9_124
-1.99001276095,0.774291868921,-0.0339872738185,9_125
-3.21318805348,-0.736545345796,0.150349470855,9_126
-2.049408076,0.628795582991,-0.018337264186,9_13
-1.68931372557,0.0685034265012,0.020735993795,9_14
-2.20810020352,1.91168422559,-0.131766896098,9_15
-2.79805279613,-0.792384076125,0.140593216822,9_16
-1.53524830315,4.84074674179,-0.428005945016,9_17
-2.56006807653,1.65600661675,-0.0953538087623,9_18
-2.38893085475,-0.755516409565,0.122443787908,9_19
-4.26996035683,-1.53867097336,0.262879056258,9_20
-3.00410115834,1.32579227151,-0.048704812988,9_21
-3.40059354045,-0.0310054697114,0.0915715087028,9_210
-2.81188010073,-0.216943972186,0.0876499715928,9_211
-3.5826148897,-0.165023772189,0.110569245126,9_212
-2.81327877571,0.33887095705,0.0360819657217,9_213
-2.65426168027,0.503698022902,0.0150510225909,9_214
-2.06578634634,1.50062646716,-0.0987144060283,9_215
-2.75247373751,0.623641132402,0.00744689587977,9_216
-2.19276534231,3.26430202992,-0.25793601191,9_217
-2.93848330385,0.753282620086,0.0021021829388,9_218
-3.13443523838,0.595263448365,0.0238302762037,9_219
-3.58238638573,-0.649739098502,0.155576372424,9_22
-3.13886122902,1.04680563231,-0.0179449920573,9_23
-4.3250287612,-1.32182651817,0.244722862592,9_24
-4.30466365865,-2.62104766758,0.364648098648,9_25
-3.29438850753,-0.250389913546,0.108123027741,9_26
-4.69568090168,-2.00300699793,0.321324764172,9_27
-3.85488154072,-1.54515438006,0.248541221156,9_28
-3.37726998114,-1.72804035295,0.24833509065,9_29
-2.77783489023,0.0613933646344,0.0605754847877,9_30
-2.33691029304,1.38544911971,-0.0782593498267,9_31
-2.97477800873,0.357766168554,0.0401400214589,9_310
-3.74949007422,-0.783207459625,0.173986104069,9_311
-2.33909237487,0.377116045041,0.0154627486784,9_312
-2.89688016763,0.52538949352,0.021769118944,9_313
-2.77860301745,1.22041305963,-0.047034643268,9_314
-2.17190476306,-0.567446289804,0.0971663501442,9_315
-3.33532396599,-0.223986540995,0.107144346722,9_316
-2.7133954237,0.421865411636,0.0247791930817,9_317
-3.30317586136,-0.87329794678,0.16628857407,9_318
-1.65925936353,3.04943702231,-0.257184069916,9_319
-2.32716759262,0.678125226164,-0.0129210834206,9_32
-2.45128037972,1.83225740957,-0.115637761061,9_320
-2.34098658804,2.23594818059,-0.15709819775,9_321
-2.42843863294,0.616524555476,-0.00355519729139,9_322
-3.31427872189,-0.251123168686,0.108907034113,9_323
-3.07077233124,-1.32664758813,0.200026096424,9_33
-3.61893164481,-1.02858538804,0.192075076726,9_34
-2.80638158806,1.16016011409,-0.0404391370644,9_35
-3.19727503878,-0.391818463836,0.11776204176,9_36
-2.02746798891,0.673855872888,-0.023311688741,9_37
-3.16120472939,0.057472266258,0.0747382804709,9_38
-2.21102562336,2.2431219784,-0.162442115709,9_39
-4.17074332846,-1.70521127167,0.274774476503,9_40
-3.25092685717,-0.446557707813,0.124776749074,9_41
-3.83351411379,-0.759413740465,0.174800669564,9_410
-2.54978715309,-0.196729611563,0.076339149611,9_411
-2.16083338548,2.4216377892,-0.180827390991,9_412
-2.81532721746,1.38040687037,-0.0605714000254,9_413
-2.43222582812,1.42414439167,-0.0784222713969,9_414
-2.37462021442,1.11786935143,-0.0520520107773,9_415
-2.49236312707,2.1673944263,-0.14528313201,9_416
-3.82144482775,-1.40197664468,0.234040863455,9_417
-3.52522545454,-1.27940662938,0.211995992037,9_418
-2.91410794936,-0.648930646171,0.131447921639,9_419
-3.0945061974,-0.777783174448,0.149907493981,9_42
-2.20900194008,1.63558991459,-0.106093652622,9_420
-2.66974929295,0.341779417416,0.0306457960733,9_421
-2.65580350492,1.55206053056,-0.0822545613996,9_422
-1.62899182327,1.90035511991,-0.151558634815,9_423
-2.79929030284,1.70675694175,-0.0914566403416,9_424
-1.35422660077,1.37299925943,-0.11247290533,9_43
-3.59782028079,-0.266341504774,0.120525877596,9_44
-3.26755017299,0.482110256683,0.0391299863334,9_45
-2.46017789243,0.713388500747,-0.0114085274917,9_46
-1.38116944713,2.95110255093,-0.258061080603,9_47
-2.42993928059,-0.800258468384,0.128074985859,9_48
-3.44000916299,-0.291499805143,0.117182219313,9_49
-2.30649544851,0.235011064132,0.0274867288431,9_50
-2.07806082423,0.8006604091,-0.0332669942667,9_51
-2.77919641983,0.119891265098,0.0551918097267,9_510
-3.01371314213,0.681749292894,0.011453209656,9_511
-2.55451327634,-0.0900195305906,0.0665991272521,9_512
-3.09264355941,-0.869621398902,0.158369437478,9_513
-2.34897816347,2.80649748101,-0.209797281288,9_514
-2.6738709964,1.62934512958,-0.0887816526403,9_515
-1.80156909687,3.33693122399,-0.278761401815,9_516
-1.16739926731,1.67535030571,-0.147276629895,9_517
-2.91066207915,0.356385455182,0.0379605208652,9_518
-3.63660263196,-0.518302597282,0.145321315403,9_519
-2.50827761887,-0.185327876735,0.0737862200967,9_52
-2.77221941734,0.29409077392,0.0387628355205,9_520
-1.26550676661,0.406822426482,-0.0259376790057,9_521
-2.2197716311,2.53622081464,-0.189347312201,9_522
-2.70694844264,0.572217668717,0.010583982329,9_523
-3.310893509,-0.917153132956,0.170639172261,9_524
-2.62208472407,-1.31793577115,0.183067403489,9_53
-1.43648161973,1.23687212453,-0.0968702154965,9_54
-3.00838269131,-0.0883701028844,0.0827820838212,9_55
-2.59410368522,0.679517659505,-0.00344255774675,9_56
-1.52210529469,2.50203069088,-0.211283216571,9_57
-1.48195031963,4.31271517458,-0.380886184478,9_58
-2.68440258163,1.34710908289,-0.0621914207105,9_59
