13754.0,15087.0,133072.0,11128.0,17503.0,129098.0,10482.0,18238.0,130042.0,9392.0,19239.0,127362.0,10_10
19922.0,18932.0,119214.0,19922.0,18932.0,119214.0,19922.0,18932.0,119214.0,19922.0,18932.0,119214.0,10_11
7256.0,8525.0,152694.0,7256.0,8525.0,152694.0,7256.0,8525.0,152694.0,7256.0,8525.0,152694.0,10_110
15588.0,16895.0,127622.0,15588.0,16895.0,127622.0,15588.0,16895.0,127622.0,15588.0,16895.0,127622.0,10_111
19048.0,19588.0,118776.0,19048.0,19588.0,118776.0,19048.0,19588.0,118776.0,19048.0,19588.0,118776.0,10_112
11950.0,14919.0,135212.0,11950.0,14919.0,135212.0,11950.0,14919.0,135212.0,11950.0,14919.0,135212.0,10_113
16400.0,19484.0,121632.0,16400.0,19484.0,121632.0,16400.0,19484.0,121632.0,16400.0,19484.0,121632.0,10_114
11444.0,13446.0,138664.0,11444.0,13446.0,138664.0,11444.0,13446.0,138664.0,11444.0,13446.0,138664.0,10_115
15702.0,17702.0,125894.0,15702.0,17702.0,125894.0,15702.0,17702.0,125894.0,15702.0,17702.0,125894.0,10_116
10780.0,14479.0,137262.0,10780.0,14479.0,137262.0,10780.0,14479.0,137262.0,10780.0,14479.0,137262.0,10_117
14286.0,15021.0,132672.0,14286.0,15021.0,132672.0,14286.0,15021.0,132672.0,14286.0,15021.0,132672.0,10_118
14842.0,15908.0,130342.0,14842.0,15908.0,130342.0,14842.0,15908.0,130342.0,14842.0,15908.0,130342.0,10_119
13682.0,14189.0,134940.0,13682.0,14189.0,134940.0,13682.0,14189.0,134940.0,13682.0,14189.0,134940.0,10_12
9618.0,11973.0,143436.0,9618.0,11973.0,143436.0,9618.0,11973.0,143436.0,9618.0,11973.0,143436.0,10_120
15754.0,18005.0,125236.0,15754.0,18005.0,125236.0,15754.0,18005.0,125236.0,15754.0,18005.0,125236.0,10_121
17700.0,17771.0,123758.0,17700.0,17771.0,123758.0,17700.0,17771.0,123758.0,17700.0,17771.0,123758.0,10_122
14314.0,13368.0,135950.0,14314.0,13368.0,135950.0,14314.0,13368.0,135950.0,14314.0,13368.0,135950.0,10_13
11192.0,11014.0,143780.0,11192.0,11014.0,143780.0,11192.0,11014.0,143780.0,11192.0,11014.0,143780.0,10_14
18046.0,18339.0,122276.0,18046.0,18339.0,122276.0,18046.0,18339.0,122276.0,18046.0,18339.0,122276.0,10_15
12930.0,12361.0,139348.0,12930.0,12361.0,139348.0,12930.0,12361.0,139348.0,12930.0,12361.0,139348.0,10_16
13958.0,17282.0,128478.0,13958.0,17282.0,128478.0,13958.0,17282.0,128478.0,13958.0,17282.0,128478.0,10_17
7590.0,10019.0,149372.0,7590.0,10019.0,149372.0,7590.0,10019.0,149372.0,7590.0,10019.0,149372.0,10_18
7544.0,8713.0,152030.0,7544.0,8713.0,152030.0,7544.0,8713.0,152030.0,7544.0,8713.0,152030.0,10_19
17008.0,19289.0,121414.0,17008.0,19289.0,121414.0,17008.0,19289.0,121414.0,17008.0,19289.0,121414.0,10_20
17254.0,20549.0,118648.0,17254.0,20549.0,118648.0,17254.0,20549.0,118648.0,17254.0,20549.0,118648.0,10_21
14098.0,15380.0,132142.0,14098.0,15380.0,132142.0,14098.0,15380.0,132142.0,14098.0,15380.0,132142.0,10_210
17104.0,17875.0,124146.0,17104.0,17875.0,124146.0,17104.0,17875.0,124146.0,17104.0,17875.0,124146.0,10_211
11262.0,12293.0,141152.0,11262.0,12293.0,141152.0,11262.0,12293.0,141152.0,11262.0,12293.0,141152.0,10_212
8110.0,10586.0,147718.0,8110.0,10586.0,147718.0,8110.0,10586.0,147718.0,8110.0,10586.0,147718.0,10_213
14652.0,16943.0,128462.0,14652.0,16943.0,128462.0,14652.0,16943.0,128462.0,14652.0,16943.0,128462.0,10_214
6106.0,7546.0,155802.0,6106.0,7546.0,155802.0,6106.0,7546.0,155802.0,6106.0,7546.0,155802.0,10_215
13106.0,13300.0,137294.0,13106.0,13300.0,137294.0,13106.0,13300.0,137294.0,13106.0,13300.0,137294.0,10_216
15246.0,14966.0,131822.0,15246.0,14966.0,131822.0,15246.0,14966.0,131822.0,15246.0,14966.0,131822.0,10_217
16506.0,15295.0,129904.0,16506.0,15295.0,129904.0,16506.0,15295.0,129904.0,16506.0,15295.0,129904.0,10_218
14144.0,14432.0,133992.0,14144.0,14432.0,133992.0,14144.0,14432.0,133992.0,14144.0,14432.0,133992.0,10_219
19516.0,20504.0,116476.0,19516.0,20504.0,116476.0,19516.0,20504.0,116476.0,19516.0,20504.0,116476.0,10_22
10002.0,9858.0,147282.0,10002.0,9858.0,147282.0,10002.0,9858.0,147282.0,10002.0,9858.0,147282.0,10_220
17444.0,14329.0,130898.0,17444.0,14329.0,130898.0,17444.0,14329.0,130898.0,17444.0,14329.0,130898.0,10_221
12348.0,14863.0,134926.0,12348.0,14863.0,134926.0,12348.0,14863.0,134926.0,12348.0,14863.0,134926.0,10_23
16224.0,19103.0,122570.0,16224.0,19103.0,122570.0,16224.0,19103.0,122570.0,16224.0,19103.0,122570.0,10_24
17452.0,18708.0,122132.0,17452.0,18708.0,122132.0,17452.0,18708.0,122132.0,17452.0,18708.0,122132.0,10_25
11550.0,12293.0,140864.0,11550.0,12293.0,140864.0,11550.0,12293.0,140864.0,11550.0,12293.0,140864.0,10_26
12096.0,15770.0,133364.0,12096.0,15770.0,133364.0,12096.0,15770.0,133364.0,12096.0,15770.0,133364.0,10_27
15230.0,17568.0,126634.0,15230.0,17568.0,126634.0,15230.0,17568.0,126634.0,15230.0,17568.0,126634.0,10_28
16208.0,17286.0,126220.0,16208.0,17286.0,126220.0,16208.0,17286.0,126220.0,16208.0,17286.0,126220.0,10_29
12220.0,21711.0,121358.0,12220.0,21711.0,121358.0,12220.0,21711.0,121358.0,12220.0,21711.0,121358.0,11_10
14276.0,25282.0,112160.0,14276.0,25282.0,112160.0,14276.0,25282.0,112160.0,14276.0,25282.0,112160.0,11_11
11558.0,21325.0,122792.0,11558.0,21325.0,122792.0,11558.0,21325.0,122792.0,11558.0,21325.0,122792.0,11_110
9906.0,21186.0,124722.0,9906.0,21186.0,124722.0,9906.0,21186.0,124722.0,9906.0,21186.0,124722.0,11_111
11766.0,22062.0,121110.0,11766.0,22062.0,121110.0,11766.0,22062.0,121110.0,11766.0,22062.0,121110.0,11_112
11224.0,22333.0,121110.0,11224.0,22333.0,121110.0,11224.0,22333.0,121110.0,11224.0,22333.0,121110.0,11_12
12246.0,21401.0,121952.0,12246.0,21401.0,121952.0,12246.0,21401.0,121952.0,12246.0,21401.0,121952.0,11_13
10942.0,21866.0,122326.0,10942.0,21866.0,122326.0,10942.0,21866.0,122326.0,10942.0,21866.0,122326.0,11_14
11930.0,22229.0,120612.0,11930.0,22229.0,120612.0,11930.0,22229.0,120612.0,11930.0,22229.0,120612.0,11_15
12236.0,22553.0,119658.0,12236.0,22553.0,119658.0,12236.0,22553.0,119658.0,12236.0,22553.0,119658.0,11_16
9802.0,17640.0,131918.0,9802.0,17640.0,131918.0,9802.0,17640.0,131918.0,9802.0,17640.0,131918.0,11_17
11550.0,22583.0,120284.0,11550.0,22583.0,120284.0,11550.0,22583.0,120284.0,11550.0,22583.0,120284.0,11_18
10604.0,21035.0,124326.0,10604.0,21035.0,124326.0,10604.0,21035.0,124326.0,10604.0,21035.0,124326.0,11_19
17346.0,22882.0,113890.0,17346.0,22882.0,113890.0,17346.0,22882.0,113890.0,17346.0,22882.0,113890.0,11_20
17124.0,23812.0,112252.0,17124.0,23812.0,112252.0,17124.0,23812.0,112252.0,17124.0,23812.0,112252.0,11_21
13448.0,19267.0,125018.0,13448.0,19267.0,125018.0,13448.0,19267.0,125018.0,13448.0,19267.0,125018.0,11_210
12914.0,20438.0,123210.0,12914.0,20438.0,123210.0,12914.0,20438.0,123210.0,12914.0,20438.0,123210.0,11_211
12320.0,17782.0,129116.0,12320.0,17782.0,129116.0,12320.0,17782.0,129116.0,12320.0,17782.0,129116.0,11_212
18042.0,25588.0,107782.0,18042.0,25588.0,107782.0,18042.0,25588.0,107782.0,18042.0,25588.0,107782.0,11_213
17518.0,22994.0,113494.0,17518.0,22994.0,113494.0,17518.0,22994.0,113494.0,17518.0,22994.0,113494.0,11_22
16090.0,23396.0,114118.0,16090.0,23396.0,114118.0,16090.0,23396.0,114118.0,16090.0,23396.0,114118.0,11_23
14208.0,22698.0,117396.0,14208.0,22698.0,117396.0,14208.0,22698.0,117396.0,14208.0,22698.0,117396.0,11_24
14724.0,21996.0,118284.0,14724.0,21996.0,118284.0,14724.0,21996.0,118284.0,14724.0,21996.0,118284.0,11_25
14136.0,20087.0,122690.0,14136.0,20087.0,122690.0,14136.0,20087.0,122690.0,14136.0,20087.0,122690.0,11_26
14716.0,22217.0,117850.0,14716.0,22217.0,117850.0,14716.0,22217.0,117850.0,14716.0,22217.0,117850.0,11_27
14732.0,23080.0,116108.0,14732.0,23080.0,116108.0,14732.0,23080.0,116108.0,14732.0,23080.0,116108.0,11_28
15612.0,23131.0,115126.0,15612.0,23131.0,115126.0,15612.0,23131.0,115126.0,15612.0,23131.0,115126.0,11_29
13766.0,21202.0,120830.0,13766.0,21202.0,120830.0,13766.0,21202.0,120830.0,13766.0,21202.0,120830.0,11_30
13970.0,23856.0,115318.0,13970.0,23856.0,115318.0,13970.0,23856.0,115318.0,13970.0,23856.0,115318.0,11_31
9988.0,20922.0,125168.0,9988.0,20922.0,125168.0,9988.0,20922.0,125168.0,9988.0,20922.0,125168.0,11_310
10484.0,18969.0,128578.0,10484.0,18969.0,128578.0,10484.0,18969.0,128578.0,10484.0,18969.0,128578.0,11_311
11176.0,22269.0,121286.0,11176.0,22269.0,121286.0,11176.0,22269.0,121286.0,11176.0,22269.0,121286.0,11_312
14938.0,24420.0,113222.0,14938.0,24420.0,113222.0,14938.0,24420.0,113222.0,14938.0,24420.0,113222.0,11_32
12780.0,22212.0,119796.0,12780.0,22212.0,119796.0,12780.0,22212.0,119796.0,12780.0,22212.0,119796.0,11_33
12242.0,22605.0,119548.0,12242.0,22605.0,119548.0,12242.0,22605.0,119548.0,12242.0,22605.0,119548.0,11_34
10192.0,21253.0,124302.0,10192.0,21253.0,124302.0,10192.0,21253.0,124302.0,10192.0,21253.0,124302.0,11_35
15230.0,25808.0,110154.0,15230.0,25808.0,110154.0,15230.0,25808.0,110154.0,15230.0,25808.0,110154.0,11_36
10988.0,20997.0,124018.0,10988.0,20997.0,124018.0,10988.0,20997.0,124018.0,10988.0,20997.0,124018.0,11_37
13070.0,21994.0,119942.0,13070.0,21994.0,119942.0,13070.0,21994.0,119942.0,13070.0,21994.0,119942.0,11_38
8914.0,18271.0,131544.0,8914.0,18271.0,131544.0,8914.0,18271.0,131544.0,8914.0,18271.0,131544.0,11_39
13418.0,22107.0,119368.0,13418.0,22107.0,119368.0,13418.0,22107.0,119368.0,13418.0,22107.0,119368.0,11_40
14430.0,24634.0,113302.0,14430.0,24634.0,113302.0,14430.0,24634.0,113302.0,14430.0,24634.0,113302.0,11_41
12544.0,23965.0,116526.0,12544.0,23965.0,116526.0,12544.0,23965.0,116526.0,12544.0,23965.0,116526.0,11_410
10266.0,20450.0,125834.0,10266.0,20450.0,125834.0,10266.0,20450.0,125834.0,10266.0,20450.0,125834.0,11_411
14488.0,23936.0,114640.0,14488.0,23936.0,114640.0,14488.0,23936.0,114640.0,14488.0,23936.0,114640.0,11_42
11118.0,20656.0,124570.0,11118.0,20656.0,124570.0,11118.0,20656.0,124570.0,11118.0,20656.0,124570.0,11_43
13168.0,24300.0,115232.0,13168.0,24300.0,115232.0,13168.0,24300.0,115232.0,13168.0,24300.0,115232.0,11_44
11638.0,24593.0,116176.0,11638.0,24593.0,116176.0,11638.0,24593.0,116176.0,11638.0,24593.0,116176.0,11_45
13574.0,22971.0,117484.0,13574.0,22971.0,117484.0,13574.0,22971.0,117484.0,13574.0,22971.0,117484.0,11_46
11848.0,21894.0,121364.0,11848.0,21894.0,121364.0,11848.0,21894.0,121364.0,11848.0,21894.0,121364.0,11_47
11776.0,24485.0,116254.0,11776.0,24485.0,116254.0,11776.0,24485.0,116254.0,11776.0,24485.0,116254.0,11_48
12900.0,23631.0,116838.0,12900.0,23631.0,116838.0,12900.0,23631.0,116838.0,12900.0,23631.0,116838.0,11_49
16722.0,21473.0,117332.0,16722.0,21473.0,117332.0,16722.0,21473.0,117332.0,16722.0,21473.0,117332.0,11_50
17484.0,24031.0,111454.0,17484.0,24031.0,111454.0,17484.0,24031.0,111454.0,17484.0,24031.0,111454.0,11_51
17432.0,22160.0,115248.0,17432.0,22160.0,115248.0,17432.0,22160.0,115248.0,17432.0,22160.0,115248.0,11_510
12552.0,19195.0,126058.0,12552.0,19195.0,126058.0,12552.0,19195.0,126058.0,12552.0,19195.0,126058.0,11_511
13950.0,19154.0,124742.0,13950.0,19154.0,124742.0,13950.0,19154.0,124742.0,13950.0,19154.0,124742.0,11_512
16750.0,23790.0,112670.0,16750.0,23790.0,112670.0,16750.0,23790.0,112670.0,16750.0,23790.0,112670.0,11_52
16614.0,22088.0,116210.0,16614.0,22088.0,116210.0,16614.0,22088.0,116210.0,16614.0,22088.0,116210.0,11_53
17468.0,24657.0,110218.0,17468.0,24657.0,110218.0,17468.0,24657.0,110218.0,17468.0,24657.0,110218.0,11_54
12496.0,19489.0,125526.0,12496.0,19489.0,125526.0,12496.0,19489.0,125526.0,12496.0,19489.0,125526.0,11_55
17742.0,24670.0,109918.0,17742.0,24670.0,109918.0,17742.0,24670.0,109918.0,17742.0,24670.0,109918.0,11_56
14352.0,22753.0,117142.0,14352.0,22753.0,117142.0,14352.0,22753.0,117142.0,14352.0,22753.0,117142.0,11_57
13698.0,18551.0,126200.0,13698.0,18551.0,126200.0,13698.0,18551.0,126200.0,13698.0,18551.0,126200.0,11_58
13780.0,20141.0,122938.0,13780.0,20141.0,122938.0,13780.0,20141.0,122938.0,13780.0,20141.0,122938.0,11_59
14474.0,24798.0,112930.0,14474.0,24798.0,112930.0,14474.0,24798.0,112930.0,14474.0,24798.0,112930.0,12_10
9634.0,18725.0,129916.0,9634.0,18725.0,129916.0,9634.0,18725.0,129916.0,9634.0,18725.0,129916.0,12_11
11602.0,18012.0,129374.0,11602.0,18012.0,129374.0,11602.0,18012.0,129374.0,11602.0,18012.0,129374.0,12_110
10082.0,16862.0,133194.0,10082.0,16862.0,133194.0,10082.0,16862.0,133194.0,10082.0,16862.0,133194.0,12_111
12448.0,21533.0,121486.0,12448.0,21533.0,121486.0,12448.0,21533.0,121486.0,12448.0,21533.0,121486.0,12_112
12618.0,19726.0,124930.0,12618.0,19726.0,124930.0,12618.0,19726.0,124930.0,12618.0,19726.0,124930.0,12_113
12862.0,22350.0,119438.0,12862.0,22350.0,119438.0,12862.0,22350.0,119438.0,12862.0,22350.0,119438.0,12_114
11458.0,20532.0,124478.0,11458.0,20532.0,124478.0,11458.0,20532.0,124478.0,11458.0,20532.0,124478.0,12_115
10610.0,18406.0,129578.0,10610.0,18406.0,129578.0,10610.0,18406.0,129578.0,10610.0,18406.0,129578.0,12_116
11718.0,22477.0,120328.0,11718.0,22477.0,120328.0,11718.0,22477.0,120328.0,11718.0,22477.0,120328.0,12_12
12614.0,21958.0,120470.0,12614.0,21958.0,120470.0,12614.0,21958.0,120470.0,12614.0,21958.0,120470.0,12_13
11372.0,18907.0,127814.0,11372.0,18907.0,127814.0,11372.0,18907.0,127814.0,11372.0,18907.0,127814.0,12_14
12166.0,20727.0,123380.0,12166.0,20727.0,123380.0,12166.0,20727.0,123380.0,12166.0,20727.0,123380.0,12_15
12648.0,21786.0,120780.0,12648.0,21786.0,120780.0,12648.0,21786.0,120780.0,12648.0,21786.0,120780.0,12_16
9394.0,17857.0,131892.0,9394.0,17857.0,131892.0,9394.0,17857.0,131892.0,9394.0,17857.0,131892.0,12_17
13598.0,19641.0,124120.0,13598.0,19641.0,124120.0,13598.0,19641.0,124120.0,13598.0,19641.0,124120.0,12_18
11530.0,19669.0,126132.0,11530.0,19669.0,126132.0,11530.0,19669.0,126132.0,11530.0,19669.0,126132.0,12_19
11654.0,18584.0,128178.0,11654.0,18584.0,128178.0,11654.0,18584.0,128178.0,11654.0,18584.0,128178.0,12_20
10718.0,19656.0,126970.0,10718.0,19656.0,126970.0,10718.0,19656.0,126970.0,10718.0,19656.0,126970.0,12_21
12620.0,21239.0,121902.0,12620.0,21239.0,121902.0,12620.0,21239.0,121902.0,12620.0,21239.0,121902.0,12_210
10862.0,18484.0,129170.0,10862.0,18484.0,129170.0,10862.0,18484.0,129170.0,10862.0,18484.0,129170.0,12_211
6612.0,10755.0,148878.0,6612.0,10755.0,148878.0,6612.0,10755.0,148878.0,6612.0,10755.0,148878.0,12_212
5346.0,10272.0,151110.0,5346.0,10272.0,151110.0,5346.0,10272.0,151110.0,5346.0,10272.0,151110.0,12_213
10444.0,20050.0,126456.0,10444.0,20050.0,126456.0,10444.0,20050.0,126456.0,10444.0,20050.0,126456.0,12_214
7156.0,14248.0,141348.0,7156.0,14248.0,141348.0,7156.0,14248.0,141348.0,7156.0,14248.0,141348.0,12_215
9618.0,17035.0,133312.0,9618.0,17035.0,133312.0,9618.0,17035.0,133312.0,9618.0,17035.0,133312.0,12_216
10478.0,19343.0,127836.0,10478.0,19343.0,127836.0,10478.0,19343.0,127836.0,10478.0,19343.0,127836.0,12_217
10498.0,17854.0,130794.0,10498.0,17854.0,130794.0,10498.0,17854.0,130794.0,10498.0,17854.0,130794.0,12_218
9280.0,14937.0,137846.0,9280.0,14937.0,137846.0,9280.0,14937.0,137846.0,9280.0,14937.0,137846.0,12_219
10802.0,19798.0,126602.0,10802.0,19798.0,126602.0,10802.0,19798.0,126602.0,10802.0,19798.0,126602.0,12_22
6312.0,9554.0,151580.0,6312.0,9554.0,151580.0,6312.0,9554.0,151580.0,6312.0,9554.0,151580.0,12_220
8976.0,15510.0,137004.0,8976.0,15510.0,137004.0,8976.0,15510.0,137004.0,8976.0,15510.0,137004.0,12_221
10110.0,19054.0,128782.0,10110.0,19054.0,128782.0,10110.0,19054.0,128782.0,10110.0,19054.0,128782.0,12_23
11210.0,18153.0,129484.0,11210.0,18153.0,129484.0,11210.0,18153.0,129484.0,11210.0,18153.0,129484.0,12_24
7366.0,10820.0,147994.0,7366.0,10820.0,147994.0,7366.0,10820.0,147994.0,7366.0,10820.0,147994.0,12_25
12846.0,20406.0,123342.0,12846.0,20406.0,123342.0,12846.0,20406.0,123342.0,12846.0,20406.0,123342.0,12_26
8486.0,15274.0,137966.0,8486.0,15274.0,137966.0,8486.0,15274.0,137966.0,8486.0,15274.0,137966.0,12_27
9528.0,17082.0,133308.0,9528.0,17082.0,133308.0,9528.0,17082.0,133308.0,9528.0,17082.0,133308.0,12_28
11732.0,20445.0,124378.0,11732.0,20445.0,124378.0,11732.0,20445.0,124378.0,11732.0,20445.0,124378.0,12_29
9728.0,17488.0,132296.0,9728.0,17488.0,132296.0,9728.0,17488.0,132296.0,9728.0,17488.0,132296.0,12_30
11176.0,22089.0,121646.0,11176.0,22089.0,121646.0,11176.0,22089.0,121646.0,11176.0,22089.0,121646.0,12_31
9544.0,16173.0,135110.0,9544.0,16173.0,135110.0,9544.0,16173.0,135110.0,9544.0,16173.0,135110.0,12_310
8766.0,15979.0,136276.0,8766.0,15979.0,136276.0,8766.0,15979.0,136276.0,8766.0,15979.0,136276.0,12_311
9562.0,16935.0,133568.0,9562.0,16935.0,133568.0,9562.0,16935.0,133568.0,9562.0,16935.0,133568.0,12_312
7282.0,12392.0,144934.0,7282.0,12392.0,144934.0,7282.0,12392.0,144934.0,7282.0,12392.0,144934.0,12_313
11814.0,22743.0,119700.0,11814.0,22743.0,119700.0,11814.0,22743.0,119700.0,11814.0,22743.0,119700.0,12_314
10014.0,17919.0,131148.0,10014.0,17919.0,131148.0,10014.0,17919.0,131148.0,10014.0,17919.0,131148.0,12_315
12230.0,18723.0,127324.0,12230.0,18723.0,127324.0,12230.0,18723.0,127324.0,12230.0,18723.0,127324.0,12_316
6288.0,12074.0,146564.0,6288.0,12074.0,146564.0,6288.0,12074.0,146564.0,6288.0,12074.0,146564.0,12_317
12626.0,23564.0,117246.0,12626.0,23564.0,117246.0,12626.0,23564.0,117246.0,12626.0,23564.0,117246.0,12_32
8484.0,16734.0,135048.0,8484.0,16734.0,135048.0,8484.0,16734.0,135048.0,8484.0,16734.0,135048.0,12_33
11582.0,21632.0,122154.0,11582.0,21632.0,122154.0,11582.0,21632.0,122154.0,11582.0,21632.0,122154.0,12_34
12758.0,21954.0,120334.0,12758.0,21954.0,120334.0,12758.0,21954.0,120334.0,12758.0,21954.0,120334.0,12_35
7146.0,13369.0,143116.0,7146.0,13369.0,143116.0,7146.0,13369.0,143116.0,7146.0,13369.0,143116.0,12_36
12086.0,19125.0,126664.0,12086.0,19125.0,126664.0,12086.0,19125.0,126664.0,12086.0,19125.0,126664.0,12_37
7698.0,15812.0,137678.0,7698.0,15812.0,137678.0,7698.0,15812.0,137678.0,7698.0,15812.0,137678.0,12_38
11164.0,18506.0,128824.0,11164.0,18506.0,128824.0,11164.0,18506.0,128824.0,11164.0,18506.0,128824.0,12_39
7996.0,13392.0,142220.0,7996.0,13392.0,142220.0,7996.0,13392.0,142220.0,7996.0,13392.0,142220.0,12_40
11130.0,18870.0,128130.0,11130.0,18870.0,128130.0,11130.0,18870.0,128130.0,11130.0,18870.0,128130.0,12_41
6944.0,14362.0,141332.0,6944.0,14362.0,141332.0,6944.0,14362.0,141332.0,6944.0,14362.0,141332.0,12_410
11996.0,21830.0,121344.0,11996.0,21830.0,121344.0,11996.0,21830.0,121344.0,11996.0,21830.0,121344.0,12_411
12822.0,23496.0,117186.0,12822.0,23496.0,117186.0,12822.0,23496.0,117186.0,12822.0,23496.0,117186.0,12_412
5796.0,10266.0,150672.0,5796.0,10266.0,150672.0,5796.0,10266.0,150672.0,5796.0,10266.0,150672.0,12_413
7916.0,14172.0,140740.0,7916.0,14172.0,140740.0,7916.0,14172.0,140740.0,7916.0,14172.0,140740.0,12_414
10250.0,19481.0,127788.0,10250.0,19481.0,127788.0,10250.0,19481.0,127788.0,10250.0,19481.0,127788.0,12_415
8598.0,15875.0,136652.0,8598.0,15875.0,136652.0,8598.0,15875.0,136652.0,8598.0,15875.0,136652.0,12_416
8418.0,17121.0,134340.0,8418.0,17121.0,134340.0,8418.0,17121.0,134340.0,8418.0,17121.0,134340.0,12_417
10888.0,22241.0,121630.0,10888.0,22241.0,121630.0,10888.0,22241.0,121630.0,10888.0,22241.0,121630.0,12_418
6700.0,12802.0,144696.0,6700.0,12802.0,144696.0,6700.0,12802.0,144696.0,6700.0,12802.0,144696.0,12_419
11158.0,19952.0,125938.0,11158.0,19952.0,125938.0,11158.0,19952.0,125938.0,11158.0,19952.0,125938.0,12_42
10308.0,17011.0,132670.0,10308.0,17011.0,132670.0,10308.0,17011.0,132670.0,10308.0,17011.0,132670.0,12_420
10066.0,16070.0,134794.0,10066.0,16070.0,134794.0,10066.0,16070.0,134794.0,10066.0,16070.0,134794.0,12_43
11946.0,18794.0,127466.0,11946.0,18794.0,127466.0,11946.0,18794.0,127466.0,11946.0,18794.0,127466.0,12_44
8812.0,14551.0,139086.0,8812.0,14551.0,139086.0,8812.0,14551.0,139086.0,8812.0,14551.0,139086.0,12_45
13124.0,22612.0,118652.0,13124.0,22612.0,118652.0,13124.0,22612.0,118652.0,13124.0,22612.0,118652.0,12_46
4936.0,11124.0,149816.0,4936.0,11124.0,149816.0,4936.0,11124.0,149816.0,4936.0,11124.0,149816.0,12_47
6384.0,12004.0,146608.0,6384.0,12004.0,146608.0,6384.0,12004.0,146608.0,6384.0,12004.0,146608.0,12_48
9418.0,17880.0,131822.0,9418.0,17880.0,131822.0,9418.0,17880.0,131822.0,9418.0,17880.0,131822.0,12_49
15958.0,20573.0,119896.0,15958.0,20573.0,119896.0,15958.0,20573.0,119896.0,15958.0,20573.0,119896.0,13_10
18404.0,22960.0,112676.0,18404.0,22960.0,112676.0,18404.0,22960.0,112676.0,18404.0,22960.0,112676.0,13_11
18372.0,19392.0,119844.0,18372.0,19392.0,119844.0,18372.0,19392.0,119844.0,18372.0,19392.0,119844.0,13_110
13954.0,19752.0,123542.0,13954.0,19752.0,123542.0,13954.0,19752.0,123542.0,13954.0,19752.0,123542.0,13_111
15008.0,19491.0,123010.0,15008.0,19491.0,123010.0,15008.0,19491.0,123010.0,15008.0,19491.0,123010.0,13_112
17034.0,22327.0,115312.0,17034.0,22327.0,115312.0,17034.0,22327.0,115312.0,17034.0,22327.0,115312.0,13_12
19318.0,23036.0,111610.0,19318.0,23036.0,111610.0,19318.0,23036.0,111610.0,19318.0,23036.0,111610.0,13_13
14154.0,21382.0,120082.0,14154.0,21382.0,120082.0,14154.0,21382.0,120082.0,14154.0,21382.0,120082.0,13_14
13198.0,18397.0,127008.0,13198.0,18397.0,127008.0,13198.0,18397.0,127008.0,13198.0,18397.0,127008.0,13_15
17716.0,23786.0,111712.0,17716.0,23786.0,111712.0,17716.0,23786.0,111712.0,17716.0,23786.0,111712.0,13_16
18854.0,21939.0,114268.0,18854.0,21939.0,114268.0,18854.0,21939.0,114268.0,18854.0,21939.0,114268.0,13_17
16410.0,20693.0,119204.0,16410.0,20693.0,119204.0,16410.0,20693.0,119204.0,16410.0,20693.0,119204.0,13_18
17358.0,20993.0,117656.0,17358.0,20993.0,117656.0,17358.0,20993.0,117656.0,17358.0,20993.0,117656.0,13_19
20922.0,24389.0,107300.0,20922.0,24389.0,107300.0,20922.0,24389.0,107300.0,20922.0,24389.0,107300.0,13_20
17500.0,20139.0,119222.0,17500.0,20139.0,119222.0,17500.0,20139.0,119222.0,17500.0,20139.0,119222.0,13_21
16470.0,19727.0,121076.0,16470.0,19727.0,121076.0,16470.0,19727.0,121076.0,16470.0,19727.0,121076.0,13_210
14968.0,17478.0,127076.0,14968.0,17478.0,127076.0,14968.0,17478.0,127076.0,14968.0,17478.0,127076.0,13_211
12374.0,15673.0,133280.0,12374.0,15673.0,133280.0,12374.0,15673.0,133280.0,12374.0,15673.0,133280.0,13_212
16712.0,17147.0,125994.0,16712.0,17147.0,125994.0,16712.0,17147.0,125994.0,16712.0,17147.0,125994.0,13_213
16754.0,20226.0,119794.0,16754.0,20226.0,119794.0,16754.0,20226.0,119794.0,16754.0,20226.0,119794.0,13_214
15272.0,18525.0,124678.0,15272.0,18525.0,124678.0,15272.0,18525.0,124678.0,15272.0,18525.0,124678.0,13_22
15188.0,18377.0,125058.0,15188.0,18377.0,125058.0,15188.0,18377.0,125058.0,15188.0,18377.0,125058.0,13_23
15922.0,20743.0,119592.0,15922.0,20743.0,119592.0,15922.0,20743.0,119592.0,15922.0,20743.0,119592.0,13_24
15812.0,18462.0,124264.0,15812.0,18462.0,124264.0,15812.0,18462.0,124264.0,15812.0,18462.0,124264.0,13_25
15744.0,21673.0,117910.0,15744.0,21673.0,117910.0,15744.0,21673.0,117910.0,15744.0,21673.0,117910.0,13_26
19888.0,22605.0,111902.0,19888.0,22605.0,111902.0,19888.0,22605.0,111902.0,19888.0,22605.0,111902.0,13_27
13814.0,16046.0,131094.0,13814.0,16046.0,131094.0,13814.0,16046.0,131094.0,13814.0,16046.0,131094.0,13_28
17126.0,18289.0,123296.0,17126.0,18289.0,123296.0,17126.0,18289.0,123296.0,17126.0,18289.0,123296.0,13_29
20982.0,21854.0,112310.0,20982.0,21854.0,112310.0,20982.0,21854.0,112310.0,20982.0,21854.0,112310.0,13_30
18974.0,22048.0,113930.0,18974.0,22048.0,113930.0,18974.0,22048.0,113930.0,18974.0,22048.0,113930.0,13_31
19698.0,20830.0,115642.0,19698.0,20830.0,115642.0,19698.0,20830.0,115642.0,19698.0,20830.0,115642.0,13_310
14312.0,18085.0,126518.0,14312.0,18085.0,126518.0,14312.0,18085.0,126518.0,14312.0,18085.0,126518.0,13_311
18008.0,18059.0,122874.0,18008.0,18059.0,122874.0,18008.0,18059.0,122874.0,18008.0,18059.0,122874.0,13_312
17286.0,20127.0,119460.0,17286.0,20127.0,119460.0,17286.0,20127.0,119460.0,17286.0,20127.0,119460.0,13_32
18028.0,20612.0,117748.0,18028.0,20612.0,117748.0,18028.0,20612.0,117748.0,18028.0,20612.0,117748.0,13_33
17390.0,19174.0,121262.0,17390.0,19174.0,121262.0,17390.0,19174.0,121262.0,17390.0,19174.0,121262.0,13_34
18002.0,20727.0,117544.0,18002.0,20727.0,117544.0,18002.0,20727.0,117544.0,18002.0,20727.0,117544.0,13_35
17354.0,20404.0,118838.0,17354.0,20404.0,118838.0,17354.0,20404.0,118838.0,17354.0,20404.0,118838.0,13_36
17218.0,20150.0,119482.0,17218.0,20150.0,119482.0,17218.0,20150.0,119482.0,17218.0,20150.0,119482.0,13_37
16550.0,20602.0,119246.0,16550.0,20602.0,119246.0,16550.0,20602.0,119246.0,16550.0,20602.0,119246.0,13_38
17100.0,20803.0,118294.0,17100.0,20803.0,118294.0,17100.0,20803.0,118294.0,17100.0,20803.0,118294.0,13_39
10090.0,21921.0,123068.0,10090.0,21921.0,123068.0,10090.0,21921.0,123068.0,10090.0,21921.0,123068.0,13_40
9972.0,21270.0,124488.0,9972.0,21270.0,124488.0,9972.0,21270.0,124488.0,9972.0,21270.0,124488.0,13_41
10954.0,20746.0,124554.0,10954.0,20746.0,124554.0,10954.0,20746.0,124554.0,10954.0,20746.0,124554.0,13_410
10330.0,18423.0,129824.0,10330.0,18423.0,129824.0,10330.0,18423.0,129824.0,10330.0,18423.0,129824.0,13_411
9064.0,18275.0,131386.0,9064.0,18275.0,131386.0,9064.0,18275.0,131386.0,9064.0,18275.0,131386.0,13_412
10622.0,20789.0,124800.0,10622.0,20789.0,124800.0,10622.0,20789.0,124800.0,10622.0,20789.0,124800.0,13_413
10890.0,20017.0,126076.0,10890.0,20017.0,126076.0,10890.0,20017.0,126076.0,10890.0,20017.0,126076.0,13_414
8986.0,17319.0,133376.0,8986.0,17319.0,133376.0,8986.0,17319.0,133376.0,8986.0,17319.0,133376.0,13_415
10454.0,20224.0,126098.0,10454.0,20224.0,126098.0,10454.0,20224.0,126098.0,10454.0,20224.0,126098.0,13_416
10236.0,16509.0,133746.0,10236.0,16509.0,133746.0,10236.0,16509.0,133746.0,10236.0,16509.0,133746.0,13_417
7972.0,17264.0,134500.0,7972.0,17264.0,134500.0,7972.0,17264.0,134500.0,7972.0,17264.0,134500.0,13_42
9968.0,18672.0,129688.0,9968.0,18672.0,129688.0,9968.0,18672.0,129688.0,9968.0,18672.0,129688.0,13_43
13134.0,21704.0,120458.0,13134.0,21704.0,120458.0,13134.0,21704.0,120458.0,13134.0,21704.0,120458.0,13_44
10002.0,21534.0,123930.0,10002.0,21534.0,123930.0,10002.0,21534.0,123930.0,10002.0,21534.0,123930.0,13_45
10062.0,18296.0,130346.0,10062.0,18296.0,130346.0,10062.0,18296.0,130346.0,10062.0,18296.0,130346.0,13_46
10566.0,18517.0,129400.0,10566.0,18517.0,129400.0,10566.0,18517.0,129400.0,10566.0,18517.0,129400.0,13_47
10220.0,20404.0,125972.0,10220.0,20404.0,125972.0,10220.0,20404.0,125972.0,10220.0,20404.0,125972.0,13_48
12554.0,21863.0,120720.0,12554.0,21863.0,120720.0,12554.0,21863.0,120720.0,12554.0,21863.0,120720.0,13_49
10426.0,23309.0,119956.0,10426.0,23309.0,119956.0,10426.0,23309.0,119956.0,10426.0,23309.0,119956.0,13_50
9312.0,19709.0,128270.0,9312.0,19709.0,128270.0,9312.0,19709.0,128270.0,9312.0,19709.0,128270.0,13_51
9658.0,19422.0,128498.0,9658.0,19422.0,128498.0,9658.0,19422.0,128498.0,9658.0,19422.0,128498.0,13_510
9938.0,20647.0,125768.0,9938.0,20647.0,125768.0,9938.0,20647.0,125768.0,9938.0,20647.0,125768.0,13_511
11616.0,22041.0,121302.0,11616.0,22041.0,121302.0,11616.0,22041.0,121302.0,11616.0,22041.0,121302.0,13_512
9352.0,19933.0,127782.0,9352.0,19933.0,127782.0,9352.0,19933.0,127782.0,9352.0,19933.0,127782.0,13_513
9716.0,22940.0,121404.0,9716.0,22940.0,121404.0,9716.0,22940.0,121404.0,9716.0,22940.0,121404.0,13_514
9042.0,21384.0,125190.0,9042.0,21384.0,125190.0,9042.0,21384.0,125190.0,9042.0,21384.0,125190.0,13_515
11020.0,20474.0,125032.0,11020.0,20474.0,125032.0,11020.0,20474.0,125032.0,11020.0,20474.0,125032.0,13_52
11022.0,20468.0,125042.0,11022.0,20468.0,125042.0,11022.0,20468.0,125042.0,11022.0,20468.0,125042.0,13_53
9018.0,17039.0,133904.0,9018.0,17039.0,133904.0,9018.0,17039.0,133904.0,9018.0,17039.0,133904.0,13_54
11332.0,23341.0,118986.0,11332.0,23341.0,118986.0,11332.0,23341.0,118986.0,11332.0,23341.0,118986.0,13_55
10158.0,20962.0,124918.0,10158.0,20962.0,124918.0,10158.0,20962.0,124918.0,10158.0,20962.0,124918.0,13_56
9892.0,21203.0,124702.0,9892.0,21203.0,124702.0,9892.0,21203.0,124702.0,9892.0,21203.0,124702.0,13_57
10826.0,22878.0,120418.0,10826.0,22878.0,120418.0,10826.0,22878.0,120418.0,10826.0,22878.0,120418.0,13_58
10050.0,21994.0,122962.0,10050.0,21994.0,122962.0,10050.0,21994.0,122962.0,10050.0,21994.0,122962.0,13_59
11376.0,16577.0,132470.0,11376.0,16577.0,132470.0,11376.0,16577.0,132470.0,11376.0,16577.0,132470.0,1_10
11412.0,16860.0,131868.0,11412.0,16860.0,131868.0,11412.0,16860.0,131868.0,11412.0,16860.0,131868.0,1_11
12128.0,20019.0,124834.0,12128.0,20019.0,124834.0,12128.0,20019.0,124834.0,12128.0,20019.0,124834.0,1_110
10558.0,17792.0,130858.0,10558.0,17792.0,130858.0,10558.0,17792.0,130858.0,10558.0,17792.0,130858.0,1_111
11332.0,21414.0,122840.0,11332.0,21414.0,122840.0,11332.0,21414.0,122840.0,11332.0,21414.0,122840.0,1_112
8352.0,15254.0,138140.0,8352.0,15254.0,138140.0,8352.0,15254.0,138140.0,8352.0,15254.0,138140.0,1_113
12042.0,21591.0,121776.0,12042.0,21591.0,121776.0,12042.0,21591.0,121776.0,12042.0,21591.0,121776.0,1_114
8980.0,18128.0,131764.0,8980.0,18128.0,131764.0,8980.0,18128.0,131764.0,8980.0,18128.0,131764.0,1_115
10598.0,18866.0,128670.0,10598.0,18866.0,128670.0,10598.0,18866.0,128670.0,10598.0,18866.0,128670.0,1_116
11762.0,18569.0,128100.0,11762.0,18569.0,128100.0,11762.0,18569.0,128100.0,11762.0,18569.0,128100.0,1_12
12318.0,18203.0,128276.0,12318.0,18203.0,128276.0,12318.0,18203.0,128276.0,12318.0,18203.0,128276.0,1_13
9342.0,16976.0,133706.0,9342.0,16976.0,133706.0,9342.0,16976.0,133706.0,9342.0,16976.0,133706.0,1_14
10564.0,17065.0,132306.0,10564.0,17065.0,132306.0,10564.0,17065.0,132306.0,10564.0,17065.0,132306.0,1_15
9776.0,16981.0,133262.0,9776.0,16981.0,133262.0,9776.0,16981.0,133262.0,9776.0,16981.0,133262.0,1_16
8996.0,16595.0,134814.0,8996.0,16595.0,134814.0,8996.0,16595.0,134814.0,8996.0,16595.0,134814.0,1_17
10314.0,18305.0,130076.0,10314.0,18305.0,130076.0,10314.0,18305.0,130076.0,10314.0,18305.0,130076.0,1_18
11752.0,19685.0,125878.0,11752.0,19685.0,125878.0,11752.0,19685.0,125878.0,11752.0,19685.0,125878.0,1_19
10512.0,18873.0,128742.0,10512.0,18873.0,128742.0,10512.0,18873.0,128742.0,10512.0,18873.0,128742.0,1_20
11266.0,20012.0,125710.0,11266.0,20012.0,125710.0,11266.0,20012.0,125710.0,11266.0,20012.0,125710.0,1_21
8110.0,16666.0,135558.0,8110.0,16666.0,135558.0,8110.0,16666.0,135558.0,8110.0,16666.0,135558.0,1_210
10172.0,18431.0,129966.0,10172.0,18431.0,129966.0,10172.0,18431.0,129966.0,10172.0,18431.0,129966.0,1_211
11940.0,20694.0,123672.0,11940.0,20694.0,123672.0,11940.0,20694.0,123672.0,11940.0,20694.0,123672.0,1_212
9346.0,16427.0,134800.0,9346.0,16427.0,134800.0,9346.0,16427.0,134800.0,9346.0,16427.0,134800.0,1_213
12334.0,20058.0,124550.0,12334.0,20058.0,124550.0,12334.0,20058.0,124550.0,12334.0,20058.0,124550.0,1_214
12074.0,20964.0,122998.0,12074.0,20964.0,122998.0,12074.0,20964.0,122998.0,12074.0,20964.0,122998.0,1_22
12654.0,21271.0,121804.0,12654.0,21271.0,121804.0,12654.0,21271.0,121804.0,12654.0,21271.0,121804.0,1_23
11820.0,21334.0,122512.0,11820.0,21334.0,122512.0,11820.0,21334.0,122512.0,11820.0,21334.0,122512.0,1_24
9304.0,17892.0,131912.0,9304.0,17892.0,131912.0,9304.0,17892.0,131912.0,9304.0,17892.0,131912.0,1_25
8084.0,13770.0,141376.0,8084.0,13770.0,141376.0,8084.0,13770.0,141376.0,8084.0,13770.0,141376.0,1_26
10840.0,17578.0,131004.0,10840.0,17578.0,131004.0,10840.0,17578.0,131004.0,10840.0,17578.0,131004.0,1_27
11154.0,21630.0,122586.0,11154.0,21630.0,122586.0,11154.0,21630.0,122586.0,11154.0,21630.0,122586.0,1_28
10486.0,18968.0,128578.0,10486.0,18968.0,128578.0,10486.0,18968.0,128578.0,10486.0,18968.0,128578.0,1_29
11558.0,20211.0,125020.0,11558.0,20211.0,125020.0,11558.0,20211.0,125020.0,11558.0,20211.0,125020.0,1_30
12074.0,20141.0,124644.0,12074.0,20141.0,124644.0,12074.0,20141.0,124644.0,12074.0,20141.0,124644.0,1_31
12818.0,20088.0,124006.0,12818.0,20088.0,124006.0,12818.0,20088.0,124006.0,12818.0,20088.0,124006.0,1_310
11090.0,18877.0,128156.0,11090.0,18877.0,128156.0,11090.0,18877.0,128156.0,11090.0,18877.0,128156.0,1_311
5964.0,10787.0,149462.0,5964.0,10787.0,149462.0,5964.0,10787.0,149462.0,5964.0,10787.0,149462.0,1_312
12008.0,20686.0,123620.0,12008.0,20686.0,123620.0,12008.0,20686.0,123620.0,12008.0,20686.0,123620.0,1_313
12084.0,20233.0,124450.0,12084.0,20233.0,124450.0,12084.0,20233.0,124450.0,12084.0,20233.0,124450.0,1_314
12840.0,20812.0,122536.0,12840.0,20812.0,122536.0,12840.0,20812.0,122536.0,12840.0,20812.0,122536.0,1_32
11386.0,17080.0,131454.0,11386.0,17080.0,131454.0,11386.0,17080.0,131454.0,11386.0,17080.0,131454.0,1_33
9728.0,17394.0,132484.0,9728.0,17394.0,132484.0,9728.0,17394.0,132484.0,9728.0,17394.0,132484.0,1_34
11152.0,19960.0,125928.0,11152.0,19960.0,125928.0,11152.0,19960.0,125928.0,11152.0,19960.0,125928.0,1_35
10304.0,17840.0,131016.0,10304.0,17840.0,131016.0,10304.0,17840.0,131016.0,10304.0,17840.0,131016.0,1_36
13498.0,23020.0,117462.0,13498.0,23020.0,117462.0,13498.0,23020.0,117462.0,13498.0,23020.0,117462.0,1_37
10234.0,16085.0,134596.0,10234.0,16085.0,134596.0,10234.0,16085.0,134596.0,10234.0,16085.0,134596.0,1_38
11012.0,18296.0,129396.0,11012.0,18296.0,129396.0,11012.0,18296.0,129396.0,11012.0,18296.0,129396.0,1_39
10338.0,21785.0,123092.0,10338.0,21785.0,123092.0,10338.0,21785.0,123092.0,10338.0,21785.0,123092.0,1_40
10140.0,21735.0,123390.0,10140.0,21735.0,123390.0,10140.0,21735.0,123390.0,10140.0,21735.0,123390.0,1_41
9306.0,17287.0,133120.0,9306.0,17287.0,133120.0,9306.0,17287.0,133120.0,9306.0,17287.0,133120.0,1_410
8802.0,15670.0,136858.0,8802.0,15670.0,136858.0,8802.0,15670.0,136858.0,8802.0,15670.0,136858.0,1_411
10782.0,18913.0,128392.0,10782.0,18913.0,128392.0,10782.0,18913.0,128392.0,10782.0,18913.0,128392.0,1_412
10520.0,21653.0,123174.0,10520.0,21653.0,123174.0,10520.0,21653.0,123174.0,10520.0,21653.0,123174.0,1_42
10982.0,20938.0,124142.0,10982.0,20938.0,124142.0,10982.0,20938.0,124142.0,10982.0,20938.0,124142.0,1_43
10282.0,21396.0,123926.0,10282.0,21396.0,123926.0,10282.0,21396.0,123926.0,10282.0,21396.0,123926.0,1_44
10386.0,20885.0,124844.0,10386.0,20885.0,124844.0,10386.0,20885.0,124844.0,10386.0,20885.0,124844.0,1_45
12784.0,24203.0,115810.0,12784.0,24203.0,115810.0,12784.0,24203.0,115810.0,12784.0,24203.0,115810.0,1_46
10136.0,20992.0,124880.0,10136.0,20992.0,124880.0,10136.0,20992.0,124880.0,10136.0,20992.0,124880.0,1_47
9304.0,17535.0,132626.0,9304.0,17535.0,132626.0,9304.0,17535.0,132626.0,9304.0,17535.0,132626.0,1_48
11288.0,23151.0,119410.0,11288.0,23151.0,119410.0,11288.0,23151.0,119410.0,11288.0,23151.0,119410.0,1_49
13168.0,20277.0,123278.0,13168.0,20277.0,123278.0,13168.0,20277.0,123278.0,13168.0,20277.0,123278.0,1_50
12970.0,19950.0,124130.0,12970.0,19950.0,124130.0,12970.0,19950.0,124130.0,12970.0,19950.0,124130.0,1_51
7598.0,14327.0,140748.0,7598.0,14327.0,140748.0,7598.0,14327.0,140748.0,7598.0,14327.0,140748.0,1_510
10654.0,17337.0,131672.0,10654.0,17337.0,131672.0,10654.0,17337.0,131672.0,10654.0,17337.0,131672.0,1_511
10506.0,17306.0,131882.0,10506.0,17306.0,131882.0,10506.0,17306.0,131882.0,10506.0,17306.0,131882.0,1_512
7300.0,13267.0,143166.0,7300.0,13267.0,143166.0,7300.0,13267.0,143166.0,7300.0,13267.0,143166.0,1_513
11926.0,17074.0,130926.0,11926.0,17074.0,130926.0,11926.0,17074.0,130926.0,11926.0,17074.0,130926.0,1_514
11004.0,17582.0,130832.0,11004.0,17582.0,130832.0,11004.0,17582.0,130832.0,11004.0,17582.0,130832.0,1_515
10994.0,17544.0,130918.0,10994.0,17544.0,130918.0,10994.0,17544.0,130918.0,10994.0,17544.0,130918.0,1_516
10928.0,19522.0,127028.0,10928.0,19522.0,127028.0,10928.0,19522.0,127028.0,10928.0,19522.0,127028.0,1_52
12712.0,21186.0,121916.0,12712.0,21186.0,121916.0,12712.0,21186.0,121916.0,12712.0,21186.0,121916.0,1_53
11028.0,15477.0,135018.0,11028.0,15477.0,135018.0,11028.0,15477.0,135018.0,11028.0,15477.0,135018.0,1_54
11306.0,16664.0,132366.0,11306.0,16664.0,132366.0,11306.0,16664.0,132366.0,11306.0,16664.0,132366.0,1_55
9852.0,16523.0,134102.0,9852.0,16523.0,134102.0,9852.0,16523.0,134102.0,9852.0,16523.0,134102.0,1_56
10784.0,17381.0,131454.0,10784.0,17381.0,131454.0,10784.0,17381.0,131454.0,10784.0,17381.0,131454.0,1_57
10892.0,18613.0,128882.0,10892.0,18613.0,128882.0,10892.0,18613.0,128882.0,10892.0,18613.0,128882.0,1_58
11064.0,19785.0,126366.0,11064.0,19785.0,126366.0,11064.0,19785.0,126366.0,11064.0,19785.0,126366.0,1_59
13926.0,22051.0,118972.0,13926.0,22051.0,118972.0,13926.0,22051.0,118972.0,13926.0,22051.0,118972.0,2_10
11602.0,21437.0,122524.0,11602.0,21437.0,122524.0,11602.0,21437.0,122524.0,11602.0,21437.0,122524.0,2_11
9020.0,15447.0,137086.0,9020.0,15447.0,137086.0,9020.0,15447.0,137086.0,9020.0,15447.0,137086.0,2_110
10490.0,20446.0,125618.0,10490.0,20446.0,125618.0,10490.0,20446.0,125618.0,10490.0,20446.0,125618.0,2_111
12366.0,20875.0,122884.0,12366.0,20875.0,122884.0,12366.0,20875.0,122884.0,12366.0,20875.0,122884.0,2_112
12084.0,20094.0,124728.0,12084.0,20094.0,124728.0,12084.0,20094.0,124728.0,12084.0,20094.0,124728.0,2_113
13504.0,21616.0,120264.0,13504.0,21616.0,120264.0,13504.0,21616.0,120264.0,13504.0,21616.0,120264.0,2_12
12032.0,21681.0,121606.0,12032.0,21681.0,121606.0,12032.0,21681.0,121606.0,12032.0,21681.0,121606.0,2_13
8678.0,15601.0,137120.0,8678.0,15601.0,137120.0,8678.0,15601.0,137120.0,8678.0,15601.0,137120.0,2_14
11304.0,18789.0,128118.0,11304.0,18789.0,128118.0,11304.0,18789.0,128118.0,11304.0,18789.0,128118.0,2_15
11286.0,19720.0,126274.0,11286.0,19720.0,126274.0,11286.0,19720.0,126274.0,11286.0,19720.0,126274.0,2_16
13850.0,23282.0,116586.0,13850.0,23282.0,116586.0,13850.0,23282.0,116586.0,13850.0,23282.0,116586.0,2_17
12948.0,19495.0,125062.0,12948.0,19495.0,125062.0,12948.0,19495.0,125062.0,12948.0,19495.0,125062.0,2_18
12092.0,20393.0,124122.0,12092.0,20393.0,124122.0,12092.0,20393.0,124122.0,12092.0,20393.0,124122.0,2_19
9232.0,15951.0,135866.0,9232.0,15951.0,135866.0,9232.0,15951.0,135866.0,9232.0,15951.0,135866.0,2_20
8778.0,18609.0,131004.0,8778.0,18609.0,131004.0,8778.0,18609.0,131004.0,8778.0,18609.0,131004.0,2_21
9184.0,17447.0,132922.0,9184.0,17447.0,132922.0,9184.0,17447.0,132922.0,9184.0,17447.0,132922.0,2_210
10056.0,18647.0,129650.0,10056.0,18647.0,129650.0,10056.0,18647.0,129650.0,10056.0,18647.0,129650.0,2_211
6168.0,13569.0,143694.0,6168.0,13569.0,143694.0,6168.0,13569.0,143694.0,6168.0,13569.0,143694.0,2_212
10724.0,20097.0,126082.0,10724.0,20097.0,126082.0,10724.0,20097.0,126082.0,10724.0,20097.0,126082.0,2_213
9362.0,17892.0,131854.0,9362.0,17892.0,131854.0,9362.0,17892.0,131854.0,9362.0,17892.0,131854.0,2_214
9062.0,18260.0,131418.0,9062.0,18260.0,131418.0,9062.0,18260.0,131418.0,9062.0,18260.0,131418.0,2_215
7992.0,14630.0,139748.0,7992.0,14630.0,139748.0,7992.0,14630.0,139748.0,7992.0,14630.0,139748.0,2_216
11206.0,21318.0,123158.0,11206.0,21318.0,123158.0,11206.0,21318.0,123158.0,11206.0,21318.0,123158.0,2_22
8994.0,16926.0,134154.0,8994.0,16926.0,134154.0,8994.0,16926.0,134154.0,8994.0,16926.0,134154.0,2_23
10622.0,19408.0,127562.0,10622.0,19408.0,127562.0,10622.0,19408.0,127562.0,10622.0,19408.0,127562.0,2_24
7418.0,16658.0,136266.0,7418.0,16658.0,136266.0,7418.0,16658.0,136266.0,7418.0,16658.0,136266.0,2_25
11326.0,18389.0,128896.0,11326.0,18389.0,128896.0,11326.0,18389.0,128896.0,11326.0,18389.0,128896.0,2_26
8686.0,18245.0,131824.0,8686.0,18245.0,131824.0,8686.0,18245.0,131824.0,8686.0,18245.0,131824.0,2_27
9208.0,17718.0,132356.0,9208.0,17718.0,132356.0,9208.0,17718.0,132356.0,9208.0,17718.0,132356.0,2_28
9444.0,18340.0,130876.0,9444.0,18340.0,130876.0,9444.0,18340.0,130876.0,9444.0,18340.0,130876.0,2_29
10228.0,19141.0,128490.0,10228.0,19141.0,128490.0,10228.0,19141.0,128490.0,10228.0,19141.0,128490.0,2_30
9214.0,17548.0,132690.0,9214.0,17548.0,132690.0,9214.0,17548.0,132690.0,9214.0,17548.0,132690.0,2_31
8160.0,16411.0,136018.0,8160.0,16411.0,136018.0,8160.0,16411.0,136018.0,8160.0,16411.0,136018.0,2_310
8806.0,16616.0,134962.0,8806.0,16616.0,134962.0,8806.0,16616.0,134962.0,8806.0,16616.0,134962.0,2_311
8370.0,17012.0,134606.0,8370.0,17012.0,134606.0,8370.0,17012.0,134606.0,8370.0,17012.0,134606.0,2_312
11608.0,22023.0,121346.0,11608.0,22023.0,121346.0,11608.0,22023.0,121346.0,11608.0,22023.0,121346.0,2_313
7160.0,14913.0,140014.0,7160.0,14913.0,140014.0,7160.0,14913.0,140014.0,7160.0,14913.0,140014.0,2_314
9220.0,19234.0,129312.0,9220.0,19234.0,129312.0,9220.0,19234.0,129312.0,9220.0,19234.0,129312.0,2_315
10648.0,19102.0,128148.0,10648.0,19102.0,128148.0,10648.0,19102.0,128148.0,10648.0,19102.0,128148.0,2_32
9912.0,19401.0,128286.0,9912.0,19401.0,128286.0,9912.0,19401.0,128286.0,9912.0,19401.0,128286.0,2_33
10412.0,20951.0,124686.0,10412.0,20951.0,124686.0,10412.0,20951.0,124686.0,10412.0,20951.0,124686.0,2_34
7848.0,17264.0,134624.0,7848.0,17264.0,134624.0,7848.0,17264.0,134624.0,7848.0,17264.0,134624.0,2_35
9340.0,17371.0,132918.0,9340.0,17371.0,132918.0,9340.0,17371.0,132918.0,9340.0,17371.0,132918.0,2_36
10418.0,20707.0,125168.0,10418.0,20707.0,125168.0,10418.0,20707.0,125168.0,10418.0,20707.0,125168.0,2_37
9994.0,20836.0,125334.0,9994.0,20836.0,125334.0,9994.0,20836.0,125334.0,9994.0,20836.0,125334.0,2_38
11548.0,20016.0,125420.0,11548.0,20016.0,125420.0,11548.0,20016.0,125420.0,11548.0,20016.0,125420.0,2_39
12130.0,20350.0,124170.0,12130.0,20350.0,124170.0,12130.0,20350.0,124170.0,12130.0,20350.0,124170.0,2_40
9456.0,19556.0,128432.0,9456.0,19556.0,128432.0,9456.0,19556.0,128432.0,9456.0,19556.0,128432.0,2_41
8016.0,17182.0,134620.0,8016.0,17182.0,134620.0,8016.0,17182.0,134620.0,8016.0,17182.0,134620.0,2_410
9746.0,16046.0,135162.0,9746.0,16046.0,135162.0,9746.0,16046.0,135162.0,9746.0,16046.0,135162.0,2_411
6544.0,13655.0,143146.0,6544.0,13655.0,143146.0,6544.0,13655.0,143146.0,6544.0,13655.0,143146.0,2_412
11708.0,23243.0,118806.0,11708.0,23243.0,118806.0,11708.0,23243.0,118806.0,11708.0,23243.0,118806.0,2_413
9056.0,16149.0,135646.0,9056.0,16149.0,135646.0,9056.0,16149.0,135646.0,9056.0,16149.0,135646.0,2_414
11380.0,19233.0,127154.0,11380.0,19233.0,127154.0,11380.0,19233.0,127154.0,11380.0,19233.0,127154.0,2_415
12834.0,20470.0,123226.0,12834.0,20470.0,123226.0,12834.0,20470.0,123226.0,12834.0,20470.0,123226.0,2_416
11582.0,19701.0,126016.0,11582.0,19701.0,126016.0,11582.0,19701.0,126016.0,11582.0,19701.0,126016.0,2_42
9850.0,18316.0,130518.0,9850.0,18316.0,130518.0,9850.0,18316.0,130518.0,9850.0,18316.0,130518.0,2_43
10130.0,20195.0,126480.0,10130.0,20195.0,126480.0,10130.0,20195.0,126480.0,10130.0,20195.0,126480.0,2_44
9112.0,18530.0,130828.0,9112.0,18530.0,130828.0,9112.0,18530.0,130828.0,9112.0,18530.0,130828.0,2_45
9176.0,15482.0,136860.0,9176.0,15482.0,136860.0,9176.0,15482.0,136860.0,9176.0,15482.0,136860.0,2_46
7484.0,14306.0,140904.0,7484.0,14306.0,140904.0,7484.0,14306.0,140904.0,7484.0,14306.0,140904.0,2_47
9878.0,15561.0,136000.0,9878.0,15561.0,136000.0,9878.0,15561.0,136000.0,9878.0,15561.0,136000.0,2_48
12158.0,20222.0,124398.0,12158.0,20222.0,124398.0,12158.0,20222.0,124398.0,12158.0,20222.0,124398.0,2_49
10050.0,16965.0,133020.0,10050.0,16965.0,133020.0,10050.0,16965.0,133020.0,10050.0,16965.0,133020.0,2_50
8514.0,17254.0,133978.0,8514.0,17254.0,133978.0,8514.0,17254.0,133978.0,8514.0,17254.0,133978.0,2_51
11196.0,18716.0,128372.0,11196.0,18716.0,128372.0,11196.0,18716.0,128372.0,11196.0,18716.0,128372.0,2_510
7058.0,15344.0,139254.0,7058.0,15344.0,139254.0,7058.0,15344.0,139254.0,7058.0,15344.0,139254.0,2_511
10964.0,19857.0,126322.0,10964.0,19857.0,126322.0,10964.0,19857.0,126322.0,10964.0,19857.0,126322.0,2_512
10250.0,18690.0,129370.0,10250.0,18690.0,129370.0,10250.0,18690.0,129370.0,10250.0,18690.0,129370.0,2_513
9910.0,18033.0,131024.0,9910.0,18033.0,131024.0,9910.0,18033.0,131024.0,9910.0,18033.0,131024.0,2_514
12318.0,22244.0,120194.0,12318.0,22244.0,120194.0,12318.0,22244.0,120194.0,12318.0,22244.0,120194.0,2_52
10432.0,20281.0,126006.0,10432.0,20281.0,126006.0,10432.0,20281.0,126006.0,10432.0,20281.0,126006.0,2_53
9974.0,18866.0,129294.0,9974.0,18866.0,129294.0,9974.0,18866.0,129294.0,9974.0,18866.0,129294.0,2_54
11762.0,16960.0,131318.0,11762.0,16960.0,131318.0,11762.0,16960.0,131318.0,11762.0,16960.0,131318.0,2_55
8944.0,16563.0,134930.0,8944.0,16563.0,134930.0,8944.0,16563.0,134930.0,8944.0,16563.0,134930.0,2_56
10960.0,21379.0,123282.0,10960.0,21379.0,123282.0,10960.0,21379.0,123282.0,10960.0,21379.0,123282.0,2_57
12316.0,19475.0,125734.0,12316.0,19475.0,125734.0,12316.0,19475.0,125734.0,12316.0,19475.0,125734.0,2_58
10260.0,18600.0,129540.0,10260.0,18600.0,129540.0,10260.0,18600.0,129540.0,10260.0,18600.0,129540.0,2_59
7846.0,15730.0,137694.0,7846.0,15730.0,137694.0,7846.0,15730.0,137694.0,7846.0,15730.0,137694.0,3_10
10840.0,19399.0,127362.0,10840.0,19399.0,127362.0,10840.0,19399.0,127362.0,10840.0,19399.0,127362.0,3_11
10248.0,18072.0,130608.0,10248.0,18072.0,130608.0,10248.0,18072.0,130608.0,10248.0,18072.0,130608.0,3_110
11186.0,16363.0,133088.0,11186.0,16363.0,133088.0,11186.0,16363.0,133088.0,11186.0,16363.0,133088.0,3_111
6184.0,9425.0,151966.0,6184.0,9425.0,151966.0,6184.0,9425.0,151966.0,6184.0,9425.0,151966.0,3_112
10348.0,14426.0,137800.0,10348.0,14426.0,137800.0,10348.0,14426.0,137800.0,10348.0,14426.0,137800.0,3_113
10990.0,15863.0,134284.0,10990.0,15863.0,134284.0,10990.0,15863.0,134284.0,10990.0,15863.0,134284.0,3_114
13290.0,19447.0,124816.0,13290.0,19447.0,124816.0,13290.0,19447.0,124816.0,13290.0,19447.0,124816.0,3_115
10632.0,15456.0,135456.0,10632.0,15456.0,135456.0,10632.0,15456.0,135456.0,10632.0,15456.0,135456.0,3_116
11656.0,20521.0,124302.0,11656.0,20521.0,124302.0,11656.0,20521.0,124302.0,11656.0,20521.0,124302.0,3_117
10950.0,19438.0,127174.0,10950.0,19438.0,127174.0,10950.0,19438.0,127174.0,10950.0,19438.0,127174.0,3_12
9136.0,16633.0,134598.0,9136.0,16633.0,134598.0,9136.0,16633.0,134598.0,9136.0,16633.0,134598.0,3_13
7586.0,14195.0,141024.0,7586.0,14195.0,141024.0,7586.0,14195.0,141024.0,7586.0,14195.0,141024.0,3_14
8434.0,16406.0,135754.0,8434.0,16406.0,135754.0,8434.0,16406.0,135754.0,8434.0,16406.0,135754.0,3_15
10392.0,20535.0,125538.0,10392.0,20535.0,125538.0,10392.0,20535.0,125538.0,10392.0,20535.0,125538.0,3_16
9378.0,16921.0,133780.0,9378.0,16921.0,133780.0,9378.0,16921.0,133780.0,9378.0,16921.0,133780.0,3_17
9362.0,18348.0,130942.0,9362.0,18348.0,130942.0,9362.0,18348.0,130942.0,9362.0,18348.0,130942.0,3_18
10162.0,19668.0,127502.0,10162.0,19668.0,127502.0,10162.0,19668.0,127502.0,10162.0,19668.0,127502.0,3_19
9302.0,13998.0,139702.0,9302.0,13998.0,139702.0,9302.0,13998.0,139702.0,9302.0,13998.0,139702.0,3_20
9910.0,17958.0,131174.0,9910.0,17958.0,131174.0,9910.0,17958.0,131174.0,9910.0,17958.0,131174.0,3_21
10604.0,17591.0,131214.0,10604.0,17591.0,131214.0,10604.0,17591.0,131214.0,10604.0,17591.0,131214.0,3_210
9318.0,14810.0,138062.0,9318.0,14810.0,138062.0,9318.0,14810.0,138062.0,9318.0,14810.0,138062.0,3_211
10178.0,14842.0,137138.0,10178.0,14842.0,137138.0,10178.0,14842.0,137138.0,10178.0,14842.0,137138.0,3_212
9072.0,15582.0,136764.0,9072.0,15582.0,136764.0,9072.0,15582.0,136764.0,9072.0,15582.0,136764.0,3_213
10266.0,16908.0,132918.0,10266.0,16908.0,132918.0,10266.0,16908.0,132918.0,10266.0,16908.0,132918.0,3_214
9052.0,14086.0,139776.0,9052.0,14086.0,139776.0,9052.0,14086.0,139776.0,9052.0,14086.0,139776.0,3_215
11746.0,19172.0,126910.0,11746.0,19172.0,126910.0,11746.0,19172.0,126910.0,11746.0,19172.0,126910.0,3_216
11210.0,15681.0,134428.0,11210.0,15681.0,134428.0,11210.0,15681.0,134428.0,11210.0,15681.0,134428.0,3_217
10506.0,19251.0,127992.0,10506.0,19251.0,127992.0,10506.0,19251.0,127992.0,10506.0,19251.0,127992.0,3_22
9440.0,18360.0,130840.0,9440.0,18360.0,130840.0,9440.0,18360.0,130840.0,9440.0,18360.0,130840.0,3_23
9124.0,18724.0,130428.0,9124.0,18724.0,130428.0,9124.0,18724.0,130428.0,9124.0,18724.0,130428.0,3_24
7236.0,14814.0,140136.0,7236.0,14814.0,140136.0,7236.0,14814.0,140136.0,7236.0,14814.0,140136.0,3_25
9010.0,16522.0,134946.0,9010.0,16522.0,134946.0,9010.0,16522.0,134946.0,9010.0,16522.0,134946.0,3_26
11422.0,19351.0,126876.0,11422.0,19351.0,126876.0,11422.0,19351.0,126876.0,11422.0,19351.0,126876.0,3_27
8590.0,15389.0,137632.0,8590.0,15389.0,137632.0,8590.0,15389.0,137632.0,8590.0,15389.0,137632.0,3_28
10934.0,17456.0,131154.0,10934.0,17456.0,131154.0,10934.0,17456.0,131154.0,10934.0,17456.0,131154.0,3_29
10758.0,19028.0,128186.0,10758.0,19028.0,128186.0,10758.0,19028.0,128186.0,10758.0,19028.0,128186.0,3_30
10052.0,16226.0,134496.0,10052.0,16226.0,134496.0,10052.0,16226.0,134496.0,10052.0,16226.0,134496.0,3_31
8822.0,17149.0,133880.0,8822.0,17149.0,133880.0,8822.0,17149.0,133880.0,8822.0,17149.0,133880.0,3_310
6986.0,11481.0,147052.0,6986.0,11481.0,147052.0,6986.0,11481.0,147052.0,6986.0,11481.0,147052.0,3_311
12458.0,20242.0,124058.0,12458.0,20242.0,124058.0,12458.0,20242.0,124058.0,12458.0,20242.0,124058.0,3_312
9100.0,17200.0,133500.0,9100.0,17200.0,133500.0,9100.0,17200.0,133500.0,9100.0,17200.0,133500.0,3_313
9850.0,18627.0,129896.0,9850.0,18627.0,129896.0,9850.0,18627.0,129896.0,9850.0,18627.0,129896.0,3_314
8786.0,16647.0,134920.0,8786.0,16647.0,134920.0,8786.0,16647.0,134920.0,8786.0,16647.0,134920.0,3_315
11364.0,19671.0,126294.0,11364.0,19671.0,126294.0,11364.0,19671.0,126294.0,11364.0,19671.0,126294.0,3_316
10064.0,17494.0,131948.0,10064.0,17494.0,131948.0,10064.0,17494.0,131948.0,10064.0,17494.0,131948.0,3_32
9210.0,18399.0,130992.0,9210.0,18399.0,130992.0,9210.0,18399.0,130992.0,9210.0,18399.0,130992.0,3_33
9704.0,17914.0,131468.0,9704.0,17914.0,131468.0,9704.0,17914.0,131468.0,9704.0,17914.0,131468.0,3_34
12434.0,19993.0,124580.0,12434.0,19993.0,124580.0,12434.0,19993.0,124580.0,12434.0,19993.0,124580.0,3_35
9906.0,17098.0,132898.0,9906.0,17098.0,132898.0,9906.0,17098.0,132898.0,9906.0,17098.0,132898.0,3_36
8282.0,13583.0,141552.0,8282.0,13583.0,141552.0,8282.0,13583.0,141552.0,8282.0,13583.0,141552.0,3_37
10162.0,16487.0,133864.0,10162.0,16487.0,133864.0,10162.0,16487.0,133864.0,10162.0,16487.0,133864.0,3_38
12430.0,21300.0,121970.0,12430.0,21300.0,121970.0,12430.0,21300.0,121970.0,12430.0,21300.0,121970.0,3_39
11102.0,18374.0,129150.0,11102.0,18374.0,129150.0,11102.0,18374.0,129150.0,11102.0,18374.0,129150.0,3_40
9434.0,13439.0,140688.0,9434.0,13439.0,140688.0,9434.0,13439.0,140688.0,9434.0,13439.0,140688.0,3_41
9268.0,13921.0,139890.0,9268.0,13921.0,139890.0,9268.0,13921.0,139890.0,9268.0,13921.0,139890.0,3_410
8042.0,13140.0,142678.0,8042.0,13140.0,142678.0,8042.0,13140.0,142678.0,8042.0,13140.0,142678.0,3_411
6464.0,11000.0,148536.0,6464.0,11000.0,148536.0,6464.0,11000.0,148536.0,6464.0,11000.0,148536.0,3_412
7920.0,15350.0,138380.0,7920.0,15350.0,138380.0,7920.0,15350.0,138380.0,7920.0,15350.0,138380.0,3_413
8988.0,14467.0,139078.0,8988.0,14467.0,139078.0,8988.0,14467.0,139078.0,8988.0,14467.0,139078.0,3_414
10200.0,17177.0,132446.0,10200.0,17177.0,132446.0,10200.0,17177.0,132446.0,10200.0,17177.0,132446.0,3_415
6242.0,11344.0,148070.0,6242.0,11344.0,148070.0,6242.0,11344.0,148070.0,6242.0,11344.0,148070.0,3_416
8888.0,15093.0,137926.0,8888.0,15093.0,137926.0,8888.0,15093.0,137926.0,8888.0,15093.0,137926.0,3_417
8534.0,15836.0,136794.0,8534.0,15836.0,136794.0,8534.0,15836.0,136794.0,8534.0,15836.0,136794.0,3_418
9214.0,15062.0,137662.0,9214.0,15062.0,137662.0,9214.0,15062.0,137662.0,9214.0,15062.0,137662.0,3_42
10158.0,16859.0,133124.0,10158.0,16859.0,133124.0,10158.0,16859.0,133124.0,10158.0,16859.0,133124.0,3_43
8644.0,15501.0,137354.0,8644.0,15501.0,137354.0,8644.0,15501.0,137354.0,8644.0,15501.0,137354.0,3_44
10548.0,15310.0,135832.0,10548.0,15310.0,135832.0,10548.0,15310.0,135832.0,10548.0,15310.0,135832.0,3_45
8630.0,15736.0,136898.0,8630.0,15736.0,136898.0,8630.0,15736.0,136898.0,8630.0,15736.0,136898.0,3_46
8592.0,14785.0,138838.0,8592.0,14785.0,138838.0,8592.0,14785.0,138838.0,8592.0,14785.0,138838.0,3_47
6598.0,11308.0,147786.0,6598.0,11308.0,147786.0,6598.0,11308.0,147786.0,6598.0,11308.0,147786.0,3_48
9944.0,16158.0,134740.0,9944.0,16158.0,134740.0,9944.0,16158.0,134740.0,9944.0,16158.0,134740.0,3_49
10128.0,17039.0,132794.0,10128.0,17039.0,132794.0,10128.0,17039.0,132794.0,10128.0,17039.0,132794.0,3_50
11260.0,18020.0,129700.0,11260.0,18020.0,129700.0,11260.0,18020.0,129700.0,11260.0,18020.0,129700.0,3_51
11610.0,18607.0,128176.0,11610.0,18607.0,128176.0,11610.0,18607.0,128176.0,11610.0,18607.0,128176.0,3_510
7304.0,13750.0,142196.0,7304.0,13750.0,142196.0,7304.0,13750.0,142196.0,7304.0,13750.0,142196.0,3_511
9650.0,16590.0,134170.0,9650.0,16590.0,134170.0,9650.0,16590.0,134170.0,9650.0,16590.0,134170.0,3_512
11294.0,20325.0,125056.0,11294.0,20325.0,125056.0,11294.0,20325.0,125056.0,11294.0,20325.0,125056.0,3_513
10404.0,16390.0,133816.0,10404.0,16390.0,133816.0,10404.0,16390.0,133816.0,10404.0,16390.0,133816.0,3_514
12108.0,20188.0,124516.0,12108.0,20188.0,124516.0,12108.0,20188.0,124516.0,12108.0,20188.0,124516.0,3_515
11542.0,19259.0,126940.0,11542.0,19259.0,126940.0,11542.0,19259.0,126940.0,11542.0,19259.0,126940.0,3_516
9344.0,17077.0,133502.0,9344.0,17077.0,133502.0,9344.0,17077.0,133502.0,9344.0,17077.0,133502.0,3_52
10022.0,20873.0,125232.0,10022.0,20873.0,125232.0,10022.0,20873.0,125232.0,10022.0,20873.0,125232.0,3_53
9610.0,18373.0,130644.0,9610.0,18373.0,130644.0,9610.0,18373.0,130644.0,9610.0,18373.0,130644.0,3_54
10992.0,20369.0,125270.0,10992.0,20369.0,125270.0,10992.0,20369.0,125270.0,10992.0,20369.0,125270.0,3_55
10112.0,18764.0,129360.0,10112.0,18764.0,129360.0,10112.0,18764.0,129360.0,10112.0,18764.0,129360.0,3_56
8962.0,16334.0,135370.0,8962.0,16334.0,135370.0,8962.0,16334.0,135370.0,8962.0,16334.0,135370.0,3_57
9598.0,16533.0,134336.0,9598.0,16533.0,134336.0,9598.0,16533.0,134336.0,9598.0,16533.0,134336.0,3_58
11462.0,19431.0,126676.0,11462.0,19431.0,126676.0,11462.0,19431.0,126676.0,11462.0,19431.0,126676.0,3_59
14754.0,26669.0,108908.0,14754.0,26669.0,108908.0,14754.0,26669.0,108908.0,14754.0,26669.0,108908.0,4_10
14538.0,23200.0,116062.0,14538.0,23200.0,116062.0,14538.0,23200.0,116062.0,14538.0,23200.0,116062.0,4_11
11924.0,19069.0,126938.0,11924.0,19069.0,126938.0,11924.0,19069.0,126938.0,11924.0,19069.0,126938.0,4_110
14110.0,20776.0,121338.0,14110.0,20776.0,121338.0,14110.0,20776.0,121338.0,14110.0,20776.0,121338.0,4_111
11012.0,20156.0,125676.0,11012.0,20156.0,125676.0,11012.0,20156.0,125676.0,11012.0,20156.0,125676.0,4_112
10674.0,18471.0,129384.0,10674.0,18471.0,129384.0,10674.0,18471.0,129384.0,10674.0,18471.0,129384.0,4_113
13774.0,20804.0,121618.0,13774.0,20804.0,121618.0,13774.0,20804.0,121618.0,13774.0,20804.0,121618.0,4_12
11900.0,19862.0,125376.0,11900.0,19862.0,125376.0,11900.0,19862.0,125376.0,11900.0,19862.0,125376.0,4_13
15640.0,23577.0,114206.0,15640.0,23577.0,114206.0,15640.0,23577.0,114206.0,15640.0,23577.0,114206.0,4_14
14132.0,20810.0,121248.0,14132.0,20810.0,121248.0,14132.0,20810.0,121248.0,14132.0,20810.0,121248.0,4_15
14736.0,22760.0,116744.0,14736.0,22760.0,116744.0,14736.0,22760.0,116744.0,14736.0,22760.0,116744.0,4_16
11098.0,18393.0,129116.0,11098.0,18393.0,129116.0,11098.0,18393.0,129116.0,11098.0,18393.0,129116.0,4_17
13020.0,21935.0,120110.0,13020.0,21935.0,120110.0,13020.0,21935.0,120110.0,13020.0,21935.0,120110.0,4_18
12842.0,21666.0,120826.0,12842.0,21666.0,120826.0,12842.0,21666.0,120826.0,12842.0,21666.0,120826.0,4_19
16876.0,25946.0,108232.0,16876.0,25946.0,108232.0,16876.0,25946.0,108232.0,16876.0,25946.0,108232.0,4_20
15964.0,22705.0,115626.0,15964.0,22705.0,115626.0,15964.0,22705.0,115626.0,15964.0,22705.0,115626.0,4_21
12386.0,17916.0,128782.0,12386.0,17916.0,128782.0,12386.0,17916.0,128782.0,12386.0,17916.0,128782.0,4_210
14838.0,22754.0,116654.0,14838.0,22754.0,116654.0,14838.0,22754.0,116654.0,14838.0,22754.0,116654.0,4_211
13806.0,23003.0,117188.0,13806.0,23003.0,117188.0,13806.0,23003.0,117188.0,13806.0,23003.0,117188.0,4_212
13480.0,21827.0,119866.0,13480.0,21827.0,119866.0,13480.0,21827.0,119866.0,13480.0,21827.0,119866.0,4_213
15892.0,22508.0,116092.0,15892.0,22508.0,116092.0,15892.0,22508.0,116092.0,15892.0,22508.0,116092.0,4_22
14850.0,23048.0,116054.0,14850.0,23048.0,116054.0,14850.0,23048.0,116054.0,14850.0,23048.0,116054.0,4_23
13582.0,21450.0,120518.0,13582.0,21450.0,120518.0,13582.0,21450.0,120518.0,13582.0,21450.0,120518.0,4_24
13320.0,22739.0,118202.0,13320.0,22739.0,118202.0,13320.0,22739.0,118202.0,13320.0,22739.0,118202.0,4_25
14790.0,22951.0,116308.0,14790.0,22951.0,116308.0,14790.0,22951.0,116308.0,14790.0,22951.0,116308.0,4_26
13740.0,21761.0,119738.0,13740.0,21761.0,119738.0,13740.0,21761.0,119738.0,13740.0,21761.0,119738.0,4_27
14152.0,23948.0,114952.0,14152.0,23948.0,114952.0,14152.0,23948.0,114952.0,14152.0,23948.0,114952.0,4_28
13162.0,18879.0,126080.0,13162.0,18879.0,126080.0,13162.0,18879.0,126080.0,13162.0,18879.0,126080.0,4_29
14398.0,25535.0,111532.0,14398.0,25535.0,111532.0,14398.0,25535.0,111532.0,14398.0,25535.0,111532.0,4_30
11034.0,21388.0,123190.0,11034.0,21388.0,123190.0,11034.0,21388.0,123190.0,11034.0,21388.0,123190.0,4_31
11636.0,22322.0,120720.0,11636.0,22322.0,120720.0,11636.0,22322.0,120720.0,11636.0,22322.0,120720.0,4_310
12348.0,23385.0,117882.0,12348.0,23385.0,117882.0,12348.0,23385.0,117882.0,12348.0,23385.0,117882.0,4_311
13734.0,27681.0,107904.0,13734.0,27681.0,107904.0,13734.0,27681.0,107904.0,13734.0,27681.0,107904.0,4_32
9820.0,19888.0,127404.0,9820.0,19888.0,127404.0,9820.0,19888.0,127404.0,9820.0,19888.0,127404.0,4_33
11412.0,21476.0,122636.0,11412.0,21476.0,122636.0,11412.0,21476.0,122636.0,11412.0,21476.0,122636.0,4_34
13472.0,24053.0,115422.0,13472.0,24053.0,115422.0,13472.0,24053.0,115422.0,13472.0,24053.0,115422.0,4_35
14184.0,22825.0,117166.0,14184.0,22825.0,117166.0,14184.0,22825.0,117166.0,14184.0,22825.0,117166.0,4_36
12580.0,23834.0,116752.0,12580.0,23834.0,116752.0,12580.0,23834.0,116752.0,12580.0,23834.0,116752.0,4_37
12330.0,24202.0,116266.0,12330.0,24202.0,116266.0,12330.0,24202.0,116266.0,12330.0,24202.0,116266.0,4_38
11460.0,22357.0,120826.0,11460.0,22357.0,120826.0,11460.0,22357.0,120826.0,11460.0,22357.0,120826.0,4_39
14152.0,25585.0,111678.0,14152.0,25585.0,111678.0,14152.0,25585.0,111678.0,14152.0,25585.0,111678.0,4_40
13378.0,25520.0,112582.0,13378.0,25520.0,112582.0,13378.0,25520.0,112582.0,13378.0,25520.0,112582.0,4_41
11626.0,22684.0,120006.0,11626.0,22684.0,120006.0,11626.0,22684.0,120006.0,11626.0,22684.0,120006.0,4_410
11568.0,21898.0,121636.0,11568.0,21898.0,121636.0,11568.0,21898.0,121636.0,11568.0,21898.0,121636.0,4_411
11736.0,20872.0,123520.0,11736.0,20872.0,123520.0,11736.0,20872.0,123520.0,11736.0,20872.0,123520.0,4_412
10838.0,24557.0,117048.0,10838.0,24557.0,117048.0,10838.0,24557.0,117048.0,10838.0,24557.0,117048.0,4_42
12466.0,24209.0,116116.0,12466.0,24209.0,116116.0,12466.0,24209.0,116116.0,12466.0,24209.0,116116.0,4_43
11664.0,21736.0,121864.0,11664.0,21736.0,121864.0,11664.0,21736.0,121864.0,11664.0,21736.0,121864.0,4_44
10476.0,18478.0,129568.0,10476.0,18478.0,129568.0,10476.0,18478.0,129568.0,10476.0,18478.0,129568.0,4_45
10352.0,19245.0,128158.0,10352.0,19245.0,128158.0,10352.0,19245.0,128158.0,10352.0,19245.0,128158.0,4_46
11678.0,21858.0,121606.0,11678.0,21858.0,121606.0,11678.0,21858.0,121606.0,11678.0,21858.0,121606.0,4_47
12902.0,25230.0,113638.0,12902.0,25230.0,113638.0,12902.0,25230.0,113638.0,12902.0,25230.0,113638.0,4_48
12634.0,23288.0,117790.0,12634.0,23288.0,117790.0,12634.0,23288.0,117790.0,12634.0,23288.0,117790.0,4_49
16620.0,29022.0,102336.0,16620.0,29022.0,102336.0,16620.0,29022.0,102336.0,16620.0,29022.0,102336.0,4_50
12388.0,24637.0,115338.0,12388.0,24637.0,115338.0,12388.0,24637.0,115338.0,12388.0,24637.0,115338.0,4_51
11982.0,24276.0,116466.0,11982.0,24276.0,116466.0,11982.0,24276.0,116466.0,11982.0,24276.0,116466.0,4_510
13346.0,21451.0,120752.0,13346.0,21451.0,120752.0,13346.0,21451.0,120752.0,13346.0,21451.0,120752.0,4_511
13812.0,26806.0,109576.0,13812.0,26806.0,109576.0,13812.0,26806.0,109576.0,13812.0,26806.0,109576.0,4_52
13132.0,24670.0,114528.0,13132.0,24670.0,114528.0,13132.0,24670.0,114528.0,13132.0,24670.0,114528.0,4_53
13078.0,22816.0,118290.0,13078.0,22816.0,118290.0,13078.0,22816.0,118290.0,13078.0,22816.0,118290.0,4_54
12414.0,23112.0,118362.0,12414.0,23112.0,118362.0,12414.0,23112.0,118362.0,12414.0,23112.0,118362.0,4_55
15088.0,25855.0,110202.0,15088.0,25855.0,110202.0,15088.0,25855.0,110202.0,15088.0,25855.0,110202.0,4_56
12886.0,23183.0,117748.0,12886.0,23183.0,117748.0,12886.0,23183.0,117748.0,12886.0,23183.0,117748.0,4_57
13344.0,23277.0,117102.0,13344.0,23277.0,117102.0,13344.0,23277.0,117102.0,13344.0,23277.0,117102.0,4_58
13688.0,24465.0,114382.0,13688.0,24465.0,114382.0,13688.0,24465.0,114382.0,13688.0,24465.0,114382.0,4_59
11328.0,23668.0,118336.0,11328.0,23668.0,118336.0,11328.0,23668.0,118336.0,11328.0,23668.0,118336.0,6_10
11546.0,23735.0,117984.0,11546.0,23735.0,117984.0,11546.0,23735.0,117984.0,11546.0,23735.0,117984.0,6_11
8882.0,14225.0,139668.0,8882.0,14225.0,139668.0,8882.0,14225.0,139668.0,8882.0,14225.0,139668.0,6_110
11266.0,22385.0,120964.0,11266.0,22385.0,120964.0,11266.0,22385.0,120964.0,11266.0,22385.0,120964.0,6_111
11006.0,20581.0,124832.0,11006.0,20581.0,124832.0,11006.0,20581.0,124832.0,11006.0,20581.0,124832.0,6_112
12670.0,25161.0,114008.0,12670.0,25161.0,114008.0,12670.0,25161.0,114008.0,12670.0,25161.0,114008.0,6_12
11562.0,22909.0,119620.0,11562.0,22909.0,119620.0,11562.0,22909.0,119620.0,11562.0,22909.0,119620.0,6_13
11016.0,22166.0,121652.0,11016.0,22166.0,121652.0,11016.0,22166.0,121652.0,11016.0,22166.0,121652.0,6_14
12452.0,25808.0,112932.0,12452.0,25808.0,112932.0,12452.0,25808.0,112932.0,12452.0,25808.0,112932.0,6_15
12174.0,23461.0,117904.0,12174.0,23461.0,117904.0,12174.0,23461.0,117904.0,12174.0,23461.0,117904.0,6_16
13082.0,25727.0,112464.0,13082.0,25727.0,112464.0,13082.0,25727.0,112464.0,13082.0,25727.0,112464.0,6_17
10062.0,22468.0,122002.0,10062.0,22468.0,122002.0,10062.0,22468.0,122002.0,10062.0,22468.0,122002.0,6_18
10610.0,22923.0,120544.0,10610.0,22923.0,120544.0,10610.0,22923.0,120544.0,10610.0,22923.0,120544.0,6_19
11430.0,19092.0,127386.0,11430.0,19092.0,127386.0,11430.0,19092.0,127386.0,11430.0,19092.0,127386.0,6_20
12690.0,23646.0,117018.0,12690.0,23646.0,117018.0,12690.0,23646.0,117018.0,12690.0,23646.0,117018.0,6_21
10448.0,22099.0,122354.0,10448.0,22099.0,122354.0,10448.0,22099.0,122354.0,10448.0,22099.0,122354.0,6_210
11306.0,20220.0,125254.0,11306.0,20220.0,125254.0,11306.0,20220.0,125254.0,11306.0,20220.0,125254.0,6_211
11372.0,23596.0,118436.0,11372.0,23596.0,118436.0,11372.0,23596.0,118436.0,11372.0,23596.0,118436.0,6_212
9892.0,18479.0,130150.0,9892.0,18479.0,130150.0,9892.0,18479.0,130150.0,9892.0,18479.0,130150.0,6_213
7792.0,16707.0,135794.0,7792.0,16707.0,135794.0,7792.0,16707.0,135794.0,7792.0,16707.0,135794.0,6_22
10890.0,19242.0,127626.0,10890.0,19242.0,127626.0,10890.0,19242.0,127626.0,10890.0,19242.0,127626.0,6_23
12534.0,22180.0,120106.0,12534.0,22180.0,120106.0,12534.0,22180.0,120106.0,12534.0,22180.0,120106.0,6_24
11512.0,21762.0,121964.0,11512.0,21762.0,121964.0,11512.0,21762.0,121964.0,11512.0,21762.0,121964.0,6_25
12894.0,24532.0,115042.0,12894.0,24532.0,115042.0,12894.0,24532.0,115042.0,12894.0,24532.0,115042.0,6_26
12690.0,23177.0,117956.0,12690.0,23177.0,117956.0,12690.0,23177.0,117956.0,12690.0,23177.0,117956.0,6_27
11936.0,21910.0,121244.0,11936.0,21910.0,121244.0,11936.0,21910.0,121244.0,11936.0,21910.0,121244.0,6_28
12886.0,23402.0,117310.0,12886.0,23402.0,117310.0,12886.0,23402.0,117310.0,12886.0,23402.0,117310.0,6_29
13804.0,26775.0,109646.0,13804.0,26775.0,109646.0,13804.0,26775.0,109646.0,13804.0,26775.0,109646.0,6_30
10668.0,25063.0,116206.0,10668.0,25063.0,116206.0,10668.0,25063.0,116206.0,10668.0,25063.0,116206.0,6_31
12096.0,24698.0,115508.0,12096.0,24698.0,115508.0,12096.0,24698.0,115508.0,12096.0,24698.0,115508.0,6_310
12180.0,23066.0,118688.0,12180.0,23066.0,118688.0,12180.0,23066.0,118688.0,12180.0,23066.0,118688.0,6_311
11260.0,21996.0,121748.0,11260.0,21996.0,121748.0,11260.0,21996.0,121748.0,11260.0,21996.0,121748.0,6_32
11854.0,23952.0,117242.0,11854.0,23952.0,117242.0,11854.0,23952.0,117242.0,11854.0,23952.0,117242.0,6_33
13872.0,28350.0,106428.0,13872.0,28350.0,106428.0,13872.0,28350.0,106428.0,13872.0,28350.0,106428.0,6_34
12910.0,26313.0,111464.0,12910.0,26313.0,111464.0,12910.0,26313.0,111464.0,12910.0,26313.0,111464.0,6_35
11686.0,23878.0,117558.0,11686.0,23878.0,117558.0,11686.0,23878.0,117558.0,11686.0,23878.0,117558.0,6_36
11596.0,24377.0,116650.0,11596.0,24377.0,116650.0,11596.0,24377.0,116650.0,11596.0,24377.0,116650.0,6_37
11340.0,21612.0,122436.0,11340.0,21612.0,122436.0,11340.0,21612.0,122436.0,11340.0,21612.0,122436.0,6_38
10686.0,17285.0,131744.0,10686.0,17285.0,131744.0,10686.0,17285.0,131744.0,10686.0,17285.0,131744.0,6_39
13088.0,22858.0,118196.0,13088.0,22858.0,118196.0,13088.0,22858.0,118196.0,13088.0,22858.0,118196.0,6_40
11492.0,26595.0,112318.0,11492.0,26595.0,112318.0,11492.0,26595.0,112318.0,11492.0,26595.0,112318.0,6_41
12478.0,20017.0,124488.0,12478.0,20017.0,124488.0,12478.0,20017.0,124488.0,12478.0,20017.0,124488.0,6_410
12622.0,26129.0,112120.0,12622.0,26129.0,112120.0,12622.0,26129.0,112120.0,12622.0,26129.0,112120.0,6_42
12808.0,20863.0,122466.0,12808.0,20863.0,122466.0,12808.0,20863.0,122466.0,12808.0,20863.0,122466.0,6_43
12922.0,25626.0,112826.0,12922.0,25626.0,112826.0,12922.0,25626.0,112826.0,12922.0,25626.0,112826.0,6_44
13648.0,27226.0,108900.0,13648.0,27226.0,108900.0,13648.0,27226.0,108900.0,13648.0,27226.0,108900.0,6_45
12682.0,25205.0,113908.0,12682.0,25205.0,113908.0,12682.0,25205.0,113908.0,12682.0,25205.0,113908.0,6_46
11192.0,25965.0,113878.0,11192.0,25965.0,113878.0,11192.0,25965.0,113878.0,11192.0,25965.0,113878.0,6_47
11758.0,24186.0,116870.0,11758.0,24186.0,116870.0,11758.0,24186.0,116870.0,11758.0,24186.0,116870.0,6_48
11610.0,23587.0,118216.0,11610.0,23587.0,118216.0,11610.0,23587.0,118216.0,11610.0,23587.0,118216.0,6_49
12012.0,23591.0,117806.0,12012.0,23591.0,117806.0,12012.0,23591.0,117806.0,12012.0,23591.0,117806.0,6_50
9184.0,20698.0,126420.0,9184.0,20698.0,126420.0,9184.0,20698.0,126420.0,9184.0,20698.0,126420.0,6_51
12750.0,22607.0,119036.0,12750.0,22607.0,119036.0,12750.0,22607.0,119036.0,12750.0,22607.0,119036.0,6_510
11034.0,17912.0,130142.0,11034.0,17912.0,130142.0,11034.0,17912.0,130142.0,11034.0,17912.0,130142.0,6_511
8400.0,18491.0,131618.0,8400.0,18491.0,131618.0,8400.0,18491.0,131618.0,8400.0,18491.0,131618.0,6_512
9256.0,16955.0,133834.0,9256.0,16955.0,133834.0,9256.0,16955.0,133834.0,9256.0,16955.0,133834.0,6_513
11146.0,17281.0,131292.0,11146.0,17281.0,131292.0,11146.0,17281.0,131292.0,11146.0,17281.0,131292.0,6_514
12570.0,24312.0,115806.0,12570.0,24312.0,115806.0,12570.0,24312.0,115806.0,12570.0,24312.0,115806.0,6_52
10844.0,20014.0,126128.0,10844.0,20014.0,126128.0,10844.0,20014.0,126128.0,10844.0,20014.0,126128.0,6_53
12014.0,21134.0,122718.0,12014.0,21134.0,122718.0,12014.0,21134.0,122718.0,12014.0,21134.0,122718.0,6_54
13268.0,20740.0,122252.0,13268.0,20740.0,122252.0,13268.0,20740.0,122252.0,13268.0,20740.0,122252.0,6_55
13634.0,26887.0,109592.0,13634.0,26887.0,109592.0,13634.0,26887.0,109592.0,13634.0,26887.0,109592.0,6_56
12564.0,22679.0,119078.0,12564.0,22679.0,119078.0,12564.0,22679.0,119078.0,12564.0,22679.0,119078.0,6_57
11474.0,22479.0,120568.0,11474.0,22479.0,120568.0,11474.0,22479.0,120568.0,11474.0,22479.0,120568.0,6_58
12260.0,21762.0,121216.0,12260.0,21762.0,121216.0,12260.0,21762.0,121216.0,12260.0,21762.0,121216.0,6_59
19192.0,21438.0,114932.0,19192.0,21438.0,114932.0,19192.0,21438.0,114932.0,19192.0,21438.0,114932.0,7_20
20780.0,25703.0,104814.0,20780.0,25703.0,104814.0,20780.0,25703.0,104814.0,20780.0,25703.0,104814.0,7_21
15916.0,16835.0,127414.0,15916.0,16835.0,127414.0,15916.0,16835.0,127414.0,15916.0,16835.0,127414.0,7_210
16070.0,22125.0,116680.0,16070.0,22125.0,116680.0,16070.0,22125.0,116680.0,16070.0,22125.0,116680.0,7_211
20562.0,25146.0,106146.0,20562.0,25146.0,106146.0,20562.0,25146.0,106146.0,20562.0,25146.0,106146.0,7_212
17350.0,25511.0,108628.0,17350.0,25511.0,108628.0,17350.0,25511.0,108628.0,17350.0,25511.0,108628.0,7_213
19310.0,25724.0,106242.0,19310.0,25724.0,106242.0,19310.0,25724.0,106242.0,19310.0,25724.0,106242.0,7_22
21612.0,26579.0,102230.0,21612.0,26579.0,102230.0,21612.0,26579.0,102230.0,21612.0,26579.0,102230.0,7_23
18958.0,23835.0,110372.0,18958.0,23835.0,110372.0,18958.0,23835.0,110372.0,18958.0,23835.0,110372.0,7_24
17822.0,23149.0,112880.0,17822.0,23149.0,112880.0,17822.0,23149.0,112880.0,17822.0,23149.0,112880.0,7_25
15136.0,18425.0,125014.0,15136.0,18425.0,125014.0,15136.0,18425.0,125014.0,15136.0,18425.0,125014.0,7_26
18202.0,23991.0,110816.0,18202.0,23991.0,110816.0,18202.0,23991.0,110816.0,18202.0,23991.0,110816.0,7_27
19832.0,24439.0,108290.0,19832.0,24439.0,108290.0,19832.0,24439.0,108290.0,19832.0,24439.0,108290.0,7_28
19472.0,23103.0,111322.0,19472.0,23103.0,111322.0,19472.0,23103.0,111322.0,19472.0,23103.0,111322.0,7_29
16380.0,24855.0,110910.0,16380.0,24855.0,110910.0,16380.0,24855.0,110910.0,16380.0,24855.0,110910.0,7_30
16982.0,28498.0,103022.0,16982.0,28498.0,103022.0,16982.0,28498.0,103022.0,16982.0,28498.0,103022.0,7_31
12414.0,18265.0,128056.0,12414.0,18265.0,128056.0,12414.0,18265.0,128056.0,12414.0,18265.0,128056.0,7_310
17808.0,20657.0,117878.0,17808.0,20657.0,117878.0,17808.0,20657.0,117878.0,17808.0,20657.0,117878.0,7_311
14116.0,19819.0,123246.0,14116.0,19819.0,123246.0,14116.0,19819.0,123246.0,14116.0,19819.0,123246.0,7_312
15700.0,22442.0,116416.0,15700.0,22442.0,116416.0,15700.0,22442.0,116416.0,15700.0,22442.0,116416.0,7_313
15772.0,24876.0,111476.0,15772.0,24876.0,111476.0,15772.0,24876.0,111476.0,15772.0,24876.0,111476.0,7_32
16786.0,23301.0,113612.0,16786.0,23301.0,113612.0,16786.0,23301.0,113612.0,16786.0,23301.0,113612.0,7_33
16356.0,24956.0,110732.0,16356.0,24956.0,110732.0,16356.0,24956.0,110732.0,16356.0,24956.0,110732.0,7_34
18022.0,21558.0,115862.0,18022.0,21558.0,115862.0,18022.0,21558.0,115862.0,18022.0,21558.0,115862.0,7_35
14690.0,20762.0,120786.0,14690.0,20762.0,120786.0,14690.0,20762.0,120786.0,14690.0,20762.0,120786.0,7_36
18696.0,23805.0,110694.0,18696.0,23805.0,110694.0,18696.0,23805.0,110694.0,18696.0,23805.0,110694.0,7_37
16288.0,21883.0,116946.0,16288.0,21883.0,116946.0,16288.0,21883.0,116946.0,16288.0,21883.0,116946.0,7_38
14410.0,21609.0,119372.0,14410.0,21609.0,119372.0,14410.0,21609.0,119372.0,14410.0,21609.0,119372.0,7_39
21708.0,27554.0,100184.0,21708.0,27554.0,100184.0,21708.0,27554.0,100184.0,21708.0,27554.0,100184.0,7_40
18440.0,22995.0,112570.0,18440.0,22995.0,112570.0,18440.0,22995.0,112570.0,18440.0,22995.0,112570.0,7_41
16998.0,22076.0,115850.0,16998.0,22076.0,115850.0,16998.0,22076.0,115850.0,16998.0,22076.0,115850.0,7_410
11678.0,16708.0,131906.0,11678.0,16708.0,131906.0,11678.0,16708.0,131906.0,11678.0,16708.0,131906.0,7_411
16246.0,20949.0,118856.0,16246.0,20949.0,118856.0,16246.0,20949.0,118856.0,16246.0,20949.0,118856.0,7_412
17462.0,22964.0,113610.0,17462.0,22964.0,113610.0,17462.0,22964.0,113610.0,17462.0,22964.0,113610.0,7_413
16936.0,23022.0,114020.0,16936.0,23022.0,114020.0,16936.0,23022.0,114020.0,16936.0,23022.0,114020.0,7_414
17708.0,21910.0,115472.0,17708.0,21910.0,115472.0,17708.0,21910.0,115472.0,17708.0,21910.0,115472.0,7_415
19576.0,23603.0,110218.0,19576.0,23603.0,110218.0,19576.0,23603.0,110218.0,19576.0,23603.0,110218.0,7_42
7646.0,9278.0,150798.0,7646.0,9278.0,150798.0,7646.0,9278.0,150798.0,7646.0,9278.0,150798.0,7_43
4894.0,4927.0,162252.0,4894.0,4927.0,162252.0,4894.0,4927.0,162252.0,4894.0,4927.0,162252.0,7_44
17474.0,18125.0,123276.0,17474.0,18125.0,123276.0,17474.0,18125.0,123276.0,17474.0,18125.0,123276.0,7_45
17804.0,23185.0,112826.0,17804.0,23185.0,112826.0,17804.0,23185.0,112826.0,17804.0,23185.0,112826.0,7_46
17836.0,20346.0,118472.0,17836.0,20346.0,118472.0,17836.0,20346.0,118472.0,17836.0,20346.0,118472.0,7_47
16364.0,22724.0,115188.0,16364.0,22724.0,115188.0,16364.0,22724.0,115188.0,16364.0,22724.0,115188.0,7_48
16732.0,20964.0,118340.0,16732.0,20964.0,118340.0,16732.0,20964.0,118340.0,16732.0,20964.0,118340.0,7_49
15582.0,20574.0,120270.0,15582.0,20574.0,120270.0,15582.0,20574.0,120270.0,15582.0,20574.0,120270.0,7_50
15974.0,21871.0,117284.0,15974.0,21871.0,117284.0,15974.0,21871.0,117284.0,15974.0,21871.0,117284.0,7_51
17572.0,22626.0,114176.0,17572.0,22626.0,114176.0,17572.0,22626.0,114176.0,17572.0,22626.0,114176.0,7_510
12478.0,16175.0,132172.0,12478.0,16175.0,132172.0,12478.0,16175.0,132172.0,12478.0,16175.0,132172.0,7_511
14082.0,20002.0,122914.0,14082.0,20002.0,122914.0,14082.0,20002.0,122914.0,14082.0,20002.0,122914.0,7_512
15960.0,20790.0,119460.0,15960.0,20790.0,119460.0,15960.0,20790.0,119460.0,15960.0,20790.0,119460.0,7_513
20896.0,21680.0,112744.0,20896.0,21680.0,112744.0,20896.0,21680.0,112744.0,20896.0,21680.0,112744.0,7_514
14528.0,19372.0,123728.0,14528.0,19372.0,123728.0,14528.0,19372.0,123728.0,14528.0,19372.0,123728.0,7_515
14382.0,21705.0,119208.0,14382.0,21705.0,119208.0,14382.0,21705.0,119208.0,14382.0,21705.0,119208.0,7_516
14674.0,19262.0,123802.0,14674.0,19262.0,123802.0,14674.0,19262.0,123802.0,14674.0,19262.0,123802.0,7_517
19636.0,25076.0,107212.0,19636.0,25076.0,107212.0,19636.0,25076.0,107212.0,19636.0,25076.0,107212.0,7_52
16030.0,21993.0,116984.0,16030.0,21993.0,116984.0,16030.0,21993.0,116984.0,16030.0,21993.0,116984.0,7_53
16202.0,22596.0,115606.0,16202.0,22596.0,115606.0,16202.0,22596.0,115606.0,16202.0,22596.0,115606.0,7_54
16238.0,20655.0,119452.0,16238.0,20655.0,119452.0,16238.0,20655.0,119452.0,16238.0,20655.0,119452.0,7_55
15666.0,21672.0,117990.0,15666.0,21672.0,117990.0,15666.0,21672.0,117990.0,15666.0,21672.0,117990.0,7_56
14530.0,19014.0,124442.0,14530.0,19014.0,124442.0,14530.0,19014.0,124442.0,14530.0,19014.0,124442.0,7_57
18078.0,21699.0,115524.0,18078.0,21699.0,115524.0,18078.0,21699.0,115524.0,18078.0,21699.0,115524.0,7_58
17828.0,21224.0,116724.0,17828.0,21224.0,116724.0,17828.0,21224.0,116724.0,17828.0,21224.0,116724.0,7_59
6762.0,18190.0,133858.0,6762.0,18190.0,133858.0,6762.0,18190.0,133858.0,6762.0,18190.0,133858.0,8_10
7524.0,21454.0,126568.0,7524.0,21454.0,126568.0,7524.0,21454.0,126568.0,7524.0,21454.0,126568.0,8_11
5046.0,14810.0,142334.0,5046.0,14810.0,142334.0,5046.0,14810.0,142334.0,5046.0,14810.0,142334.0,8_110
7562.0,22565.0,124308.0,7562.0,22565.0,124308.0,7562.0,22565.0,124308.0,7562.0,22565.0,124308.0,8_111
8384.0,20841.0,126934.0,8384.0,20841.0,126934.0,8384.0,20841.0,126934.0,8384.0,20841.0,126934.0,8_112
8194.0,24029.0,120748.0,8194.0,24029.0,120748.0,8194.0,24029.0,120748.0,8194.0,24029.0,120748.0,8_113
6816.0,20812.0,128560.0,6816.0,20812.0,128560.0,6816.0,20812.0,128560.0,6816.0,20812.0,128560.0,8_114
8280.0,22480.0,123760.0,8280.0,22480.0,123760.0,8280.0,22480.0,123760.0,8280.0,22480.0,123760.0,8_115
7114.0,20103.0,129680.0,7114.0,20103.0,129680.0,7114.0,20103.0,129680.0,7114.0,20103.0,129680.0,8_116
8386.0,22053.0,124508.0,8386.0,22053.0,124508.0,8386.0,22053.0,124508.0,8386.0,22053.0,124508.0,8_117
7348.0,20850.0,127952.0,7348.0,20850.0,127952.0,7348.0,20850.0,127952.0,7348.0,20850.0,127952.0,8_118
8732.0,22049.0,124170.0,8732.0,22049.0,124170.0,8732.0,22049.0,124170.0,8732.0,22049.0,124170.0,8_12
9814.0,24940.0,117306.0,9814.0,24940.0,117306.0,9814.0,24940.0,117306.0,9814.0,24940.0,117306.0,8_13
7220.0,20878.0,128024.0,7220.0,20878.0,128024.0,7220.0,20878.0,128024.0,7220.0,20878.0,128024.0,8_14
7032.0,22212.0,125544.0,7032.0,22212.0,125544.0,7032.0,22212.0,125544.0,7032.0,22212.0,125544.0,8_15
7946.0,23970.0,121114.0,7946.0,23970.0,121114.0,7946.0,23970.0,121114.0,7946.0,23970.0,121114.0,8_16
9150.0,25180.0,117490.0,9150.0,25180.0,117490.0,9150.0,25180.0,117490.0,9150.0,25180.0,117490.0,8_17
6144.0,20539.0,129778.0,6144.0,20539.0,129778.0,6144.0,20539.0,129778.0,6144.0,20539.0,129778.0,8_18
8178.0,23282.0,122258.0,8178.0,23282.0,122258.0,8178.0,23282.0,122258.0,8178.0,23282.0,122258.0,8_19
10852.0,23235.0,119678.0,10852.0,23235.0,119678.0,10852.0,23235.0,119678.0,10852.0,23235.0,119678.0,8_20
9618.0,24636.0,118110.0,9618.0,24636.0,118110.0,9618.0,24636.0,118110.0,9618.0,24636.0,118110.0,8_21
8510.0,19336.0,129818.0,8510.0,19336.0,129818.0,8510.0,19336.0,129818.0,8510.0,19336.0,129818.0,8_210
6668.0,19119.0,132094.0,6668.0,19119.0,132094.0,6668.0,19119.0,132094.0,6668.0,19119.0,132094.0,8_211
9382.0,25231.0,117156.0,9382.0,25231.0,117156.0,9382.0,25231.0,117156.0,9382.0,25231.0,117156.0,8_212
8844.0,20451.0,127254.0,8844.0,20451.0,127254.0,8844.0,20451.0,127254.0,8844.0,20451.0,127254.0,8_213
9188.0,23110.0,121592.0,9188.0,23110.0,121592.0,9188.0,23110.0,121592.0,9188.0,23110.0,121592.0,8_214
7090.0,19093.0,131724.0,7090.0,19093.0,131724.0,7090.0,19093.0,131724.0,7090.0,19093.0,131724.0,8_215
8768.0,19033.0,130166.0,8768.0,19033.0,130166.0,8768.0,19033.0,130166.0,8768.0,19033.0,130166.0,8_216
10626.0,26207.0,113960.0,10626.0,26207.0,113960.0,10626.0,26207.0,113960.0,10626.0,26207.0,113960.0,8_22
8304.0,22565.0,123566.0,8304.0,22565.0,123566.0,8304.0,22565.0,123566.0,8304.0,22565.0,123566.0,8_23
6522.0,18769.0,132940.0,6522.0,18769.0,132940.0,6522.0,18769.0,132940.0,6522.0,18769.0,132940.0,8_24
8112.0,20107.0,128674.0,8112.0,20107.0,128674.0,8112.0,20107.0,128674.0,8112.0,20107.0,128674.0,8_25
8392.0,17595.0,133418.0,8392.0,17595.0,133418.0,8392.0,17595.0,133418.0,8392.0,17595.0,133418.0,8_26
8882.0,20494.0,127130.0,8882.0,20494.0,127130.0,8882.0,20494.0,127130.0,8882.0,20494.0,127130.0,8_27
8930.0,24043.0,119984.0,8930.0,24043.0,119984.0,8930.0,24043.0,119984.0,8930.0,24043.0,119984.0,8_28
8194.0,21103.0,126600.0,8194.0,21103.0,126600.0,8194.0,21103.0,126600.0,8194.0,21103.0,126600.0,8_29
10348.0,26714.0,113224.0,10348.0,26714.0,113224.0,10348.0,26714.0,113224.0,10348.0,26714.0,113224.0,8_30
7856.0,19970.0,129204.0,7856.0,19970.0,129204.0,7856.0,19970.0,129204.0,7856.0,19970.0,129204.0,8_31
7594.0,20595.0,128216.0,7594.0,20595.0,128216.0,7594.0,20595.0,128216.0,7594.0,20595.0,128216.0,8_310
5964.0,19404.0,132228.0,5964.0,19404.0,132228.0,5964.0,19404.0,132228.0,5964.0,19404.0,132228.0,8_311
7958.0,22150.0,124742.0,7958.0,22150.0,124742.0,7958.0,22150.0,124742.0,7958.0,22150.0,124742.0,8_312
5952.0,17228.0,136592.0,5952.0,17228.0,136592.0,5952.0,17228.0,136592.0,5952.0,17228.0,136592.0,8_313
8496.0,26928.0,114648.0,8496.0,26928.0,114648.0,8496.0,26928.0,114648.0,8496.0,26928.0,114648.0,8_314
6720.0,20571.0,129138.0,6720.0,20571.0,129138.0,6720.0,20571.0,129138.0,6720.0,20571.0,129138.0,8_315
7304.0,22353.0,124990.0,7304.0,22353.0,124990.0,7304.0,22353.0,124990.0,7304.0,22353.0,124990.0,8_316
6882.0,20186.0,129746.0,6882.0,20186.0,129746.0,6882.0,20186.0,129746.0,6882.0,20186.0,129746.0,8_317
6718.0,16011.0,138260.0,6718.0,16011.0,138260.0,6718.0,16011.0,138260.0,6718.0,16011.0,138260.0,8_318
7744.0,19089.0,131078.0,7744.0,19089.0,131078.0,7744.0,19089.0,131078.0,7744.0,19089.0,131078.0,8_319
9474.0,24643.0,118240.0,9474.0,24643.0,118240.0,9474.0,24643.0,118240.0,9474.0,24643.0,118240.0,8_32
7134.0,21622.0,126622.0,7134.0,21622.0,126622.0,7134.0,21622.0,126622.0,7134.0,21622.0,126622.0,8_33
7308.0,20475.0,128742.0,7308.0,20475.0,128742.0,7308.0,20475.0,128742.0,7308.0,20475.0,128742.0,8_34
7988.0,23256.0,122500.0,7988.0,23256.0,122500.0,7988.0,23256.0,122500.0,7988.0,23256.0,122500.0,8_35
3580.0,13824.0,145772.0,3580.0,13824.0,145772.0,3580.0,13824.0,145772.0,3580.0,13824.0,145772.0,8_36
5686.0,16021.0,139272.0,5686.0,16021.0,139272.0,5686.0,16021.0,139272.0,5686.0,16021.0,139272.0,8_37
7656.0,22666.0,124012.0,7656.0,22666.0,124012.0,7656.0,22666.0,124012.0,7656.0,22666.0,124012.0,8_38
8742.0,24113.0,120032.0,8742.0,24113.0,120032.0,8742.0,24113.0,120032.0,8742.0,24113.0,120032.0,8_39
10970.0,25255.0,115520.0,10970.0,25255.0,115520.0,10970.0,25255.0,115520.0,10970.0,25255.0,115520.0,8_40
6934.0,22707.0,124652.0,6934.0,22707.0,124652.0,6934.0,22707.0,124652.0,6934.0,22707.0,124652.0,8_41
7508.0,24466.0,120560.0,7508.0,24466.0,120560.0,7508.0,24466.0,120560.0,7508.0,24466.0,120560.0,8_410
7538.0,23994.0,121474.0,7538.0,23994.0,121474.0,7538.0,23994.0,121474.0,7538.0,23994.0,121474.0,8_411
11336.0,27437.0,110790.0,11336.0,27437.0,110790.0,11336.0,27437.0,110790.0,11336.0,27437.0,110790.0,8_412
2886.0,11271.0,151572.0,2886.0,11271.0,151572.0,2886.0,11271.0,151572.0,2886.0,11271.0,151572.0,8_413
9984.0,25815.0,115386.0,9984.0,25815.0,115386.0,9984.0,25815.0,115386.0,9984.0,25815.0,115386.0,8_414
7126.0,23723.0,122428.0,7126.0,23723.0,122428.0,7126.0,23723.0,122428.0,7126.0,23723.0,122428.0,8_415
8102.0,20901.0,127096.0,8102.0,20901.0,127096.0,8102.0,20901.0,127096.0,8102.0,20901.0,127096.0,8_416
7346.0,18822.0,132010.0,7346.0,18822.0,132010.0,7346.0,18822.0,132010.0,7346.0,18822.0,132010.0,8_417
9194.0,22380.0,123046.0,9194.0,22380.0,123046.0,9194.0,22380.0,123046.0,9194.0,22380.0,123046.0,8_418
7114.0,19747.0,130392.0,7114.0,19747.0,130392.0,7114.0,19747.0,130392.0,7114.0,19747.0,130392.0,8_419
7210.0,21638.0,126514.0,7210.0,21638.0,126514.0,7210.0,21638.0,126514.0,7210.0,21638.0,126514.0,8_42
6184.0,17995.0,134826.0,6184.0,17995.0,134826.0,6184.0,17995.0,134826.0,6184.0,17995.0,134826.0,8_43
6292.0,18757.0,133194.0,6292.0,18757.0,133194.0,6292.0,18757.0,133194.0,6292.0,18757.0,133194.0,8_44
7856.0,24489.0,120166.0,7856.0,24489.0,120166.0,7856.0,24489.0,120166.0,7856.0,24489.0,120166.0,8_45
8274.0,23176.0,122374.0,8274.0,23176.0,122374.0,8274.0,23176.0,122374.0,8274.0,23176.0,122374.0,8_46
7150.0,23381.0,123088.0,7150.0,23381.0,123088.0,7150.0,23381.0,123088.0,7150.0,23381.0,123088.0,8_47
8216.0,22256.0,124272.0,8216.0,22256.0,124272.0,8216.0,22256.0,124272.0,8216.0,22256.0,124272.0,8_48
5130.0,16026.0,139818.0,5130.0,16026.0,139818.0,5130.0,16026.0,139818.0,5130.0,16026.0,139818.0,8_49
4684.0,15776.0,140764.0,4684.0,15776.0,140764.0,4684.0,15776.0,140764.0,4684.0,15776.0,140764.0,9_10
6080.0,21971.0,126978.0,6080.0,21971.0,126978.0,6080.0,21971.0,126978.0,6080.0,21971.0,126978.0,9_11
6636.0,16182.0,138000.0,6636.0,16182.0,138000.0,6636.0,16182.0,138000.0,6636.0,16182.0,138000.0,9_110
4698.0,15027.0,142248.0,4698.0,15027.0,142248.0,4698.0,15027.0,142248.0,4698.0,15027.0,142248.0,9_111
6330.0,19534.0,131602.0,6330.0,19534.0,131602.0,6330.0,19534.0,131602.0,6330.0,19534.0,131602.0,9_112
4512.0,13378.0,145732.0,4512.0,13378.0,145732.0,4512.0,13378.0,145732.0,4512.0,13378.0,145732.0,9_113
8650.0,21252.0,125846.0,8650.0,21252.0,125846.0,8650.0,21252.0,125846.0,8650.0,21252.0,125846.0,9_114
7058.0,20377.0,129188.0,7058.0,20377.0,129188.0,7058.0,20377.0,129188.0,7058.0,20377.0,129188.0,9_115
6024.0,17216.0,136544.0,6024.0,17216.0,136544.0,6024.0,17216.0,136544.0,6024.0,17216.0,136544.0,9_116
6264.0,15094.0,140548.0,6264.0,15094.0,140548.0,6264.0,15094.0,140548.0,6264.0,15094.0,140548.0,9_117
4734.0,15840.0,140586.0,4734.0,15840.0,140586.0,4734.0,15840.0,140586.0,4734.0,15840.0,140586.0,9_118
5734.0,21058.0,129150.0,5734.0,21058.0,129150.0,5734.0,21058.0,129150.0,5734.0,21058.0,129150.0,9_119
6728.0,20303.0,129666.0,6728.0,20303.0,129666.0,6728.0,20303.0,129666.0,6728.0,20303.0,129666.0,9_12
7770.0,19496.0,130238.0,7770.0,19496.0,130238.0,7770.0,19496.0,130238.0,7770.0,19496.0,130238.0,9_120
4402.0,12915.0,146768.0,4402.0,12915.0,146768.0,4402.0,12915.0,146768.0,4402.0,12915.0,146768.0,9_121
6064.0,16526.0,137884.0,6064.0,16526.0,137884.0,6064.0,16526.0,137884.0,6064.0,16526.0,137884.0,9_122
6156.0,19705.0,131434.0,6156.0,19705.0,131434.0,6156.0,19705.0,131434.0,6156.0,19705.0,131434.0,9_123
3290.0,10401.0,152908.0,3290.0,10401.0,152908.0,3290.0,10401.0,152908.0,3290.0,10401.0,152908.0,9_124
6570.0,16994.0,136442.0,6570.0,16994.0,136442.0,6570.0,16994.0,136442.0,6570.0,16994.0,136442.0,9_125
6500.0,21300.0,127900.0,6500.0,21300.0,127900.0,6500.0,21300.0,127900.0,6500.0,21300.0,127900.0,9_126
6660.0,17415.0,135510.0,6660.0,17415.0,135510.0,6660.0,17415.0,135510.0,6660.0,17415.0,135510.0,9_13
7982.0,19100.0,130818.0,7982.0,19100.0,130818.0,7982.0,19100.0,130818.0,7982.0,19100.0,130818.0,9_14
4736.0,13629.0,145006.0,4736.0,13629.0,145006.0,4736.0,13629.0,145006.0,4736.0,13629.0,145006.0,9_15
7260.0,21509.0,126722.0,7260.0,21509.0,126722.0,7260.0,21509.0,126722.0,7260.0,21509.0,126722.0,9_16
2058.0,5097.0,164748.0,2058.0,5097.0,164748.0,2058.0,5097.0,164748.0,2058.0,5097.0,164748.0,9_17
4484.0,14342.0,143832.0,4484.0,14342.0,143832.0,4484.0,14342.0,143832.0,4484.0,14342.0,143832.0,9_18
7890.0,21445.0,126220.0,7890.0,21445.0,126220.0,7890.0,21445.0,126220.0,7890.0,21445.0,126220.0,9_19
5788.0,23542.0,124128.0,5788.0,23542.0,124128.0,5788.0,23542.0,124128.0,5788.0,23542.0,124128.0,9_20
4176.0,15264.0,142296.0,4176.0,15264.0,142296.0,4176.0,15264.0,142296.0,4176.0,15264.0,142296.0,9_21
5276.0,19207.0,133310.0,5276.0,19207.0,133310.0,5276.0,19207.0,133310.0,5276.0,19207.0,133310.0,9_210
6492.0,19817.0,130874.0,6492.0,19817.0,130874.0,6492.0,19817.0,130874.0,6492.0,19817.0,130874.0,9_211
5148.0,19581.0,132690.0,5148.0,19581.0,132690.0,5148.0,19581.0,132690.0,5148.0,19581.0,132690.0,9_212
5770.0,18184.0,134862.0,5770.0,18184.0,134862.0,5770.0,18184.0,134862.0,5770.0,18184.0,134862.0,9_213
5820.0,17717.0,135746.0,5820.0,17717.0,135746.0,5820.0,17717.0,135746.0,5820.0,17717.0,135746.0,9_214
5504.0,14852.0,141792.0,5504.0,14852.0,141792.0,5504.0,14852.0,141792.0,5504.0,14852.0,141792.0,9_215
5502.0,17354.0,136790.0,5502.0,17354.0,136790.0,5502.0,17354.0,136790.0,5502.0,17354.0,136790.0,9_216
3010.0,9657.0,154676.0,3010.0,9657.0,154676.0,3010.0,9657.0,154676.0,3010.0,9657.0,154676.0,9_217
5026.0,16953.0,138068.0,5026.0,16953.0,138068.0,5026.0,16953.0,138068.0,5026.0,16953.0,138068.0,9_218
4906.0,17396.0,137302.0,4906.0,17396.0,137302.0,4906.0,17396.0,137302.0,4906.0,17396.0,137302.0,9_219
5776.0,21005.0,129214.0,5776.0,21005.0,129214.0,5776.0,21005.0,129214.0,5776.0,21005.0,129214.0,9_22
4314.0,16069.0,140548.0,4314.0,16069.0,140548.0,4314.0,16069.0,140548.0,4314.0,16069.0,140548.0,9_23
5416.0,22899.0,125786.0,5416.0,22899.0,125786.0,5416.0,22899.0,125786.0,5416.0,22899.0,125786.0,9_24
7132.0,26718.0,116432.0,7132.0,26718.0,116432.0,7132.0,26718.0,116432.0,7132.0,26718.0,116432.0,9_25
5736.0,19863.0,131538.0,5736.0,19863.0,131538.0,5736.0,19863.0,131538.0,5736.0,19863.0,131538.0,9_26
5684.0,24860.0,121596.0,5684.0,24860.0,121596.0,5684.0,24860.0,121596.0,5684.0,24860.0,121596.0,9_27
6484.0,23606.0,123304.0,6484.0,23606.0,123304.0,6484.0,23606.0,123304.0,6484.0,23606.0,123304.0,9_28
7512.0,24195.0,121098.0,7512.0,24195.0,121098.0,7512.0,24195.0,121098.0,7512.0,24195.0,121098.0,9_29
6188.0,19003.0,132806.0,6188.0,19003.0,132806.0,6188.0,19003.0,132806.0,6188.0,19003.0,132806.0,9_30
5204.0,15161.0,141474.0,5204.0,15161.0,141474.0,5204.0,15161.0,141474.0,5204.0,15161.0,141474.0,9_31
5478.0,18111.0,135300.0,5478.0,18111.0,135300.0,5478.0,18111.0,135300.0,5478.0,18111.0,135300.0,9_310
5672.0,21379.0,128570.0,5672.0,21379.0,128570.0,5672.0,21379.0,128570.0,5672.0,21379.0,128570.0,9_311
6506.0,18123.0,134248.0,6506.0,18123.0,134248.0,6506.0,18123.0,134248.0,6506.0,18123.0,134248.0,9_312
5390.0,17627.0,136356.0,5390.0,17627.0,136356.0,5390.0,17627.0,136356.0,5390.0,17627.0,136356.0,9_313
4686.0,15598.0,141118.0,4686.0,15598.0,141118.0,4686.0,15598.0,141118.0,4686.0,15598.0,141118.0,9_314
8006.0,20916.0,127162.0,8006.0,20916.0,127162.0,8006.0,20916.0,127162.0,8006.0,20916.0,127162.0,9_315
5634.0,19781.0,131804.0,5634.0,19781.0,131804.0,5634.0,19781.0,131804.0,5634.0,19781.0,131804.0,9_316
5828.0,17951.0,135270.0,5828.0,17951.0,135270.0,5828.0,17951.0,135270.0,5828.0,17951.0,135270.0,9_317
6528.0,21692.0,127088.0,6528.0,21692.0,127088.0,6528.0,21692.0,127088.0,6528.0,21692.0,127088.0,9_318
4172.0,10346.0,152136.0,4172.0,10346.0,152136.0,4172.0,10346.0,152136.0,4172.0,10346.0,152136.0,9_319
6136.0,17240.0,136384.0,6136.0,17240.0,136384.0,6136.0,17240.0,136384.0,6136.0,17240.0,136384.0,9_32
4436.0,13836.0,144892.0,4436.0,13836.0,144892.0,4436.0,13836.0,144892.0,4436.0,13836.0,144892.0,9_320
4096.0,12662.0,147580.0,4096.0,12662.0,147580.0,4096.0,12662.0,147580.0,4096.0,12662.0,147580.0,9_321
6048.0,17410.0,136132.0,6048.0,17410.0,136132.0,6048.0,17410.0,136132.0,6048.0,17410.0,136132.0,9_322
5704.0,19863.0,131570.0,5704.0,19863.0,131570.0,5704.0,19863.0,131570.0,5704.0,19863.0,131570.0,9_323
7500.0,23049.0,123402.0,7500.0,23049.0,123402.0,7500.0,23049.0,123402.0,7500.0,23049.0,123402.0,9_33
6206.0,22114.0,126566.0,6206.0,22114.0,126566.0,6206.0,22114.0,126566.0,6206.0,22114.0,126566.0,9_34
4718.0,15772.0,140738.0,4718.0,15772.0,140738.0,4718.0,15772.0,140738.0,4718.0,15772.0,140738.0,9_35
6080.0,20289.0,130342.0,6080.0,20289.0,130342.0,6080.0,20289.0,130342.0,6080.0,20289.0,130342.0,9_36
6638.0,17285.0,135792.0,6638.0,17285.0,135792.0,6638.0,17285.0,135792.0,6638.0,17285.0,135792.0,9_37
5558.0,18973.0,133496.0,5558.0,18973.0,133496.0,5558.0,18973.0,133496.0,5558.0,18973.0,133496.0,9_38
4302.0,12655.0,147388.0,4302.0,12655.0,147388.0,4302.0,12655.0,147388.0,4302.0,12655.0,147388.0,9_39
6168.0,24042.0,122748.0,6168.0,24042.0,122748.0,6168.0,24042.0,122748.0,6168.0,24042.0,122748.0,9_40
6062.0,20444.0,130050.0,6062.0,20444.0,130050.0,6062.0,20444.0,130050.0,6062.0,20444.0,130050.0,9_41
5502.0,21300.0,128898.0,5502.0,21300.0,128898.0,5502.0,21300.0,128898.0,5502.0,21300.0,128898.0,9_410
6900.0,19786.0,130528.0,6900.0,19786.0,130528.0,6900.0,19786.0,130528.0,6900.0,19786.0,130528.0,9_411
4154.0,12136.0,148574.0,4154.0,12136.0,148574.0,4154.0,12136.0,148574.0,4154.0,12136.0,148574.0,9_412
4418.0,15124.0,142334.0,4418.0,15124.0,142334.0,4418.0,15124.0,142334.0,4418.0,15124.0,142334.0,9_413
4996.0,15037.0,141930.0,4996.0,15037.0,141930.0,4996.0,15037.0,141930.0,4996.0,15037.0,141930.0,9_414
5488.0,15943.0,139626.0,5488.0,15943.0,139626.0,5488.0,15943.0,139626.0,5488.0,15943.0,139626.0,9_415
3934.0,12847.0,147372.0,3934.0,12847.0,147372.0,3934.0,12847.0,147372.0,3934.0,12847.0,147372.0,9_416
6354.0,23189.0,124268.0,6354.0,23189.0,124268.0,6354.0,23189.0,124268.0,6354.0,23189.0,124268.0,9_417
6686.0,22861.0,124592.0,6686.0,22861.0,124592.0,6686.0,22861.0,124592.0,6686.0,22861.0,124592.0,9_418
6882.0,21075.0,127968.0,6882.0,21075.0,127968.0,6882.0,21075.0,127968.0,6882.0,21075.0,127968.0,9_419
6750.0,21434.0,127382.0,6750.0,21434.0,127382.0,6750.0,21434.0,127382.0,6750.0,21434.0,127382.0,9_42
5092.0,14440.0,143028.0,5092.0,14440.0,143028.0,5092.0,14440.0,143028.0,5092.0,14440.0,143028.0,9_420
6004.0,18191.0,134614.0,6004.0,18191.0,134614.0,6004.0,18191.0,134614.0,6004.0,18191.0,134614.0,9_421
4460.0,14637.0,143266.0,4460.0,14637.0,143266.0,4460.0,14637.0,143266.0,4460.0,14637.0,143266.0,9_422
5710.0,13725.0,143840.0,5710.0,13725.0,143840.0,5710.0,13725.0,143840.0,5710.0,13725.0,143840.0,9_423
4022.0,14167.0,144644.0,4022.0,14167.0,144644.0,4022.0,14167.0,144644.0,4022.0,14167.0,144644.0,9_424
6848.0,15304.0,139544.0,6848.0,15304.0,139544.0,6848.0,15304.0,139544.0,6848.0,15304.0,139544.0,9_43
5254.0,19877.0,131992.0,5254.0,19877.0,131992.0,5254.0,19877.0,131992.0,5254.0,19877.0,131992.0,9_44
4832.0,17714.0,136740.0,4832.0,17714.0,136740.0,4832.0,17714.0,136740.0,4832.0,17714.0,136740.0,9_45
5870.0,17122.0,136886.0,5870.0,17122.0,136886.0,5870.0,17122.0,136886.0,5870.0,17122.0,136886.0,9_46
4760.0,10665.0,150910.0,4760.0,10665.0,150910.0,4760.0,10665.0,150910.0,4760.0,10665.0,150910.0,9_47
7880.0,21572.0,125976.0,7880.0,21572.0,125976.0,7880.0,21572.0,125976.0,7880.0,21572.0,125976.0,9_48
5548.0,19968.0,131516.0,5548.0,19968.0,131516.0,5548.0,19968.0,131516.0,5548.0,19968.0,131516.0,9_49
6744.0,18544.0,133168.0,6744.0,18544.0,133168.0,6744.0,18544.0,133168.0,6744.0,18544.0,133168.0,9_50
6390.0,16907.0,136796.0,6390.0,16907.0,136796.0,6390.0,16907.0,136796.0,6390.0,16907.0,136796.0,9_51
6110.0,18831.0,133228.0,6110.0,18831.0,133228.0,6110.0,18831.0,133228.0,6110.0,18831.0,133228.0,9_510
4994.0,17155.0,137696.0,4994.0,17155.0,137696.0,4994.0,17155.0,137696.0,4994.0,17155.0,137696.0,9_511
6754.0,19472.0,131302.0,6754.0,19472.0,131302.0,6754.0,19472.0,131302.0,6754.0,19472.0,131302.0,9_512
6872.0,21704.0,126720.0,6872.0,21704.0,126720.0,6872.0,21704.0,126720.0,6872.0,21704.0,126720.0,9_513
3344.0,10985.0,151686.0,3344.0,10985.0,151686.0,3344.0,10985.0,151686.0,3344.0,10985.0,151686.0,9_514
4330.0,14408.0,143854.0,4330.0,14408.0,143854.0,4330.0,14408.0,143854.0,4330.0,14408.0,143854.0,9_515
3564.0,9486.0,154464.0,3564.0,9486.0,154464.0,3564.0,9486.0,154464.0,3564.0,9486.0,154464.0,9_516
6766.0,14436.0,141362.0,6766.0,14436.0,141362.0,6766.0,14436.0,141362.0,6766.0,14436.0,141362.0,9_517
5586.0,18122.0,135170.0,5586.0,18122.0,135170.0,5586.0,18122.0,135170.0,5586.0,18122.0,135170.0,9_518
5516.0,20613.0,130258.0,5516.0,20613.0,130258.0,5516.0,20613.0,130258.0,5516.0,20613.0,130258.0,9_519
6954.0,19757.0,130532.0,6954.0,19757.0,130532.0,6954.0,19757.0,130532.0,6954.0,19757.0,130532.0,9_52
5896.0,18320.0,134464.0,5896.0,18320.0,134464.0,5896.0,18320.0,134464.0,5896.0,18320.0,134464.0,9_520
8246.0,18152.0,132450.0,8246.0,18152.0,132450.0,8246.0,18152.0,132450.0,8246.0,18152.0,132450.0,9_521
3908.0,11793.0,149506.0,3908.0,11793.0,149506.0,3908.0,11793.0,149506.0,3908.0,11793.0,149506.0,9_522
5644.0,17510.0,136336.0,5644.0,17510.0,136336.0,5644.0,17510.0,136336.0,5644.0,17510.0,136336.0,9_523
6572.0,21820.0,126788.0,6572.0,21820.0,126788.0,6572.0,21820.0,126788.0,6572.0,21820.0,126788.0,9_524
8232.0,23072.0,122624.0,8232.0,23072.0,122624.0,8232.0,23072.0,122624.0,8232.0,23072.0,122624.0,9_53
6888.0,15695.0,138722.0,6888.0,15695.0,138722.0,6888.0,15695.0,138722.0,6888.0,15695.0,138722.0,9_54
6000.0,19418.0,132164.0,6000.0,19418.0,132164.0,6000.0,19418.0,132164.0,6000.0,19418.0,132164.0,9_55
5692.0,17207.0,136894.0,5692.0,17207.0,136894.0,5692.0,17207.0,136894.0,5692.0,17207.0,136894.0,9_56
5108.0,11969.0,147954.0,5108.0,11969.0,147954.0,5108.0,11969.0,147954.0,5108.0,11969.0,147954.0,9_57
2830.0,6654.0,160862.0,2830.0,6654.0,160862.0,2830.0,6654.0,160862.0,2830.0,6654.0,160862.0,9_58
4678.0,15236.0,141850.0,4678.0,15236.0,141850.0,4678.0,15236.0,141850.0,4678.0,15236.0,141850.0,9_59
