-3.74252565845	11.5078447896	-0.41693476107	11.7309351022	-2.24157012591	2.48306184817	3.7608903002	-14.3212881567	14.7603538392	-4.23935366028	0.672303015067	-4.59067274235	7.94345571814	-5.36646312347	17.1991255645	1
-2.95199321773	11.5603522493	-2.34349767544	12.2922896846	-5.23024018617	1.23807921881	2.89418187282	-15.6256352116	14.3065012011	-2.83642966826	3.11012863349	-2.54303837383	7.59064348092	-5.58841228705	18.3269832284	1
-10.1108851198	-0.838326689516	18.005128833	16.8769675336	-18.2782733983	6.51780014354	14.0598472697	13.5161935218	0.664664011602	-5.34079972836	-8.59233685234	-8.22048699412	-6.46672862167	-4.13057274569	13.8345267537	4
-7.72821135076	1.05129445031	16.8958894129	19.0408661305	-16.4773565388	6.12302664939	14.061393919	12.5314295447	2.07563008739	-4.94344738698	-10.2855791769	-9.36723104743	-5.31681155812	-3.28108155662	12.5949412381	4
-1.75816743105	-5.95915048422	-5.30764338326	-3.51642676697	-6.32041180959	-0.91773328029	2.11281664343	-6.5715674124	-9.56181398976	-8.91806638003	1.75591279804	4.67425456053	-4.55905933992	-4.65181902908	-1.49120372086	5
-1.83274902422	-6.21423219062	-4.53423071312	-2.47002617634	-10.1324494538	1.8741136037	0.74947595879	-4.28255703547	-7.97616045509	-7.81274613228	4.73136792519	4.09375625511	-5.02550944526	-4.97461774792	-0.453781456924	5
-1.37660949919	-6.40448479019	-5.86654742294	-3.25247541712	-7.76516435584	1.79708998602	0.208020474489	-5.8004001728	-9.00806795889	-7.76051745542	1.76707434827	3.489556007	-3.28151553444	-5.17157191553	-0.798089565491	5
-14.0261325743	-11.2641456716	-22.5051049485	2.60807709252	17.5996271284	-10.3445701056	9.58182215795	12.3549112412	-0.285975947298	-7.19469468839	3.15626137453	8.01559363935	-7.49305020866	-9.70114999654	6.12015006092	6
-14.8354536575	-12.0921752684	-21.6695994009	0.313456780767	16.6520140681	-12.2026259982	9.06104049286	13.5028823849	0.78695739661	-6.56780842053	3.67443487489	10.1567691761	-7.49366711089	-9.4624543645	7.24518610033	6
-12.5935018786	-11.2359702596	-22.2975768242	0.519084040099	16.4773775103	-11.6526528981	9.73435795722	13.0789377879	0.720278842611	-7.16035256415	3.49242437384	9.57756871035	-8.04154539364	-9.64207692734	6.87952178586	6
-5.81310223606	-4.82215802786	-3.30441817352	-10.4618696747	-4.81684199322	3.36589109324	-3.81662564114	3.2251072028	-4.81070181981	-5.10827205128	-5.42916449046	-1.35497845109	-6.66038891206	-2.45804225475	0.226249467197	7
-4.7296595466	-4.00430194761	-2.37972111108	-10.8101779488	-7.17795980396	4.45125100773	-3.46179085188	2.38267860386	-5.23003813017	-6.16918436331	-5.97516584805	-1.60680062787	-7.66454190608	-2.06176574854	0.608176132273	7
-4.08587226866	13.3345473758	-1.26833753974	11.870463447	-5.75127115447	1.8145768836	2.42611704979	-14.8511269195	16.3364430843	-3.69877001016	-1.00223512734	-3.57887671348	8.16541994363	-5.6644368035	17.6643458006	1
-4.51683892462	-6.22439640798	-3.64595441631	-10.1281763606	-7.64613547166	3.68797208155	-2.50434257426	3.43630761426	-5.66517923956	-6.28904594505	-5.46503225295	0.00251937415697	-6.6171903075	-5.45459449446	1.71599784901	7
4.43095493254	-2.98775171165	-0.950544929756	6.37668711699	-2.93213813339	-0.62776276626	10.5122656243	0.163777031766	-5.53714661131	-4.20968371107	4.04627219451	-4.76415205895	-3.31530589186	0.458903740787	-6.87217790587	8
4.89360171617	-2.81540974402	-0.315594577375	6.91225060298	-2.09701598436	1.26059784114	11.0773185492	0.168224388287	-5.20598949762	-4.29604203946	3.60594211151	-4.9633824365	-3.07479079225	-0.849936500978	-5.45211320702	8
2.0880821694	-3.57010184319	-0.241966125535	4.57234379152	-1.86239965989	1.48568504567	10.7247995733	-0.442968470229	-5.83174510796	-4.7003426288	3.90031717519	-4.93846193457	-2.79691867506	0.804496445263	-5.39508650192	8
3.80136579598	-2.04041241333	-9.83811911092	14.6990398552	4.92181743659	-2.78376336678	10.2314869953	9.19925296326	5.11850258881	-8.2546098376	-2.07071753381	5.21106820131	-10.0825768776	0.642361742199	-9.62435100308	9
3.60977452034	-4.55953653694	-9.20003440684	13.1282700162	5.55705124889	-2.34455746442	11.7162514811	10.1515437357	5.12591031217	-10.5945841582	-1.02702139052	2.85319060349	-9.59025536838	-2.16973502954	-9.49328752872	9
3.17737379984	-2.91080938445	-8.12441106426	13.9132954369	5.10385620267	-3.43888802314	11.7182962036	10.9551738051	3.40267688129	-8.88111569671	-0.339047108227	4.79045768962	-7.34996038564	1.4642485596	-8.89999803992	9
5.76379652122	-6.71100910088	-19.971403944	-5.7346079326	-11.5199667148	2.87701660577	1.93636763468	-1.04051995042	3.66307507272	-4.02019399236	3.71379719246	0.361142679268	7.27587882768	-4.67290593726	3.89760844476	10
5.10359706553	-5.76010314109	-18.4917353324	-4.68405037192	-12.165107968	3.46677310884	-0.163892253403	0.512404144936	2.63494685744	-1.49660693437	3.89377046525	-0.16811812775	5.99590427775	-3.08105163991	4.01521510207	10
3.08144101962	-6.75972759738	-19.6843327341	-5.15315621461	-12.2616499776	4.51129835903	0.608509218394	-0.283516808394	2.01755455251	-2.42067056165	3.34587973398	-3.4738236936	6.35139880411	-4.17763526941	5.27191550228	10
2.07959905921	-4.53507765519	-4.42019600583	-1.25558816813	-9.12624083885	0.880288713263	9.08686711154	-11.6846019895	-5.40674247561	-3.38724239875	3.18862813934	3.09846629409	-10.7811431631	-5.13232563254	-2.01546749942	2
-16.1084091614	6.59223630256	12.6559565529	-3.87038935262	11.3026687481	5.33708824831	-6.1717065507	8.92027880304	-6.99618055338	6.63796645989	3.71624821635	5.69572904645	0.943761555145	-4.2862800427	4.18487494439	11
-19.4152995236	6.77252223069	13.0193765771	-4.3986735108	11.3676540919	5.0245674107	-6.35558146849	9.63962305442	-8.52038958676	10.301970917	2.88384357942	6.73850901926	1.03334866951	-1.79801815081	1.81135005798	11
-16.2700372223	7.18933814841	13.9577864267	-4.85024793525	10.7495467714	5.84484196105	-4.86254616418	7.75764247207	-7.85031278505	7.82733089863	0.859399945015	7.99318756971	-0.918418802195	-3.39476125855	3.00694273412	11
-7.13163399171	9.69370481867	-1.14965859291	1.70985508305	-9.24300808132	7.23013319416	-3.15087020696	-12.9938440891	-13.4776789262	-3.10177072169	7.51361928453	-2.40896142794	-0.382155193777	6.25696510215	-0.799006132991	12
-6.90405426284	9.39735941426	-1.64118647453	2.68964404073	-7.47211746489	4.61326210456	-4.35361952523	-13.5844376367	-12.6710777179	-2.32605127052	8.91324877422	-3.79432481365	1.10359087466	5.68771315822	0.385465803007	12
-6.91830718226	10.342361201	1.26820802559	2.99744430077	-9.68816036391	6.96682799655	-3.04253911984	-12.2955017795	-11.2183982612	-3.33483134918	6.20132709238	-4.14915625015	0.492635953104	5.64311254689	-0.904275701377	12
-9.89304679663	33.7046836882	-20.3257433699	-3.89279413804	0.192825202991	2.93666239064	5.49334581325	3.25065300375	-12.1964269488	18.3102790642	-13.3160610624	-6.64363084995	-3.24357345754	-1.77580675398	-11.7712536523	13
-13.7194477114	35.8461423815	-24.8843517782	-4.37150370029	0.175597420649	4.78615159954	3.66840109586	3.70056710344	-15.8244357416	20.4410949841	-15.3049797088	-7.47267633306	-5.10216759534	-0.720936237379	-12.9220503297	13
-11.3149743317	35.1968952368	-21.0137265407	-2.55051610794	-0.538265622745	3.23839760907	4.30060644702	4.29847140093	-14.0484737772	19.0724899984	-15.5979209748	-8.22087936746	-3.92244632019	1.08294048531	-10.271470482	13
17.4536102324	5.53433003931	1.16651718367	13.9306261166	-2.44413841763	-7.88709895907	-4.20692431573	20.1342099012	3.09176092094	12.5805769058	8.72160840668	-8.03415220684	1.02661201155	3.45917319452	7.31340195454	14
2.74476533897	-7.09614525689	-5.65397410808	-1.31759080146	-6.34605565036	-0.542446958099	6.51655720383	-12.6248171413	-6.33475952083	-1.12703731027	3.68774479499	3.6866803699	-8.7160501296	-4.35677702267	-1.79534582791	2
15.1740708768	5.761648556	0.19501904716	13.2920830114	-1.82189419006	-6.66733551712	-2.88627093437	17.3474944844	3.51818025949	11.8528745468	7.56967032631	-9.03245018204	2.72546914667	2.72002381912	5.87079133673	14
16.1044427432	4.6429136187	0.38066181414	12.5978194962	-1.8409006374	-7.71980465532	-3.39091728299	20.4480568166	2.74408168596	13.9836269659	6.89164760182	-5.49113146125	2.04690413125	3.58418473972	5.18687441989	14
-2.93003016547	-7.84499129504	-4.55107069854	7.10393510501	-5.64547258622	4.23517606155	-8.66821662053	2.7352005231	-2.81245644063	-4.58937752462	-7.76472578812	9.72117877599	-1.54639469358	2.13753216754	3.71903329439	15
-3.63990134249	-8.86107932665	-3.35086655387	9.66297745062	-6.22804472833	4.82091159587	-7.83771252001	1.47768769822	-6.43653777634	-5.54389978864	-8.28707844212	10.2093625251	0.0829346397008	2.20362029634	2.90622562166	15
-2.43532184996	-8.88761256989	-6.44571793648	5.54185317393	-4.33519419982	3.41361994037	-7.77607222548	-0.233961086911	-2.68489507346	-5.39416139941	-6.79801336601	10.441252804	-1.85087197378	0.523524953537	4.2112502113	15
-9.10718552775	13.5301571838	9.03287178926	-5.98961799635	-31.2162635819	-40.6926813971	24.7431064972	-9.9784574723	-4.98074394035	11.6710969205	15.4364208569	-3.11897310929	-12.952478665	-5.1331098228	-2.35621578043	16
-9.83712920531	10.7962779812	9.67334125952	-5.36324306942	-30.9012522233	-37.2205380617	25.5919528574	-9.44295264584	-5.47855894448	11.0762909055	14.7037439705	-1.67178827207	-12.6144812794	-7.44993937464	-2.51421719647	16
-8.22520971784	14.3322973943	9.98631398546	-4.57976192678	-27.8980985224	-37.2803194583	25.4717773379	-8.81438934158	-5.52893384583	11.8549815667	15.7162591866	-1.81086344981	-9.79788547845	-5.59287580836	-1.88307308149	16
-19.3472137059	21.5926581688	-4.18791381773	1.7896183295	-6.54287874934	-3.30784794699	0.665413370343	6.12717597765	5.37185789321	-0.0124332980373	10.7725011866	0.384566196658	-2.76025639066	0.153037214374	2.47662897263	17
-19.5315469434	20.213409764	-6.16657114823	0.589839082172	-6.76573258429	-5.5283777392	0.171038546767	4.92785008958	6.78074453025	1.24561242481	10.3459944393	-0.403254812272	-2.16295912491	-1.86898130983	2.96232890307	17
1.41171420598	-4.43303120739	-4.53287360129	-2.10350651947	-9.60854320721	-0.343942523576	7.94377476674	-13.1776833428	-7.46304423272	-2.68327032951	2.71847916074	3.18996739386	-10.0633917199	-3.87425421785	-2.90220131713	2
-17.8563694768	20.3581188832	-6.1626473501	0.719130222037	-5.8170571679	-2.28566025471	-1.4581630251	4.81953329849	5.57936338258	1.80462782856	8.27730033885	0.797253464832	-3.07132913597	-1.43090089731	2.62876049644	17
-67.8515083841	-46.0671130865	-19.3807860084	-6.61130842568	-4.1802891431	-10.9819474874	-0.248158633168	2.42844518011	7.95456118774	8.30263542951	-10.2894865283	-22.7256629404	7.9107134385	9.62148150748	-10.3374228849	18
-66.389987374	-45.2594905615	-19.4810865078	-7.8975663468	-3.08256621684	-8.47080243495	-1.44173366504	1.15874810109	8.02615276479	5.84548560036	-11.0533954905	-23.9064792163	7.08604459646	9.88744552658	-11.5742891619	18
-63.2888207597	-44.2384066871	-18.1438273308	-6.15140898458	-3.28561199719	-8.10700885621	-2.0299804666	3.25436311353	6.51267525057	6.54313098487	-11.2451458756	-22.5791440479	7.64741462836	9.43714105818	-10.2369823553	18
-1.74547317724	-8.72040669816	0.116928112414	2.26708836287	-0.916730986193	3.12551995208	-2.04854444484	-2.44345015453	0.679405730398	-0.961639577427	2.08512777513	1.77491580463	-0.22961950847	-0.0208020828774	-4.49962242044	19
-1.71988736263	-9.55092762269	0.708062993551	5.1008447052	0.980130832689	2.29246705562	-0.431621904152	-2.34256166738	-1.2435544243	-2.70450842392	1.04433516622	3.73751602864	-1.06212826948	-0.301863191782	-5.20642801814	19
-3.97445366422	-7.41366221564	-0.510138859429	2.09516186054	-1.49843985065	2.72618177776	0.15047815928	-2.72148946533	-0.218918268481	-1.85211093195	1.79461573137	1.81205497563	-0.42802764256	-0.633338832153	-2.41507470303	19
-4.22296217689	13.0847758661	-5.40247793917	11.8618503973	-4.34637232184	7.24694717274	-4.28943614176	-10.3905934231	3.8195102081	-1.09028015001	4.53006035513	-6.0090495092	4.16558030627	5.10807554853	-1.79927232869	20
-4.98775269881	13.4039928225	-5.51852276537	13.2541868701	-3.30263971668	5.05174578991	-1.86635350388	-8.49766580412	3.9802880175	-0.896047393403	1.83964096512	-5.36759976532	5.42086118232	4.15352412993	-1.51496610977	20
-5.14715790217	16.4851864068	-4.92654919219	14.9433050451	-2.05661579216	7.92455978328	-3.48466915476	-10.6720451935	5.8674730664	-1.02819752014	4.04393398878	-7.54975014547	4.55930318251	5.36900959066	0.815170583537	20
-4.32737107079	-3.86673945525	-4.38695602365	3.44430925073	8.06188637895	10.6639044292	-4.50849232143	2.84219472308	2.86756405974	2.66434058802	0.322296290943	8.61624597819	-4.73271920754	3.31888637086	-1.15228173908	3
-1.83912775392	16.8535548254	-6.53169217073	6.74850317203	9.65948693656	-8.8450943257	-3.72208488531	-2.33490260816	11.9427887225	-3.73520739688	12.9496134717	11.5954839481	-18.3443986393	16.2091137576	-6.4781501969	21
-2.41707416147	18.252062583	-6.65785276736	4.6471241306	6.83715931219	-8.36484322402	-3.08599657373	-1.16160981548	9.86342770116	-1.07298154058	10.7548665028	13.1139795305	-15.6052401084	14.7598373094	-5.72299775755	21
-1.61183118941	17.2736953718	-5.86441385052	7.06981898281	9.09789086326	-8.55912187838	-4.81200306868	-2.62425710551	10.0676268577	-2.75754315706	10.1337434682	10.5436007784	-16.0027557476	12.6055492839	-4.92912777397	21
-3.92169621283	-6.42033281087	-4.89467654345	0.812727611421	7.86533456596	9.25374608003	-4.08386765417	-0.0607686652899	1.22752066526	0.246442302929	0.99233964589	6.96745265294	-3.17617561202	2.45632831997	-0.731711052172	3
-5.2188801312	-5.82657731844	-5.85258743785	1.80333796644	8.43062035811	7.72376726254	-5.41963420039	0.342699211339	2.06961384407	-0.0813425199729	1.14939105435	6.16748934448	-0.679940225669	2.1801557146	-1.13432977143	3
-6.96258892404	-1.01110908484	18.0061055236	17.5689089162	-16.0306128815	6.49986219825	12.1974811909	13.9833022223	-0.112703109949	-7.27696706976	-9.81811839406	-8.63593109371	-5.98763038462	-4.07873083426	13.0771391543	4
10.1950222569	-5.03272821238	-10.6469756591	-2.27969554695	-3.86888816658	6.96775034486	-7.4485726193	-2.30115522262	3.14464776384	-0.578611010287	-0.927312023971	-7.98819074567	-2.16362935199	-12.3372060769	-1.05485375286	22
12.0592448936	-3.13494819951	-13.6644572364	-1.91885398347	-2.39218872695	7.24325886742	-7.69676635615	-0.667830464638	3.69461992995	0.810047776909	0.511506561774	-11.1375217477	-1.2419840245	-11.6515060883	-1.99368882852	22
-3.14771643105	1.21780317581	-7.99366945721	-7.33481137041	0.0538703185005	-9.26513411118	-17.3380406311	1.3588671441	-5.53450366854	-8.48738403814	-2.41232889203	5.24744843559	-2.7732117709	-6.42629208101	-1.64521347739	25
-4.30151418467	4.74181844754	-8.11885600087	-6.77527506897	-1.82744482808	-12.5407449919	-20.5294015272	5.00336542199	-6.43337488032	-8.88959115389	-4.04660582114	4.11245690878	-4.64800853833	-7.98880936887	-0.327409481921	25
0.114388027213	0.323743663573	6.76762112071	7.19538891252	1.21313771715	4.51295612425	11.8443894621	1.70281166297	-4.2826571664	3.59734437756	-1.53912956993	5.14142821956	-1.60399875663	3.68314364216	-6.93313607455	26
0.234424730714	-1.10938305316	6.9199625813	5.68625479507	1.54153294204	3.71666953869	12.9947122893	1.4061363879	-3.18777027349	3.34138395138	-3.13026175144	4.44665458207	-2.86422983096	2.06923804454	-6.88911806161	26
0.173621396216	0.389763251111	6.40485518133	7.25467912036	1.85158436146	4.95389893228	12.1657738274	2.24547394476	-2.06855719547	3.95378768896	-1.95268493683	3.19673743347	-3.73664559939	1.07655812336	-6.10964737008	26
5.14976085098	19.3772657826	4.63423323294	-14.8199363049	-8.76322997976	-1.56959888243	8.06132939664	7.23336822772	1.99749656311	-3.23417095266	9.7487530812	4.44775078781	-1.29432936371	-0.506929666208	0.905283864368	27
5.11242686082	21.6900387429	6.85070582388	-16.9450054201	-10.1895387131	1.80011060217	7.74945727285	8.47244326879	0.769137472566	-3.02241496032	11.0312002974	3.7188863334	-0.232145073776	2.24813312471	3.8673429562	27
4.3690765578	21.0509686144	5.46831580444	-14.8947125896	-10.9729031804	1.47809222605	7.6045195656	8.92483396129	2.47244889932	-3.3200324757	9.93603095487	1.82230474494	0.292988283931	0.98618067805	2.08012142687	27
-1.11071297485	6.71061611678	-5.53738431229	-9.74029954929	-18.83851392	-0.258736192884	-11.8534841505	-4.90195637516	0.311565803104	-7.92778921857	11.8441290988	4.87553641901	4.05865203165	9.43668885926	5.48100450404	28
1.07148340501	6.30458043638	-5.95267857842	-8.52521916066	-17.8422551359	-1.84674234352	-9.9673595557	-6.9818624234	-0.242064907473	-7.65202420631	9.83831837739	4.53600086354	2.13513755942	10.2097131209	5.26575921131	28
10.7644526476	-2.72542362907	-12.8987482442	-1.85581782304	-5.04996421286	5.89676500269	-7.5184248605	-3.23730836526	3.56660782064	-0.900980849364	0.360672053213	-9.12179654014	0.177424760528	-12.8170353493	-1.76121524993	22
-0.367590120691	5.41058523423	-3.64422425095	-8.94156297417	-17.1689608117	-0.419137987695	-11.2386488622	-6.06853090017	-0.920279846065	-8.23344527513	9.31902781621	3.12507305568	2.86806181804	8.67631065443	2.32609853511	28
-2.10516055687	3.6416381483	-2.96367282514	5.74429278704	-1.54703884452	6.31339415949	4.30096201706	6.20825887664	-4.00089265503	-7.58108322673	2.97863184596	-0.632703400087	6.6730464184	-7.15042638833	2.27868073214	29
-3.7055576206	4.41601746626	-3.95329060743	4.4914123256	-4.16467961651	7.70354206069	4.10269911917	7.49324664825	-2.46801796249	-9.11526092036	3.65956916065	2.36025321392	7.07254481665	-9.21776762399	3.03465111739	29
-4.7716641068	2.15744345732	-3.30970922232	7.26845839304	-3.18314402302	5.47971950065	4.0001997513	6.04697391279	-2.91991996025	-5.300439141	1.3791267601	0.591511537374	6.09400180707	-7.8162161225	1.32020052141	29
-1.19453191852	11.6941999242	9.36427926296	-13.399571965	-14.2609319334	-0.512710318612	4.95223553962	3.02181227773	5.48973690462	-4.74383643806	2.09271723524	0.276188265653	1.69589292763	-5.23506314624	-0.234022696163	30
-2.94204179702	11.5060220129	13.3882668769	-12.383309714	-15.1029972986	-1.43376437476	5.79732245287	2.2462852328	6.17084496308	-4.71320699162	4.23967759081	1.83453563924	0.894104662468	-5.56377632504	0.830758515454	30
-3.9163426285	11.8508014009	12.2430942309	-14.1356450173	-12.6408664099	-1.92519969574	6.07058146659	4.12607119752	6.38586433313	-4.51030589562	2.54435623999	1.69206530159	3.11889077441	-4.8516352033	1.29960418296	30
-0.435251570601	-2.22196357213	4.9170022437	-0.00074783694982	-3.44560237889	5.7702438488	-1.28118096566	-3.66490482077	8.73015463049	-5.53758749175	1.5741592642	4.04202469319	-5.76344859941	10.2357430989	-7.82865068269	31
-0.68159313999	-2.79518287446	3.87345381963	0.0856225520849	-4.72433976404	6.08991055859	-2.21210048746	-2.33358293921	9.34257204146	-5.62120046374	4.31885460208	2.78644224536	-6.59960588233	10.5172313203	-8.5782003059	31
-0.820497987742	-2.51030016748	4.64445487095	2.10023506515	-3.69719489597	5.73365561707	0.972884364692	-4.34164574054	7.8882524816	-4.52679510093	3.6964463831	2.58559209792	-7.52825683639	12.3760507492	-8.31400203319	31
16.5861365488	-30.3394610207	5.532796913	20.7733831007	-27.3683465726	-8.2420403427	-20.0910602599	17.6570973541	3.29958518844	-4.72107342547	-9.05425854678	7.4263586054	-1.71169505749	-0.00342931294198	4.34495160218	23
-4.68884970325	2.12331179116	10.9033004049	-0.0239313379931	-0.458741727585	-5.03494948303	4.83525711851	0.0187301198997	-3.99032464318	-4.10583182544	-0.743044255339	-5.49533719129	5.8218887945	0.26331761194	-0.214660457307	32
-6.0867416699	2.2227267419	13.2369371003	-1.03057397647	2.23386143816	-4.40923133042	5.86327046747	-0.943547489764	1.15235020577	-2.57369909998	0.0955060559617	-6.51831597929	4.57944834271	-0.931818431508	-0.153641249148	32
-6.81221374918	3.20688968383	11.9446470544	-0.840183260059	2.67813115188	-3.25630326879	5.85420489652	1.8536191764	-0.91053371742	-4.55002405385	-3.19280680599	-5.72896916146	6.32674248863	0.267497127148	1.89761621002	32
-5.67683273934	11.5098352135	3.03619304682	-7.86798164314	-8.90418577357	7.68426870815	-2.7368903531	-0.914625392873	6.58939667008	-5.44582989927	8.66652594447	4.3937186886	4.34887778769	7.51265545639	-1.72528691761	33
-5.60538323726	7.62981172903	3.16371616927	-8.64532073657	-9.27501199164	5.95322016155	-3.27791841219	-0.534341494462	7.42294077133	-6.46557740185	9.14946041315	3.55143913234	6.51958062513	8.0527766995	-0.241739085877	33
-4.15437893169	9.76283416158	3.09951492431	-7.82488087818	-9.79195541675	7.65158888125	-3.09705946425	1.28306775792	6.52572418324	-4.31827948551	8.71462975632	4.90991327804	4.04356506296	3.87270690289	-2.11710067097	33
-9.44970426113	13.0327017397	17.4450801124	-15.7923886399	-7.24186790896	-1.61689792827	14.0681837565	7.32691595389	3.91191499752	-5.3441095292	3.33067126211	2.18362811665	11.6257314428	-2.91407735302	-2.27218613729	34
-8.95728949135	11.0265583173	17.0376702042	-13.2516495187	-7.24263286668	-0.418610780044	13.4008195007	7.32937926384	3.13039901769	-6.28775664817	1.58989440385	3.28188810102	10.6756111685	-2.68803537558	-4.22111046045	34
-8.59319522288	11.2084994839	16.5334675922	-16.7200290931	-8.73111887672	-0.637772319328	13.5863738854	8.48690122721	3.78946321269	-5.73724626441	3.79776120899	2.44485854767	12.8112532912	-0.694749649956	-5.54172434177	34
-5.17022504613	-3.87919713813	1.94418171147	11.9368646724	0.377641875078	6.4369546446	-4.9196271392	-11.4374363619	3.09218042927	-7.28803021135	8.64813549536	-5.52305825863	-7.6980705411	0.820839605114	-1.7581460364	35
15.6991509206	-30.4628549217	5.46901820822	21.6511202748	-28.3899610852	-7.22456304932	-19.5897644788	18.8420181734	2.45173919056	-4.41704720727	-7.75152971484	7.27805139672	-1.46586792714	-0.0990943815043	6.94063735709	23
-4.82778233937	-5.77755152559	2.49669578718	12.5869249507	0.99403804013	7.42926972865	-4.95129836942	-11.3841146288	5.80961727643	-7.39004916119	9.5536827135	-5.22153089566	-7.94596239481	0.233580281632	-3.23716025576	35
-5.0088741369	-4.52138856823	3.43232999647	11.0689267441	1.86896862449	7.63797088754	-5.77192554117	-12.3166797574	6.19840096722	-6.91317734621	10.1771591384	-3.74058247668	-8.18536216103	-0.555174375066	-2.01196716867	35
-3.41661165822	-2.67219561845	0.815985753023	10.6208132184	-6.6933331828	9.13270678168	-0.720037247844	-17.5330753246	-3.98714343074	-2.74964541449	-3.71543033391	-4.41211443124	1.78195758422	0.750089193653	2.1677298163	36
-3.0227868697	0.0768792400048	1.89281318014	8.92641679793	-4.90951016611	6.15916907565	1.9414718758	-16.9360736505	-3.73881653046	-1.66604153505	-2.73194324845	-3.3413559065	2.60678162958	1.43972243043	-0.921638410093	36
-4.65015053729	-2.42694353323	0.672952529867	7.58252243758	-5.49035978524	7.91770922469	-0.935649768356	-16.5989513386	-2.81686976872	-0.416507825475	-3.20437918401	-2.87417787528	4.44128240942	0.289476982066	-0.144816492464	36
-2.2056980455	2.04569886165	2.67707551073	-6.91919016916	3.36368278656	0.527032522431	5.88108568488	8.2536837235	6.60760328449	-10.2860481316	-4.06024465915	-1.37954061698	5.41130174641	3.54766348837	-3.98743038368	37
-3.27921219408	1.69631135013	2.45183417804	-7.08348003498	2.00629738968	-0.163077419483	6.2528675609	8.0907033321	5.87238432098	-8.07121786286	-3.27492350955	-1.99820472327	5.69704401436	5.81002746551	-4.69537861479	37
-2.52355405645	4.30821286856	-0.109965742068	-5.37636539557	1.33520822003	-0.115571747196	4.8642297698	9.38007039053	5.70585706961	-8.81831828837	-2.34502487455	-4.10477468472	6.12825548612	4.13936609778	-3.43718567439	37
-3.68819520517	4.4676931989	2.90601822124	-7.91523433463	-4.91787459727	3.19159028217	-2.79715871489	2.24450462923	0.873255167036	-10.2827467529	-1.66718687848	-3.29424075159	0.976531845154	0.80027054216	-2.82458327389	38
-0.344267705639	3.72094295496	2.62415528144	-6.8654428959	-4.84984133132	3.59654831356	-1.19202677784	2.17500136881	0.227370479993	-9.08141130437	-1.35749788373	-0.893715057725	0.750673128453	-0.134731194039	-2.84003059548	38
15.5969266848	-29.753060418	5.28421485701	18.7502387884	-26.369707943	-6.72037068528	-17.8815901633	17.432146998	3.12774576666	-5.58380362548	-8.22877203158	7.37789116152	-3.80315335408	2.04905247957	3.77248229732	23
-1.71330913829	3.35079726708	3.50178452478	-7.05900579265	-5.84273486825	3.46581302121	-1.51848784736	0.997892783252	1.77358558307	-11.1004878944	0.506905959119	-2.16689449634	0.0143652867254	1.56793609688	-5.35997654715	38
0.511338649863	3.39057823284	-4.58791508367	-5.14127221414	-13.4413432098	0.606613752413	0.661062654198	4.39796604292	-2.92689694349	-12.165463658	0.529861791045	1.33383459502	1.4309445968	7.52600599098	-3.4526054045	39
-0.542170926062	3.89268022517	-4.801146814	-6.71830320597	-15.7192299549	0.820880895446	2.13706794238	3.60981558409	-3.23473426025	-12.2978387442	1.56690238459	2.06092107047	0.659196178473	7.48738666156	-5.09868958451	39
-0.145956262358	2.71590749101	-5.64976325105	-4.81876332419	-13.0707781138	1.9344421946	-2.09601732087	3.96678438413	-4.49173466385	-15.4197092735	-0.743284777439	2.16888502141	1.54018725232	8.72978943335	-4.729669503	39
-36.7458074445	-22.1052116117	-23.1628226033	12.5003515311	5.76372806985	-28.9721623398	9.22648348008	-1.23932977847	6.04807667148	12.8109811308	5.96959272717	-1.50197619287	0.279755393644	8.56044049855	3.53121412051	40
-38.2946261714	-22.7515033795	-22.969820608	10.7490460284	6.08178013056	-32.5929739617	8.67565979758	-1.72111406473	8.623690443	13.5515511873	3.98189632872	-1.53090879147	0.455195637097	11.0740145959	4.92920789446	40
-37.1878340527	-22.57019921	-23.6490785159	11.9030946458	4.21492421834	-28.8108350457	10.0025707362	-2.83451692507	5.4335742933	13.9376563453	3.55050774515	-0.599705918635	-0.534596097807	10.7804039729	4.99401489333	40
-10.1046517493	0.576444207064	19.9043442886	15.0928046582	3.06453086968	-8.11525611507	-16.451816488	-0.582387988636	-13.1099138414	8.50366337313	4.75798614383	-1.41856193104	0.63704656318	5.37966215117	6.19209844672	41
-10.1835779532	-0.434074697509	21.1135023093	13.8900067652	4.09074218585	-7.91702224323	-16.7345198544	-3.00517867639	-16.0948647686	9.80027606677	2.49389814076	-0.334345555789	0.806838773081	3.12855596136	6.63751942094	41
-10.2761250307	-0.173683258304	19.8937537692	15.775508831	4.49267823306	-8.69444881228	-16.8368407155	-1.47639719674	-13.2968653978	9.66022695044	3.82594024348	0.144517730604	1.13593663168	4.69243890838	5.89045373505	41
8.66040229088	4.64775285842	-4.09791159283	0.0672215015936	8.19353248169	-9.4420455161	-5.74644610901	-0.0416417938789	2.98966926207	-5.98331330701	3.21273323057	-0.20852680917	-2.84059176305	7.95130407314	6.03243083937	24
-8.49403023559	-6.90596990094	2.15214257792	-1.31277280631	-3.49511968079	5.17013831845	-5.56034524092	0.28512482667	0.633485525005	-8.04836990675	-3.02701075303	1.46209654805	-3.35751606417	-0.942465321594	-0.750712463735	42
-7.87148863373	-6.73012727133	0.445820381836	-0.507560045019	-1.9211194262	4.87726560977	-1.71841985688	0.370140194614	-0.00726251108157	-6.15223041195	-0.231203685948	-0.96285149275	-2.89268469265	-3.33405965234	-1.23808036444	42
-7.95480476743	-8.29581144673	-0.67042689857	-0.112079482115	-2.56996254027	5.45413246765	-1.84744020483	2.72014453293	0.805221637775	-8.30626399062	-1.33225676098	-0.87542388189	-4.75458953125	-1.46270326192	-0.648324897909	42
-6.40107386216	1.86351541528	-0.9023914298	-14.3485703589	0.381277978295	-5.13213254263	-7.48654157086	4.1271667172	0.620287861237	-13.2666673565	0.0390795635378	0.621688675007	3.52384771326	1.79550205858	-0.00941379749589	43
-7.5493306628	1.04074644192	-2.9815062515	-12.468603225	-0.27962669196	-4.56021887835	-8.54716464717	3.83252873486	-0.257316670228	-14.6850072232	-0.779551224595	0.9041582758	1.19375879679	3.14098117976	-0.702895676806	43
-7.58112086579	0.673329399042	-0.906915982458	-13.8763800484	-0.153860890689	-5.84411463143	-6.42843974992	2.81332486999	-0.91057975234	-13.8811924017	0.387350404855	0.10989221968	1.61317445895	2.78450054	-1.56543226983	43
5.62280977215	2.13770625697	-5.20903371742	-0.649606247918	8.17298895858	-12.833031187	-3.75656935921	1.06059302308	3.94401127291	-8.77697314843	3.41207038467	-0.308273548366	-3.64930220929	9.34090851743	9.03077461326	24
6.86049918636	3.62588369021	-4.57074397778	-1.3208680968	9.1823066322	-11.1046550316	-4.07474392378	1.73833904457	2.47235512844	-6.50398712224	3.30292615422	-2.10495142695	-2.33265932265	7.96847757835	10.0243768587	24
-3.57258409082	4.72578990437	-7.26613715692	-10.2227493007	-1.92108642343	-12.5974439777	-21.0623143393	2.85171212226	-7.32141369614	-8.94923939784	-2.24721916199	5.42131795667	-4.74107304126	-7.25405201023	-0.329169397232	25
6.0238851202	3.74305633153	10.3470321906	0.272669597058	-0.0227496709452	-3.59665160851	9.55659168675	0.275060889743	-1.61925952631	-5.64266235384	-5.34491194236	-9.30937335343	-5.73625711438	-5.22351315567	9.05261252777	44
4.94237139705	3.04546302964	11.8415762954	-0.489548593976	-4.14211105017	-3.68960954445	8.38684803055	0.77168989779	-1.96623362827	-6.36659905202	-5.75477991365	-7.26568810399	-6.51358858808	-5.40764960998	9.22964813813	44
-12.1958251572	-20.2228140528	4.17681033286	1.66439136367	-8.89465747195	0.471042897394	-4.23987719973	3.96871788563	-7.83273226069	-2.61700317996	2.14649142526	1.7753810587	1.47289283001	-4.6064317978	-0.949476504212	47
-13.7291243643	-19.4462913967	4.57895997688	0.875280863313	-11.0285674007	-1.69021178373	-3.90267061886	1.71179025815	-9.28106065295	-3.50191938677	3.26211775829	2.07568810044	2.78588319908	-4.24343600897	-1.25723839633	47
-1.76206007063	8.69473995717	-2.15709252844	6.11945985068	1.99651338156	-4.63978400257	-7.297215419	4.71965031702	1.03158063264	-1.95418695138	4.68211961959	-4.57942508513	5.72394393313	-1.82103757109	0.237330751217	48
-3.88787080654	9.77937544094	-4.64766281502	7.07201159679	-1.68294741841	-2.49630116738	-5.56585357666	3.3088416545	1.27656297545	0.801342817457	3.42715256328	-3.23992669329	2.59929217097	-2.04861530489	0.101865590502	48
-1.85812963506	11.1374363377	-5.32926569967	3.43381241596	1.87684535949	-3.45964972567	-6.81558463252	4.2173432256	-0.216842232553	-0.507332472261	3.33120633614	-5.24872616704	2.48434140767	-2.59549404752	0.643618427748	48
-8.88703161992	-11.8170575833	10.5526085965	-3.99237606569	-0.315560147602	6.09086246435	0.983756270221	-2.41603605666	-1.71608996422	8.06857098648	0.0843754397422	5.09767466661	-2.93086553162	-2.54459735692	-5.20427056165	49
-9.13994895567	-9.87577271365	10.9313296053	-2.54453289584	0.173564869959	4.97884484501	4.25022297447	-2.88886421006	-0.0766319175442	8.21691463669	1.18740268343	4.66614809345	-2.01975183377	-3.93355034417	-5.07714140233	49
-8.79876697385	-9.97767835883	10.1387968956	-2.08801235007	0.206799031789	5.89146216769	3.36663724141	-5.74683217474	0.0517436430188	7.40228502839	-0.553144619535	3.09274024403	-2.29314562845	-1.11728631261	-2.72197685494	49
-12.0025881853	-12.6850380963	-1.88930113446	-10.3483700675	8.57221609672	1.86231736711	1.64123234295	-1.52661903184	-1.00916704139	-3.50542513497	3.75679032178	2.29054012159	0.352893010858	-1.74343228237	-4.70638897065	50
-10.6685430627	-13.4501629684	-2.48722433092	-8.62742941166	8.64582642108	0.320199770008	3.42047382745	-1.13274860654	-3.14460304821	-6.28868380428	2.67639194595	4.14352180897	0.705730951867	-3.1000400427	-3.06305206803	50
6.25880926034	4.10340030387	9.97886940619	0.0908375319885	-4.00751667353	-2.67146202605	7.10938738736	-0.110175662994	-0.915668332903	-4.85651093361	-5.69214713347	-8.65704064601	-6.63691523025	-5.41820860795	9.23842072876	44
-11.8627194636	-12.8147310503	-2.50754419031	-9.32536144151	10.783732813	1.84424990899	2.00216608366	-0.683269865165	-0.0101670541313	-5.4705566623	1.99760708775	1.64683617225	0.13619870581	-1.01933699257	-4.23303818648	50
0.401292510939	4.98410987213	-2.23476330477	1.99577073546	5.35112193132	-0.430392010336	-6.06048540859	7.65878670976	-3.88802990264	1.21219028208	-0.792063184447	5.76484479795	1.57238980781	-0.706034173136	3.60032229483	51
1.02342101077	3.93550602321	-3.00863504122	1.58961534003	1.94383131721	-1.13217934203	-6.08292075323	8.94915005948	-3.26872324422	1.27555976431	-3.38307330128	5.32639657995	1.74328066634	1.83867666296	1.77241449729	51
0.0363482734142	6.18327368705	-2.16890203918	1.82182533763	5.10294275446	-0.459670597335	-4.79433474862	5.53078330455	-2.33192533275	0.532634371421	-2.10435519213	5.98120232189	3.17078930982	-0.292829121326	2.40743633428	51
-1.96706027928	-7.12437261945	8.73147530656	14.9226122163	2.65525381055	0.834676493982	-1.26149811593	4.98126631076	-9.30885605426	3.63361293739	0.660464063646	6.50126452829	4.24084441542	0.49846529634	-0.299770215193	52
-1.89304097235	-5.34374143654	8.3054945716	13.9225313214	2.64638462424	1.10894512966	0.236945708535	5.27065243328	-7.63757083959	3.0865020118	-0.734664331445	6.90416550339	4.23203225887	-0.193006357824	-0.832815314146	52
-1.71584114601	-6.49845850541	10.6998504811	15.2356237453	3.2503987046	1.34550857962	-1.47596584307	6.21070548671	-6.73742968323	4.4252911666	-0.615533714555	8.77412227939	5.45026237636	-1.6743333953	-0.400913869898	52
-16.7608954439	11.39030644	7.40728681967	9.75869878538	-0.942859815828	3.11475391027	-10.7929360068	-22.0923842909	-7.60238665875	3.19782789161	1.76525458841	1.36178977059	2.9812906513	6.68224668232	1.05609552083	53
-14.8484826152	14.4478437345	7.64890575492	8.78275539783	-0.0154201317897	2.45862501686	-12.4069459398	-21.5752556249	-10.7701739362	1.93930581521	1.27328050184	0.846266844536	5.96204774902	7.54093029872	1.09800860838	53
-15.7109582555	13.1894222256	7.35078917791	8.70584636646	-0.60539746946	2.32139175539	-12.3394975996	-21.1295631788	-8.1208729184	4.35457332836	2.11089598542	0.975580917332	3.38158101346	7.22879053946	-0.291966182296	53
3.62987877591	-2.8129027967	13.1982064131	-17.612474688	8.73041061908	4.0968271757	-0.243149052737	3.34137547996	-5.12133347384	2.70686448972	-10.709158314	-8.72308973403	-2.59307149205	3.5854741653	9.31257123957	45
1.11682944529	-2.80187191681	-3.56545916168	1.99071477083	-1.82765504135	2.289281619	1.21229069549	2.94331426202	-1.96505765708	-2.87973014107	-0.0437259169198	2.20232772998	-2.00852316315	2.6333006266	-1.82665168168	54
1.02814301069	-2.08001329863	-6.15791897041	1.0489805624	-1.36027449228	2.85588541861	0.574650261376	3.1693415124	-2.51200062539	-3.67521196349	0.442029414164	3.02781203819	-2.12739217109	0.604878994967	-2.00954239032	54
0.726274656657	-2.3792534473	-2.49383891075	-0.724348464857	-1.96338581354	3.82537793066	2.96454218046	3.19880659048	-2.10192990852	-0.801592857852	-0.603618420381	2.85283734697	-1.55249363755	3.20699672974	-0.941944593647	54
-14.1281735172	36.2931772276	-44.7320567264	6.61275212455	-14.6360903357	18.1482628207	-3.92008954326	4.38521927539	-2.15756168346	13.8716159927	-8.70232937629	17.7753165144	0.152292829024	-2.88334982154	0.375129886531	55
-16.0859049651	33.7336295299	-42.1086018565	6.12686068226	-13.7944772975	15.950463196	-3.77930168742	3.26169921612	-2.67070693576	15.2080708154	-7.49188307511	17.7475600879	0.766354827075	-2.03694639509	0.058162685196	55
-14.8309324327	34.5564295754	-40.7436330923	6.64917242244	-12.0770504859	16.5366533084	-5.53227866057	4.42271523514	-1.65430276192	12.7758763542	-5.57422305649	16.6970640655	-1.18800511694	-3.62868094528	0.742420033416	55
14.372160354	-16.4117269473	17.1444206829	15.4453437187	-14.200965128	-10.642646269	-10.1838028418	8.77272564869	-6.22029760394	7.00857493569	-3.29590977541	8.79241973482	1.53375807327	10.4613427468	-2.02229031952	56
15.0921695117	-16.9642570405	16.2993424326	14.1053216808	-16.5002946874	-7.0894607415	-8.26198345143	7.89610148014	-5.74927412767	6.85380277967	-5.26943247908	10.2198792434	3.27762951887	10.7094898228	-2.7671757916	56
16.2090936034	-16.9156554245	17.4299337105	15.4939900035	-14.4255472069	-9.44462801891	-12.0611497123	6.74933361004	-4.89845342544	5.97080472318	-3.75504039603	9.26150516433	1.39573192954	11.8826701637	-2.79290463395	56
-17.2317526765	18.1746670543	15.8056386533	-22.6071414633	8.01380611038	-9.80562586771	-10.2784084679	14.007964096	9.41016290476	-5.01081738961	-16.8219566703	3.77102145741	5.58593910239	1.80496439137	3.43998660363	57
2.05301716311	-1.05715136495	13.1450727427	-17.3203115932	10.4381822835	2.36545981456	-2.13014948843	2.7549826865	-3.13836907671	1.78675136423	-11.2801818897	-7.38857517417	-3.9114097886	3.26134111284	6.01763639742	45
-18.4059829847	18.5741660173	15.3890854744	-24.0696517147	6.13563008744	-8.86512172591	-7.84710067884	14.0988949104	9.09829481197	-5.9299828011	-14.5416238414	4.19269110272	5.90064995661	4.26131183679	2.2833064575	57
-18.4182362376	19.3970986442	14.6686959821	-23.3225296244	4.76655661968	-7.64705700224	-8.51205331655	14.0468992616	8.7579615163	-4.58902320701	-14.7936906024	4.05421098966	4.82641701315	2.12364320425	3.67559725201	57
-6.27946334219	-1.46997043771	-11.2376919268	2.79609527779	3.84202262151	-13.0273254592	6.56010677669	-1.40291893857	3.66288193055	-4.61433833904	-3.11698225952	7.72186976517	-0.925555997741	1.95328258015	-1.08946512174	58
-8.08271052609	-2.18868766433	-11.3138889178	2.43547345315	2.69723766923	-13.5121637985	6.46054877492	1.68998448696	3.38577246378	-5.05488576269	-0.584985457504	10.6426073295	-0.574132863941	0.674637894587	-1.11421895562	58
-6.91108299678	-1.51492992735	-11.8060202814	2.10895795857	3.17762473614	-13.1815251194	7.3420645241	0.194672690251	3.16463461154	-3.50244114619	-1.2977234745	9.47171596882	-2.82952186355	0.804710482733	-1.0295311686	58
4.81460925256	1.71474685868	-12.5869334882	5.00606027115	2.2187149962	8.90465147307	-2.16928137478	-2.51544140304	5.74537288815	-2.395706567	3.08172066719	5.48498370644	3.76728421872	8.60322880014	4.97888276045	59
4.87122717462	0.442479734473	-13.3505203436	6.1533930386	0.255494182425	6.32621424968	-1.24754274776	-0.813761631955	4.62910746519	-2.51898229317	1.84260216608	4.21966154948	4.89738349039	7.90017684072	1.0500796652	59
3.99950892691	1.4694579911	-12.7714529338	4.50226925201	3.18707594298	7.60642142688	0.206710515514	-0.443583506443	7.92412655292	-3.96264997509	2.09234598665	3.25126460286	1.58944501818	9.07993155122	0.417670123433	59
-0.972928716981	-1.75286300046	8.14876672177	25.0205782094	5.78013608466	1.53927116399	1.97922161116	-0.53407929239	2.88218628847	-5.27144737047	-5.52222476631	-4.01189429484	6.02256191905	-8.1597561641	0.33112161301	60
-1.11547870808	-1.2706152575	7.66667888171	23.6223466795	7.12779450285	1.4029541368	2.37680306047	1.32099999606	2.07467130648	-3.29654309972	-4.98109850687	-3.40384550942	4.6161050309	-7.24018134648	2.95363379939	60
2.32426632311	-3.16119666783	13.2474709288	-19.8301197615	9.98755898018	4.79986109973	0.322374351479	2.54645564472	-4.4660018116	1.78892605419	-11.6019580434	-9.14378199002	-5.20469634744	4.45196774424	9.40727216112	45
-1.76353669777	-1.02204971455	9.75103809361	26.0714689119	4.79905948473	2.84298578788	1.83474824982	3.18887136693	1.50523338646	-4.80288233372	-3.42510794585	-4.06120981149	1.47173448466	-7.9059234068	1.44821321553	60
-9.30854956498	-15.2374899612	11.2890652071	6.5862408272	-4.18430048971	5.83272126412	6.94882298497	6.0384309487	-7.2424837715	-9.33228996595	-3.92929177053	4.15484195964	-4.19705315827	-4.77068901335	-2.60473855746	61
-10.0587911843	-13.9630588508	11.7212825908	7.35142648134	-3.11208607332	4.70642688095	6.97635561465	6.00286957337	-6.41785864065	-9.77602460312	-3.46867193282	4.72223751643	-1.84130788624	-4.0051564411	-2.81899440314	61
-10.4995062389	-14.4987221298	10.9005242946	7.14189950345	-4.16038039924	6.12990062451	5.13186989217	5.21493904759	-8.16486946126	-8.30071369352	-4.56105270908	5.58858991738	-2.5090094038	-4.67332273037	-3.90759419035	61
-42.8815747565	5.50268616239	29.4872228604	-4.41865225057	1.92693769098	20.2999052346	-12.2718036297	8.521777254	25.5753707373	22.0745578581	8.43178388207	2.60681060654	-6.05938405573	-9.9034911107	1.52361429219	62
-44.6337577627	3.22340646895	29.0466510248	-4.86192018978	2.378317926	19.9413460164	-11.9647109678	9.13270245084	23.273853442	22.1285494362	8.77451863633	1.55208554027	-7.95303506715	-8.14524621094	-0.799978682079	62
-42.7474712821	4.78689319571	28.3312622008	-3.76184406816	1.17809847959	16.9087610906	-9.54640959726	10.2767212279	21.4655990383	21.2229736323	9.23367369355	2.27605264776	-7.29530475212	-9.10144772725	-0.516789148204	62
-19.9484139844	-10.7298597617	3.31253707229	-6.99182854104	5.61473673603	10.7297317933	-7.19099922524	-3.05468414184	1.10960744104	0.299957380838	-5.85607302811	-0.558260219611	-2.0260364628	-8.38638835742	-2.09805351693	63
-18.0706444349	-12.671894021	4.43950114132	-6.04856281367	6.43957863302	9.11853971685	-8.52171661168	-5.46024248131	-0.523046768509	0.510718676994	-4.58965098763	-1.26377376306	-1.0797290812	-6.26606715167	-3.3371250198	63
-17.0118967566	-10.5974425012	3.1827240707	-6.825832189	7.26579482437	11.1295410686	-7.57421658742	-4.12356582086	-1.3135821812	-0.631578166952	-4.46926629573	1.52882893996	-3.49247676952	-6.2727080463	-3.37960423823	63
-1.68882125891	-2.00321686229	-2.4988406387	3.42613915192	1.61226597115	-9.62725912683	-4.146745644	-12.1472565421	1.75833121244	-3.00748205198	-9.30004015929	9.06935633609	-8.32349105675	-6.27372619506	8.14374964026	46
-4.66227181427	-1.15157578974	-3.3914370749	2.20023646708	3.36032318742	1.56266865633	0.963236197796	-0.856254968538	-11.1842947391	-0.420193433987	-0.60823255696	-2.24568219837	-3.45477860086	2.72026204538	5.85495605389	64
-3.41145519	-4.03084721312	-1.85903160281	3.57638335375	3.16966924346	1.85556198858	-1.47997195145	1.08220624612	-10.4265949874	0.221567666692	0.157813570839	-0.540825805737	-5.24460013702	3.7913708377	7.45204375607	64
-5.79453040867	-3.34006966107	-2.2226258039	2.64089899023	2.65127445667	1.03941889284	-1.06402895512	0.887983758048	-11.5862868681	0.869637253209	-0.443875540643	-2.47251181607	-5.33096894547	3.282657428	8.2171132858	64
1.88608395319	6.04772657379	4.31241611913	-3.80939540675	2.07434771329	-9.45447415558	-7.77760754909	-0.517069805756	5.39957867358	-2.83072978166	-1.49398266703	1.36487779826	7.48090585543	5.00310816884	2.09868584446	65
3.49297625103	7.22049641626	3.57930892983	-2.46194652442	0.700639612811	-8.91709157481	-10.1952418105	0.0681807090756	6.9512356595	-2.21059974838	0.323099691065	0.844479699609	8.93023455574	4.69891581979	4.44842139206	65
2.15838961254	9.48806179607	4.17964791187	-4.20418068659	-0.735674015331	-11.2741737316	-9.17583324799	-0.415142946804	5.79932588031	-1.99951669503	-1.63163810702	0.923508705917	8.5000501833	3.38939378768	2.25557088969	65
6.62500153514	12.9329972528	-6.24885117705	3.12532092006	-0.223720341381	-5.02104259811	-0.320226598041	3.74454547221	-2.32825821575	8.68889148156	-5.91350126161	-5.48581131611	8.54599245684	-0.377053678585	-10.5089418132	66
6.85219802915	11.6395579639	-5.25965853266	3.29448459743	-0.40957328549	-5.5279334498	-1.23850441195	3.82028531284	-4.05253242599	7.00373601403	-6.47002611551	-8.06467170781	8.51694268397	-0.880028376661	-9.34193516561	66
6.55749323028	11.6414125185	-6.09217186966	4.3475819633	0.054658567485	-5.23978028134	-0.318919403181	4.17957279286	-1.72494141376	5.09997311914	-5.18437781456	-6.21221011732	8.1129817145	0.901591623524	-9.26858286252	66
-3.609538552	-2.34730415385	-2.95958715492	2.71712291015	3.25203087058	-9.91278333143	-6.03297195489	-10.126875541	4.68960976546	-6.91120525255	-10.2113416903	10.9470320354	-10.5999818263	-5.48757675834	9.72420397758	46
-0.43373431071	-2.88030737139	-5.03858239694	1.56708399132	3.78623289945	-8.00012233247	-5.03076735142	-10.914243397	2.29781387829	-2.86510065612	-11.8217185861	10.0455010587	-9.97062111692	-5.86455056652	6.92167285	46
-11.8454108831	-20.5267515311	6.47599716441	2.20798661665	-10.0724552271	-0.730158082831	-3.76386619275	4.16874029224	-10.412234342	-3.35165858041	3.22581243599	2.23900712524	0.831410926981	-4.06530543581	-0.0452650863963	47
-9.35687413409	13.4944529713	9.33559640681	-12.3019086354	-0.0986800789262	-7.05163317723	6.64826029023	0.824373451296	11.2524614156	-2.64232354804	6.92265802114	3.81674255775	6.51216068599	-3.51027147008	4.29092765298	67
-8.31953113042	9.8907757126	8.06614402987	-11.7840847534	0.561152384348	-7.10392034731	4.42201801443	1.05022651359	11.9465492391	-0.40269570918	4.94986811042	6.41786507809	6.49874280805	-2.48108556379	4.50650720445	67
-13.2053674578	8.28195136003	-12.972553379	8.11364208491	-15.4757329652	12.9889328013	-1.80781156796	-6.62500059304	6.81843746172	-3.40248909152	-11.8354038461	-8.61163192451	-5.22212815686	-8.07257840995	3.3434230382	70
-13.2547393521	9.49014171371	-13.3876291442	9.31893108859	-13.0228898937	13.3043813509	-0.393653426233	-6.75678254628	6.55709882921	-3.66587941243	-11.2975132728	-6.03189476542	-3.52900151231	-6.52553549137	4.3981688487	70
1.89327182617	1.93634902227	9.21912354432	1.12614163741	-5.95639590833	4.92352498397	4.19279443303	-8.57815357004	0.0657960707175	2.05020649062	-1.21246622806	-0.860743894641	-3.96027060671	0.408750676575	-3.14259532222	71
-1.82691462344	1.35920984082	9.10484067291	4.7886525189	-4.99112543358	3.68867779535	5.70140507864	-9.43839003265	-1.51118390088	2.11512709461	0.640401278523	-0.112684629666	-4.7572890159	1.03961512816	-2.49812763098	71
0.9055727949	1.2459385282	8.86839918739	5.35181006444	-5.33851683369	4.4873721978	4.09489810869	-8.81702773836	-0.898813062123	0.393979038081	-2.16694092985	-0.164781772445	-4.88102105595	2.63448642754	-4.27033911172	71
-6.64220948471	-6.95623093314	5.60970909732	17.7529275682	0.417100989675	1.42145114032	2.10332804296	7.74150852613	-17.2618483788	2.67767159841	-7.35875585157	3.12466374776	1.67473690036	0.423524697464	2.97300141397	72
-7.01276148331	-7.80661334027	7.90213289908	19.9642709075	-1.46720255369	0.49411040291	1.37383666173	8.65889441316	-13.3618750123	2.48125196575	-6.17075723301	0.86391809401	2.9596643079	0.590167544046	2.60492142245	72
-7.76667476402	-7.77144046349	6.17438915822	16.97053844	-1.61325437137	1.75724378719	2.80788651086	8.76242578149	-15.4952834379	1.26485202743	-7.30308759339	2.14186185727	3.07769527784	0.411262888809	4.58778033851	72
-13.8697659816	14.8848753617	6.95617849042	7.95650236044	17.305790908	0.867019814461	-10.6645750315	1.91866054605	0.0243769367828	1.54984238786	1.17716450939	-3.91524900336	-3.99122900031	1.26440990516	-1.66690598084	73
-14.0167662517	16.5385763136	7.57977570105	5.2457210842	17.4712963595	0.956274002713	-11.3127781409	1.32037330426	-0.66471826788	-1.14759753949	1.91466467151	-2.70130071055	-3.85420085536	-1.42034404159	-2.66724042244	73
-9.35702699773	12.1216678515	10.2099817319	-12.3095995129	1.86919591121	-5.75604707597	4.6986804917	1.27156725935	9.88108263653	-3.2317123428	6.6452754093	3.17563559395	5.79128270333	-2.50010248662	3.58312042145	67
-15.2546175946	16.2767196839	7.23831876772	7.40244235853	17.6967846319	0.265562819335	-9.01932668821	2.83564213814	3.43899811244	0.699427579922	1.66745994623	-1.54757008376	-3.14941598345	-1.29196076544	-3.39353570549	73
-6.97001062459	12.460246839	-0.347173874412	1.66119458054	-6.9764409442	0.213576708418	-0.278413035736	3.75227989858	0.89004898896	0.273648388378	3.54564754466	-1.83656897151	0.25120587554	4.00317228198	2.28121795508	74
-4.79109638485	9.21440276286	-0.0280167526056	1.39935612455	-7.62250322251	0.0291942831156	0.91658281484	1.75848661185	1.06387898145	-0.800693947984	3.24613995415	-1.83250711304	-1.3066038375	4.07635265516	4.03693615128	74
-7.03563172331	11.8490700209	0.519365224237	2.23062703207	-7.61460960297	3.10020038797	0.0520641903415	4.78341443305	1.47772310937	0.833139916702	2.87227155105	-1.56165585794	-1.90008727958	2.79125218798	3.83423122297	74
-15.1644287843	1.0984614127	10.3958882446	7.1832548967	0.401526368076	11.8520729125	1.91142106302	-6.9192460546	9.89970953635	1.54128712996	-2.61145692058	-4.51762976431	-8.00360649103	7.30613531713	0.200544008242	75
-17.2428180748	-0.496455648925	13.6015396787	10.6242661715	2.27807028788	12.9680771939	3.86624536105	-6.66102413721	10.9808027062	3.82789481703	-2.77568551263	-4.74757271711	-8.89702291557	6.11134562639	-0.189291098035	75
-17.5718040238	-0.790231931631	11.7000458799	8.88241511461	-0.518803170752	12.642981957	2.708641326	-6.21760477412	10.2397605662	2.56123552371	-1.90282651694	-4.77758267522	-8.04067321207	6.14498109141	1.33110269316	75
-10.7206696236	-10.5354850499	-16.1249158997	-11.040825554	-1.49472528723	-7.67184658266	-6.49879250389	3.40516330028	-7.42654154991	2.33571820441	6.44346731198	2.69289731502	-1.76495631847	-5.49678504453	9.21955927156	76
-10.8214049592	-10.5221237204	-13.3405029083	-11.7576578564	-3.08485842044	-7.7120354051	-7.98955734605	1.31986972325	-9.96679640551	2.83028652296	7.45787657335	3.18561670836	-1.2487639461	-6.68935736543	9.47966827855	76
-8.22386858778	-10.8769903448	-16.8078892958	-10.9427785434	-5.72642709492	-6.69604670682	-5.46851380409	2.41025496578	-9.43776024442	3.4343546788	7.76802624285	1.35318852777	-1.26903764739	-4.77595973077	8.32679268159	76
-1.94156832881	-0.524407970283	-5.70936977562	7.49773454264	2.90400835857	5.16491801894	13.6801797098	14.414207479	-4.89292189751	-3.47321673795	0.478234715799	-5.99811533841	-1.01309515415	-8.27421255447	-3.60289423005	68
-3.12108373571	1.80501095575	-0.560717490253	0.915573045481	4.19482984017	2.4175417083	3.61769533493	-2.46718098579	6.32185205178	-7.57826595041	-3.1131208915	3.29828967128	6.60716617088	-1.10760279097	-0.630563257136	77
-3.25644549224	3.11979882949	-1.52201112017	0.74671708558	3.7365446633	2.88796025388	3.3026266035	-0.424301610322	6.83263648814	-10.9189135717	-0.786708976749	4.93741006302	6.59992728767	-2.81170974975	-0.416554066021	77
-5.02886129458	3.66982763285	0.627198029668	1.85225715057	2.12553264241	2.11354944946	4.58674171716	-2.33171919483	6.99254023908	-10.3751093683	-0.873729676351	4.7043970317	6.09648152654	-0.833321363794	-1.31037087517	77
3.61852520393	10.2461620484	1.58828673103	8.9702482015	-0.803944928254	5.09731956083	1.35172677494	11.4300812825	-2.31219968755	2.44591519608	-3.19993397973	-3.86015079671	0.0745055556039	9.13206814141	3.201833795	78
3.77548703906	7.95049509101	2.06544754221	7.3934742273	-0.404952460813	7.7873314094	2.44309179017	12.197561324	-2.6387297804	0.635322055197	-2.86292939273	-3.40871467734	1.9734330971	8.91109593936	2.7953413818	78
2.35017680259	9.47033228756	0.201045493662	6.4799120954	0.764466042666	8.2333866077	5.07964231195	11.9663129889	-2.41792965437	1.37261233592	-3.3236532837	-2.49043634869	3.40828337372	8.02943923206	4.73209427923	78
-2.34588121276	10.1610801627	-0.875360550009	1.07172318686	-17.5433292703	0.627751463166	0.246338968938	-5.96169016979	-1.68652383961	-3.64584405157	-3.01763283128	-1.300710803	-0.823100395517	-3.45078941597	2.28200195115	79
-1.38864405847	10.7186678033	1.17596438711	-0.358301574935	-15.2621984326	0.834772673599	1.10265664375	-1.18271414512	-2.78228653132	-1.02095560086	-2.11450954541	-0.934012046046	-1.97317968564	-2.70426334033	1.08460128004	79
-2.25523373056	12.589970467	-0.53814990749	1.67900658586	-15.2219485856	1.34810339315	1.80304135588	-3.35243630722	-2.65281146937	-0.25630559683	-2.41234376432	-1.63814751555	-2.41906315016	-3.60739941571	0.346447653533	79
-7.36122959654	8.49264027572	-0.502053037698	-5.85676207689	-9.48644070127	-4.39890597959	-1.77102829403	4.76133083862	-13.1137082464	-8.74759534391	7.3067698382	-5.26724160893	-5.94288610324	1.43237320786	-4.89837429153	80
0.386299124593	1.31459883668	-5.96688234574	10.5434244288	4.22389015465	4.9124270328	12.2501660237	12.0964576621	-6.27778121146	-4.07338866052	0.878049557739	-6.79348068571	-2.27737446432	-9.46510712639	-4.06025583418	68
-7.73481872773	4.68168853699	1.61190384498	-5.32237097775	-10.1278086118	-3.78739732461	-3.03130585137	5.62480456337	-12.0717242203	-6.13087238193	4.56437710088	-4.7273974555	-7.32382317134	1.32849598342	-5.37302407346	80
-7.80666814164	4.42300760083	0.799071894225	-6.61616297789	-9.55283035127	-2.89835920424	-2.54483619171	7.25282360058	-12.8125446298	-7.92734936362	3.27991731778	-5.61417240703	-6.42314995851	0.935193750535	-4.532482443	80
-3.96590275683	8.81629158613	4.74384459598	-3.81139781881	-8.30649014497	0.452340375546	1.21079571656	7.76913205618	-3.39882465544	-5.01263396754	3.01815991643	-3.03912058532	-1.43322354894	0.380992265839	-5.28022925053	81
-3.39553130427	10.3976316985	4.82273123818	-4.1695538836	-8.96045654266	-0.0949032580317	0.898473163116	7.73337491132	-3.44884710944	-5.56743332715	3.20313921104	-2.38130798507	-4.28834330005	2.09199532338	-6.90661593132	81
-4.04818240135	12.0969902437	5.29070687069	-4.77409757262	-10.7681865586	1.01423200139	2.38747284445	9.27081479354	-3.71770807418	-6.43408393802	1.58929821253	-2.54213684532	-2.91966777584	0.172959406203	-5.06783815782	81
-1.44766933336	1.13520425087	-13.5931019766	-1.42367628092	-5.71496159487	9.22699908564	-1.53954621175	-5.15727251685	7.85564931121	-1.81292623095	4.36178691741	3.54713116775	8.53984752872	9.29132281233	1.45281390566	82
-1.53253791706	-0.962703359803	-11.7119356585	-0.263552068713	-5.81707505146	9.08396931299	-0.226288562096	-3.54797363077	8.11704140701	-3.23005343155	2.08079489492	4.29319042864	8.06258095745	6.46541847535	0.0714695395064	82
-0.606685083161	-0.204525195436	-16.6097333854	-0.295660857882	-6.6500052792	10.5989750401	-0.0019214585246	-4.33771644657	10.5646145599	-3.4764840838	4.31391690779	4.82424822564	8.69196534022	9.02401602976	1.31808717543	82
1.4123313624	-0.414418785371	-3.53104066154	10.8442049317	2.56141839543	4.84319359121	11.668149289	11.8575047195	-4.05066336953	-3.30999309459	0.00126824990662	-5.18192649754	0.883871476029	-7.57370810508	-2.69461207079	68
-11.1835334633	2.03474639247	11.7052122479	4.76723900495	-0.77248858804	-5.67600543436	0.9451640852	-3.65228591527	4.19782654847	-0.976147298027	8.84763536294	-0.167713119708	-1.17868410736	-1.29354149347	8.3670208205	69
-11.8329079745	3.48926436941	11.7588571384	5.12106373407	2.23029196813	0.0883631090254	-2.33531031603	-6.38531237621	4.77250213776	-0.426249894241	7.97817351583	2.23198212434	-0.712559793833	0.730531316003	8.24993585736	69
-10.5899957467	3.26835226088	12.3232711246	5.20627099592	-0.120712360091	-2.2505244047	-1.18517896523	-3.21237638296	3.12234467684	-0.224756540007	8.53814558147	1.34310950281	-1.47244802737	-0.64035109183	7.01986433021	69
-11.7982234554	8.45124684945	-13.0782250853	7.98723992525	-13.4376212498	13.1796298332	0.168210528114	-6.22766963349	6.10185110147	-5.09305238629	-11.7406090527	-7.91979813103	-3.28834236931	-6.67751067069	4.29909106739	70
0.628572735609	3.60767791327	0.771018600768	-1.88980256102	11.6098314309	-2.83149474265	-4.51036508894	1.19984316631	-6.15022671107	2.65192785547	7.13397728	-2.95000566128	2.57379589417	-5.23101765694	7.34632477751	83
-1.77695582201	5.80021228342	-0.563591874709	-1.54323289684	11.6922855626	-3.03881811516	-5.42380645058	1.04664216333	-7.64141160918	4.89868321572	6.28297926979	-3.80789061924	-0.578082493226	-4.07163534143	7.17650158478	83
14.334863063	11.9930693063	5.75451043823	3.72937501454	-6.28056365618	-16.4188872582	-3.35574127437	-7.91693299768	0.684862331788	-3.09558256138	-14.6380484239	-12.3913105596	3.13961721444	6.30467779485	-6.82236826502	86
14.4519508627	9.20026166919	5.74364664054	4.01047186612	-6.83151181099	-13.8696335676	-4.74340594389	-7.39272543333	0.210041693492	-1.26612691508	-13.4468506179	-9.84869717726	3.97403618822	7.78916765573	-6.43760197979	86
4.77871893624	-1.469020586	2.54931954446	-7.85176996009	1.24809954482	-2.01944652711	-6.57610056121	-7.16148832988	-1.68870357823	-7.54099386219	-3.48635906373	1.41636984305	-3.67525769241	-3.18271281525	-3.14838137576	87
7.52345692235	-1.9892427382	3.91268057758	-8.81667481103	1.15314220387	-1.74150552896	-3.55567742972	-6.37967315066	-0.890076834003	-6.35977573914	-6.65279159185	-0.203188173581	-2.98628322784	-5.48442266526	-3.63573877231	87
8.36514291212	-2.05037440281	2.98941426566	-8.87228688532	1.36907093175	-2.54785636158	-4.98749177813	-5.30685816346	-1.06526033954	-6.85951081156	-6.09439637401	-0.362562087466	-3.7992721044	-2.31357416484	-3.55531566107	87
5.88215390903	5.15059574156	1.20862334115	6.82700741684	1.00826924616	-1.10361075359	3.06031383919	1.8683388772	3.24187420538	-0.188595927948	-1.79039416781	-4.11999260636	5.86467734892	-1.66416022687	-1.24809214307	88
7.25309002111	5.98388546068	0.672909156903	7.50444540184	-0.92964863733	-0.615429783957	2.82915564211	3.80282713939	5.62741760122	-0.199614565745	-4.48076529571	-5.78583924569	5.62906807033	-2.31616384096	-1.04868377255	88
5.9608569847	7.38705880813	2.70846114844	8.3292750717	-0.915829735133	-1.94543721173	2.857319644	2.62745020538	3.07040360639	1.36606392107	-3.95449109721	-5.37323007845	8.78279048852	-2.15874312223	0.368357235199	88
4.64436542418	-6.28848498629	1.80425096277	-4.43716434942	4.75832350018	-0.135235386103	-2.41259169575	-3.22419339454	-0.306664719082	1.75437994604	-3.42498495588	1.14766352578	0.0388950698345	-6.03217524593	-0.933203223746	89
5.70476936987	-5.69052114933	0.897247183734	-2.01604820455	4.36115421299	-1.55738757402	-0.668018223416	-2.26270468515	1.16702715942	0.492789553509	-5.99192168421	1.61818970213	0.501084483999	-6.74683174336	1.89288487588	89
0.52497306032	4.83073451847	-0.867311343741	-0.932113244592	11.0237800425	-2.61326901569	-5.40453610726	2.42799823553	-7.17471349244	4.04368623048	5.47518977677	-3.78587751083	4.82188121558	-3.74828020376	4.38835364513	83
4.41605236906	-5.46973980212	-0.483906139611	-1.79805927697	4.29763645166	-0.601481442796	-2.51962008053	-2.78875329936	-0.408896794965	-0.04517126165	-4.53066231776	1.92414777199	0.705284398851	-8.24715537305	0.204413833679	89
-3.24911731752	6.74966238281	1.55180119817	-2.09562416738	6.38052882972	-5.07366580079	-1.16646609372	2.23100213912	7.22928392935	-7.01167659568	-6.97004123542	-0.951721896293	9.31421362083	1.17571811976	-5.80116348953	90
-0.540551332478	5.55207395372	0.988004805721	-1.32780763097	5.96425006744	-6.4290655573	-1.59159279515	2.24802828184	5.89454555891	-8.16314696267	-6.59446936812	0.651928103692	9.21874722136	1.36072439754	-6.84069388095	90
-2.00513126613	6.07919786214	1.25892520015	0.258472919004	7.03419802812	-7.27001535104	-2.97441532322	3.85911517349	7.85862927152	-7.17039723686	-8.21548223712	-0.704869502486	10.2537815488	1.92682878423	-6.01920567239	90
2.68597417757	6.56004470873	-18.5642726116	-3.19790926564	3.04501715508	-4.02426314781	-4.465622292	4.24706806919	-7.14537864579	-0.242860193623	-5.00180471194	3.8630240312	4.44903698003	0.583278474356	6.82205518816	91
1.99382603902	4.29479920099	-21.0612333084	-2.60873399804	3.48792558825	-3.30685850587	-4.50565481609	4.84941346998	-9.06751413476	-0.38935470637	-5.12942836262	1.29819350754	6.00621277364	0.775401306195	7.3936552021	91
3.17601530512	5.84686368865	-17.7790495683	-3.96539877558	3.80009664995	-3.64585751864	-4.41356116494	3.0797795058	-8.65200838299	-1.27928851802	-4.45069297648	1.76410275398	2.92534003993	0.734729887925	8.57747589419	91
-2.14738421915	3.77937869111	0.666668045732	-2.97819397005	-4.49662208169	-3.20475298557	-3.7764729103	1.54020604704	-8.01070756724	6.8799643033	0.522823396805	-2.88022764452	7.88943361705	-0.137397272451	3.56941002655	92
-1.07795125714	3.26497930433	0.957621057252	-2.12340102291	-4.05867339177	-2.24176278953	-4.3335330476	0.801308667678	-5.29326299666	8.38274103106	-1.90509786989	-3.96376247686	6.84529015877	-1.5221133341	2.36192515169	92
-0.561971105492	3.75970467324	0.0271192513199	-1.58151406122	-4.69904814691	-1.22984490387	-1.85116320239	2.1648173541	-8.8100819015	7.22556309655	-0.285463732388	-1.54436774338	7.36763053413	-1.48014978781	4.32178901204	92
9.2880433683	-3.70445877886	6.2096337517	-1.30999690617	-0.180466320471	-5.75770191637	-8.23181041491	3.33190534465	4.0510902352	8.85040928802	3.53369417071	7.67311420956	2.32215932963	-6.26456071315	-2.24128979297	84
2.3763755946	-4.96891380319	6.14824059326	8.5276502102	-0.401695344988	4.37290243301	2.3115948978	-4.70985773965	-2.48365730453	-1.74120725917	-0.198575187421	-4.32324940141	-6.30998364414	3.17922498731	5.0976704003	93
2.66791785868	-6.35078423185	6.31012831959	12.595968788	-0.133279126468	3.02590092266	3.55916706719	-6.14669154936	-5.793319874	-0.770146750767	-0.996401131166	-4.08989602666	-5.75007706906	2.76994775664	7.04114745515	93
2.82700849335	-6.3052516001	6.86723735336	11.136777703	0.0962177342483	4.85376290074	1.00828372584	-4.74780257305	-3.70751169664	-1.66592034587	-0.904731552547	-3.13357720113	-7.14273507672	3.61627754057	8.10867026326	93
5.14445325173	27.6950330982	0.677121388756	8.49352217083	10.9115529495	-12.3499843179	-2.86384749708	-0.521351635715	-3.75018127612	0.185714899775	-4.31623943429	-1.21798252818	3.41748640623	-3.89376477958	3.98422155744	94
6.84223318303	30.45104349	0.60959088108	10.5526732568	10.6584086974	-11.6560659393	-1.00118659885	-1.44872442595	-5.42649990054	1.90346548408	-4.32990743226	-0.515774375852	3.64073850443	-4.44870720197	4.40255493164	94
4.56676531602	27.4084059442	-1.96543048021	10.4097406962	11.65771761	-11.5022045209	-0.267745861249	-1.43780136244	-4.30663606411	1.94246996267	-3.42504111781	-2.72314292278	3.33382560006	-3.40685541469	2.64251661047	94
1.1354771448	-7.59235431798	1.43085788815	-9.98384605305	-3.45444104395	6.74750365547	0.551607300041	-6.33971021923	0.319992030449	0.973650150136	1.79120048819	1.09932792096	-2.45082597577	1.78138270187	3.97843560945	95
0.181871393057	-8.28184031417	0.347976635242	-8.74360282053	-2.56990363055	6.14018876035	0.466537990036	-3.53112814387	-0.133819463057	2.49975890791	3.14159412606	-1.52733235273	-0.986938233556	0.934619909815	2.50376321324	95
0.233493895379	-10.0443894811	0.643112668268	-8.42576814365	-3.99977296323	6.12110372981	0.820266984325	-4.4088542165	0.826907595043	1.65248704783	1.76665655575	-0.0655309089055	-1.6292434658	2.30812871154	4.65617770502	95
1.14981185126	-6.69485134387	8.27693435769	-6.48846730304	5.33991560818	-3.31852932253	-1.39718986833	-5.6496759179	-6.41884703046	4.42447103895	-3.2281091617	5.35656928912	2.09894417527	-4.2068700495	1.98305991312	96
8.80117904571	-6.84881893234	5.51767912287	-1.13679689654	-1.36824884173	-5.25264372521	-9.00817299834	2.5999049565	3.51488510306	6.79476756783	5.50727798239	10.2312446706	1.71765433636	-7.90379250468	-3.61309850688	84
-0.0135595833238	-4.79934746591	9.75598319616	-5.48299475435	6.38407540088	-2.63145234251	-1.43583248037	-6.26630608836	-6.5983272541	4.82362212912	-3.20553187866	7.75971128456	3.4117544562	-2.45667293948	3.37187359313	96
1.0947724662	-4.95441386634	10.0840496376	-5.77599599761	7.89684866431	-5.04532255782	-0.303722661375	-5.46421494627	-8.29588226174	3.74949693568	-2.97521885997	7.1701190902	3.49276667648	-4.17884559583	3.82483601911	96
-4.7335221609	1.95715370244	7.40392784589	3.58773149231	10.9719071336	-3.08400170298	5.00141239518	-6.40416608945	-0.862546362918	-5.38737620093	-7.73765353453	7.68218042473	1.24362347337	3.64126420776	-1.2612273808	97
-3.68717502205	0.291544046431	7.2478927851	2.76808653458	10.2444026848	-2.42721071575	6.29921324144	-8.94614748569	0.504135720347	-5.74724921934	-7.48701140627	8.41956064713	1.6970981431	4.07382383754	-1.51435446709	97
-4.1829292522	1.10730976702	7.247891902	1.28801039824	10.9908064947	-1.96156033201	6.9120547648	-6.66977568639	-1.38875833603	-6.50828761179	-8.05676862181	6.3642257556	1.19000142791	3.57976583096	-2.77532626387	97
0.192895185281	-2.41582515187	13.7744824066	-2.91717924691	7.66404022264	-13.7062133208	-0.881367472421	-16.0980866411	-3.03057262358	4.71431246691	-4.50793368696	3.89933431208	9.77707631548	-1.20986154274	0.504654717239	98
0.0464394019791	-0.725205794903	12.536667605	-2.9771414822	8.104140914	-14.4541878295	1.15731928675	-16.9334164957	-2.39806858913	5.14097186077	-3.99367763787	6.18411567831	9.3584312657	-0.72678801761	3.19848891069	98
0.608886667894	-0.393577013526	14.0923761117	-5.64741834939	10.0936376827	-13.5430869241	-0.515787694334	-15.5753506822	-1.14114477625	3.18786258268	-6.72516612996	6.27851356354	9.48007635578	-1.46121031596	2.35264763606	98
3.68139240107	-1.95256428449	3.16205474302	-7.3099688208	2.38217804162	1.05484981305	-3.1129848999	-8.55755414844	-1.26920943332	-1.66809611222	-0.83122778787	-5.57160741418	-9.34427745307	-3.21559929216	0.771978196701	99
4.07486346925	-2.05388579013	3.10909060064	-7.95801479941	3.90422533231	-0.126064793787	-2.22421605892	-8.47088741278	-0.409370741072	0.858821218845	-0.695380546709	-5.87412414875	-8.49923135696	-4.34957660244	-0.618342128137	99
10.1731493547	-7.87058879346	4.37956500019	-2.35982950756	-1.11947561343	-4.6892151414	-9.61300454545	3.60458198118	2.69737323296	9.35241452225	3.21691622773	9.48584846725	1.15608370685	-7.05794827481	-4.93711773157	84
1.89185806106	-2.62531433747	1.65176586686	-6.99719117795	3.72917267713	0.532266226441	-1.32887725804	-7.03840853915	0.467335867141	1.29118610458	0.721482163936	-5.0683013263	-6.95523416058	-4.75872450591	0.0566743207733	99
-5.51678317588	-5.50846149846	-2.71776428843	0.310734900811	0.846248663071	-7.31078055435	-10.199618767	-7.19412733019	0.392884535704	-7.07794194936	-5.09720095361	2.46125421104	8.97470259257	3.01750182482	0.266494128335	100
-6.35549401595	-6.68299598702	-1.49517138426	0.0244816690516	3.90479144128	-5.26297532394	-7.03033271211	-7.26436468323	-1.71723279013	-6.45319091891	-5.09885762895	1.72069581601	8.0488736076	1.23620231688	-0.0652896628329	100
-5.20166392064	-5.87678532498	-3.03833901252	0.625464258627	2.24667081409	-3.97710491364	-8.90598546307	-7.5148057407	-1.26935549106	-6.01981426607	-3.39346793982	0.773385388552	8.81527364491	0.87796285352	1.33247618317	100
7.69547520546	-2.64213219343	-2.71551594128	-2.17708472975	-3.14138654481	3.19306268002	3.32467279543	-1.70796269295	3.53584953334	-2.71733599016	3.21799169991	4.53223721627	-0.259158032542	3.43527332515	-8.96846830441	101
7.17321066949	-2.98679266804	0.15200641758	-2.98645874229	-3.59091674198	3.21158124373	5.6769215697	-1.40769155773	3.18816344537	-0.842769683621	2.28307736472	4.98724498953	0.562267384101	3.25478137343	-9.53199900687	101
8.03381652388	-2.29260739934	-0.172224924158	-3.68728347454	-3.95375444846	1.5185691172	6.45690086714	-1.779474269	4.53290809229	-1.62411518185	1.5431930866	3.73525773373	1.5716339585	3.1036702801	-8.69760057449	101
-1.15581571838	-5.60523209666	-0.84850221496	3.00918808764	8.96822893931	-1.84192711812	4.20671900572	-4.83378860323	-3.46341518506	-4.36641120096	-0.403306643045	7.83414833872	6.86923147839	-3.22690113532	0.480967653558	102
-3.41708276795	-5.17547342089	0.470634215817	3.12588594887	8.01820320787	0.119361311695	4.56947940499	-5.9378472572	-5.73440883271	-5.30903289583	-2.67445111773	5.05830618343	8.45141410859	-5.02903698229	-0.376454838268	102
-3.33184893686	-4.1082785952	-1.17014366964	3.09715650222	10.7040446648	-0.394736415797	3.41285030943	-4.44828802286	-4.5760585707	-4.22663693649	-1.15868616932	5.99055179187	8.73738218739	-3.33056494483	0.414581149164	102
-6.04551818389	-7.56851809072	-0.230545500561	-1.423597372	9.79452044281	-3.07293765503	-3.53574279365	-4.90628160277	9.70917847488	-1.68217142941	2.43122756879	9.14161374568	-5.95756864029	-1.26961532191	1.08751070906	85
2.93757634784	11.8396476526	-1.03958693129	3.4647503648	2.64528843346	-0.379471092016	-13.4952911127	6.79558070705	-0.0660369803341	-2.83680385283	3.61430264846	-6.46087468726	-9.81472252814	-5.26703540099	-4.1292719566	103
2.36224033026	11.5696123572	-0.337820395239	1.96290507028	2.07671369509	-0.750448355936	-14.0684406713	5.1893001185	-0.362743956349	-4.19624227032	1.71269305825	-6.66856835706	-10.2510283686	-4.5623879057	-5.3211881365	103
2.43107307453	11.2239227724	-1.08111513175	2.38134055614	1.93044834175	-2.85801355394	-14.5052737047	6.85130703223	-0.813250509021	-3.86813573236	3.95030265971	-5.1903553363	-9.1918059277	-3.39024618479	-3.12862654172	103
-5.30094900468	-6.25618962073	-0.552986129226	-0.419406481489	9.29868888319	-0.615071781875	-4.26787494176	-3.94633568202	8.52088369011	-3.37715121972	1.66184102419	8.80649541004	-6.60991966128	-0.664593187279	0.164879247802	85
-5.01406406808	-6.7879627744	-0.447106330214	-0.841684283422	9.4906496435	-3.7960810744	-3.69730062001	-4.88423010676	8.19580053555	-1.25228073819	-0.302877447266	6.95648512997	-6.56327335797	-2.45969199108	1.41707610968	85
17.2093524358	11.8527639959	5.00576391044	3.93247665842	-4.64469172204	-15.3647006466	-3.53245061178	-4.90300217002	0.891507002603	-2.08876695359	-15.9870200482	-9.6824060232	-0.76694140843	7.79914146674	-5.47142144941	86
2.04155081865	-2.03283939648	0.541383993948	-2.57254256846	7.81365722037	4.61020764402	-2.71025008434	-0.224116109374	-7.83931229233	4.17701550409	6.51050939127	3.29822232805	2.09824784696	4.21622780892	-9.11639852076	104
1.13420053105	-1.44947466764	1.0810091127	-2.45214787065	8.14470322938	4.79447018043	-4.12631664541	0.629611772168	-7.2293140297	3.47195958152	7.23320012445	2.36806372993	2.11119255679	2.2633637829	-11.5163433024	104
13.5494720166	8.13414848706	2.79314056302	-11.4757751395	3.27511398631	-13.8398129259	-11.0489306937	-2.36716511897	-0.0454598771805	2.42657320057	-7.71896708594	-2.23273105535	-10.1474524498	-8.61509152503	-5.54716668987	107
11.5042878845	7.83611918906	1.22638307626	-10.6702579561	2.86953471563	-15.8236188388	-10.2047329864	-4.19106252665	0.682213348976	3.48323918398	-9.94636360647	-0.648691968683	-12.0566366013	-7.20257353671	-5.62095427369	107
2.08298807945	-2.21048189739	7.68156892776	8.1948699831	5.03180492515	8.1300004726	8.47802651414	-5.41908533853	2.66974816972	-1.12730677757	1.2300302195	1.29137936242	-0.654729805846	-1.1361881171	-6.33232860797	108
1.76353713688	-4.36200315306	7.74967565942	7.89389277781	6.35159420106	8.56228317282	7.05831516437	-4.70594271782	4.06015280776	0.766484187642	1.09476728322	0.102794113429	0.453207031482	-0.152007659522	-6.29526008726	108
1.1026601497	-4.65300598111	7.91216856771	7.91280904561	6.19665275888	8.61154128007	6.79776089632	-5.30427227346	2.92119078323	-1.4745096981	0.789480456513	1.16786541063	-0.626148945594	-1.45916062383	-7.94660181448	108
9.55674612204	-10.6705166325	-3.39756403679	-2.61005961179	-4.35819831756	4.08820484233	0.173843305938	2.08562366009	-5.18357413262	3.65992871318	-2.53672490112	2.37120645	0.274617953288	-1.22783112724	-3.47107165934	109
10.9060924897	-11.3771913277	-3.87772372567	-2.63285364088	-3.32279254086	4.09743682843	2.14201092661	-0.349914373693	-6.43162911019	2.42079760023	-1.03938574434	2.89382744604	-0.309775185383	0.506623087398	-2.31985750828	109
10.0045779669	-12.6871627237	-4.09605273995	1.28075251772	-5.99407330152	3.83600570335	1.41334332418	1.62138484547	-6.97916562383	2.39156890079	-3.05054864097	2.69032212593	0.592481642125	-1.07027462826	-1.07994047271	109
8.7888604828	5.370177573	-1.18419262099	9.22152593795	0.329352378042	-2.10103746541	-6.29935046527	-2.53889288611	5.31663599885	6.60481802461	5.04661709174	0.468488278047	7.95338484782	-5.19868034902	-0.719746669776	110
7.38171570967	6.47157731389	-2.49607056146	11.2040419329	1.43691848572	-2.89974167642	-4.99246917396	-0.837331741872	4.00249493106	6.59474975186	5.13367774838	-0.460979261098	7.26678704614	-7.57619227675	-1.47380189348	110
-0.247544803016	-2.17833139289	-1.70842063705	-2.18740498247	8.39864272933	3.92303481381	-3.42203592904	-0.434364276821	-6.48799948147	4.66333869451	5.97492618074	2.42246501276	0.338922691308	1.23853423028	-11.4530378681	104
9.76832166317	5.38250746241	-2.13855420836	10.6142517293	1.0122499024	-2.10685024408	-7.39550163368	-1.61771397157	3.45482172778	6.85638461153	8.1800985631	0.670298916798	7.78059216358	-8.51056904205	-0.148002659528	110
0.00564048922886	12.4714112716	3.0161358976	-7.04681666983	7.1514797712	-0.278511204279	-5.93383777265	-0.172291653325	-8.9838761744	1.17596370147	-5.3931525656	-11.1473103301	-1.91392609502	-6.6357072531	-2.75570972338	111
-0.815037703142	11.0809454942	2.00128511321	-7.00419445799	8.0359714528	1.08906092933	-3.48337825448	0.899701530981	-8.93106132751	0.0759496227206	-3.95323940747	-10.8479137308	-1.70733937797	-5.91780211241	-1.57268808891	111
-0.637010509582	12.5872635667	1.76563477086	-5.79820729772	7.14223570954	0.327533614988	-4.13228517502	-1.7642757251	-6.27804974984	1.3357445837	-5.53845805411	-9.75239177731	0.0193192897215	-8.18409265747	-2.5633988669	111
10.9808345812	-0.857015670601	-0.90543922524	5.8534760716	8.24229668008	-6.11923954758	9.11628040912	3.76083192213	8.66766642503	-2.19883476802	2.1460618622	-3.62265845617	4.72392633885	-6.9105167752	1.5576190791	112
11.6511117438	0.96121313042	-0.239560068755	7.28494602039	8.6053261243	-8.46390377132	9.44872646749	5.06020430036	8.7711978685	-5.28037968695	3.95423548244	-3.65786801734	5.16645349102	-8.8791829679	-1.6121764423	112
10.265182435	0.702028016689	-0.125028697229	3.99751041577	8.94582916193	-6.08892531399	8.17838142549	4.93640975089	6.85018277465	-3.66725515617	2.64234273972	-4.08432569021	6.65232316459	-6.63480677357	-1.91864947588	112
5.12094348792	-1.24151366231	5.1695540608	-5.26427054115	5.56588884063	0.45054126525	-4.26039491318	-9.42557444779	-1.70322910365	6.53176985982	1.52132238988	-6.51054379572	-3.01252219627	-1.94351382606	2.54582961769	113
2.47694995067	-1.79939869053	4.62750891093	-1.82545195882	6.04239854875	1.06710002894	-4.14700167367	-13.315437418	-0.816365442267	5.52703070923	0.209754272463	-4.92143309458	-2.55696241118	-1.1311941536	3.2143320574	113
4.32982594809	-0.274756769445	5.41302725279	-4.40973650668	7.59691876997	-0.513314852482	-5.06721689099	-9.51343561704	-0.243599584968	6.08180524809	-0.194018943611	-5.93657548965	-2.7596202744	0.28490815713	3.94380963017	113
8.73993209319	-0.193413980411	-7.49241719056	-5.87966400488	7.90042893114	5.47150463725	11.097076963	2.45747047893	-4.20044483473	0.145410732357	7.51648582186	-2.29378974261	-0.272686302068	10.6935232034	6.79831314299	105
11.9312275548	4.45885119873	-7.88745711729	-9.29260718542	5.16343601798	-1.71878647964	-1.89920482854	-0.802975054581	4.03060434537	3.34669172925	-14.7199778548	0.495575819937	-9.18590821611	3.27651588766	-0.0687244606915	114
10.8292856143	6.17368320268	-6.70906229526	-11.2530970794	5.49964527549	-0.241811723923	-0.59640549601	-0.618901466243	4.00949641983	3.26018248778	-14.3416011792	1.32197932268	-7.03706541705	4.13146587829	0.386401492962	114
10.8691879945	5.87705870339	-7.74955977939	-10.9159854372	6.36118068287	-0.31296157271	-1.39005931624	-1.39403863084	4.32349530416	2.90888871196	-13.9367081563	1.74134482351	-8.46622955779	5.76135669628	0.419610498554	114
8.92313457255	-2.54364684756	-8.67038040623	4.15173037963	14.9670875937	5.16019285852	-18.6903180836	4.87629038842	-10.0928024158	-8.79731024603	24.0517832341	-17.6439076251	2.19980588468	-4.0743428129	-1.81641136089	115
10.164440313	-2.15729341714	-8.58652129707	5.30457223028	15.0660564352	4.20618791395	-19.0138372645	8.07132421309	-11.1269367322	-9.94033304537	24.1486287122	-16.7021278653	1.95916701129	-4.68825228342	-3.91326053836	115
9.8213913898	-3.3891624467	-6.23703342322	4.17107522398	11.9365719468	4.73688825351	-17.5409049152	7.53073503913	-10.8846653902	-10.3160164377	24.9169640475	-17.8960214979	3.22889685396	-2.98806066879	-4.07774795418	115
19.2682990456	-8.79231784663	5.66172058166	5.03534352594	-11.9741997609	-4.41564880581	-5.98172893372	-1.85886792784	13.9091150587	10.9538605498	-1.84698738205	1.17198973947	2.64069534127	-1.06182946543	-8.05471621051	116
17.8124699937	-8.69990217923	3.70898400134	5.18679841288	-12.3405604618	-5.41778605656	-6.91364651887	-2.02988023829	16.3295318013	10.0124620441	-2.37553797471	2.16264621391	2.89372453682	-1.17647824093	-7.24145458038	116
20.1615077394	-9.06797531169	4.73719068659	5.72331665102	-14.1725062083	-5.25147326689	-6.28441830193	-1.70902170744	14.9744596796	9.91001406415	-2.08568048314	-0.243252265945	4.85430351076	-1.34533503175	-7.02199362991	116
8.81142158167	-3.99576349488	0.231830660627	-3.1562319466	-11.9288257497	1.67216763674	0.948349932955	-1.40282734802	-2.04696818285	14.106625193	-3.57420042909	6.83439728081	2.33869988099	-3.67860511714	-5.11070641817	117
9.53292099501	-3.19821128302	-8.09764739113	-4.05394770168	6.75804788805	4.77860791663	11.3401797181	3.40769493348	-0.561848467055	-1.10945127726	6.46700642978	-2.39845041746	-0.589750111079	10.3265089265	5.89378601449	105
7.09918577067	-5.10048138211	0.341136966224	-3.76201800047	-9.6212299637	1.27780761876	0.663899193334	-3.42735609766	-3.20971576553	14.8878946513	-4.40763102252	8.34287747793	0.787373039455	-3.73564712627	-4.21637616132	117
7.16310482645	-3.64906141346	0.340987065539	-2.98355417414	-11.3547118888	1.55399360589	1.83132665269	-4.1760630806	-3.17247878771	16.1261047045	-3.57210085896	10.1476887452	3.23302111188	-1.97815819866	-6.35413661388	117
-0.858077454345	8.09352396976	-4.74503432609	8.02226142927	12.8868039275	-2.09870474538	0.686776564307	-4.70253257224	2.39884200825	-0.786074107773	7.52058989781	-6.15111029639	-4.85616266981	0.710525264876	-1.18926652869	118
-0.63794748407	6.09775390407	-3.8520235752	7.59644695071	12.9159010262	-3.20357163546	2.07127016989	-3.07285263667	3.31083184547	-1.1074763697	7.08608756175	-7.09806901831	-3.36436594352	2.25777397301	-1.4474041413	118
1.63809958057	7.05822136033	-4.18758637215	8.1671989606	12.7530079108	-1.8873302487	2.95002863975	-5.36517261302	3.30080443959	-0.944442083096	8.08579596792	-6.2072787724	-5.51423235305	1.77579069713	-1.07197738871	118
4.14272502008	-4.17753001845	-1.43067467748	-6.58867595242	10.8266296535	2.19011224559	6.68300113812	9.52114565468	-4.23735692635	2.22243467986	-4.18369542021	-2.47371025616	-17.210623119	5.66212032214	5.08490585812	119
5.81198215964	-4.24809352973	-0.154585125588	-7.17166229946	7.72441549735	1.97032959915	6.2080701382	9.04034687728	-0.272793343634	2.67599044415	-5.20738778223	-0.930500149553	-16.2188289345	5.39298137878	5.58234760073	119
4.88897926617	-3.93179034171	-0.0883267555089	-5.7963550563	10.1859101088	3.57115173849	7.95505493081	11.1879572669	-0.463331938518	1.2049721848	-4.4840496428	-1.1618308881	-16.9441671379	6.43749405011	3.92579007522	119
14.0994155322	8.30675015545	10.2215003326	-1.92871327938	-0.454756025874	-1.7156538283	-2.20062599825	-3.91044946241	7.93088941122	-1.71056067389	-7.70472590412	-6.16659166474	-1.67399869899	-0.928342810898	-2.04899961165	120
15.0201611894	6.94904787053	10.7476142273	-2.92685968185	1.63889722685	-0.787449055701	-0.357176920996	-2.21306314547	8.14636307917	-2.1304591742	-6.79255827797	-6.24392469171	-0.413005091604	-2.24553324172	-5.60448847527	120
10.206027066	-2.57283691953	-8.82242883995	-4.13036061054	8.82366506393	4.43665344258	10.7973337186	1.68820730163	-0.895168775355	2.92809604045	7.89772396097	-1.02532489083	-2.0138722908	11.876199166	8.35846306475	105
15.3768676954	5.24706755461	10.1110686609	-4.64143617391	0.144242191058	-0.908440490838	-1.09978179603	-1.96769741503	8.01983904456	-2.16451761658	-7.90783868147	-10.298072315	-1.99738937321	-0.414640955722	-2.73989490032	120
15.469503652	-6.42444510349	1.85880237687	-5.1215570219	3.26443888147	0.303454776189	-2.33180003716	-4.10488016749	8.66198327694	1.56421558631	-1.91902256156	-2.29480382803	-9.42923425274	3.68024303963	-4.65427658668	106
14.6810852364	-5.86442601564	-1.42113174828	-6.44879134782	3.30226763087	1.76995228441	-4.19570724601	-4.43691132001	8.64741884465	0.588768121363	-1.96098908916	-1.49086070589	-7.04242008647	1.96636526081	-3.84222182506	106
13.2928168773	-6.9055886993	0.391081523064	-6.2830004069	3.11983649494	0.136083375661	-2.63727071399	-2.94064916803	7.1918194216	2.59776675517	-3.06562396219	-0.737054907738	-9.20905629788	4.29500974289	-4.17076243181	106
11.3319714642	7.40063323628	2.13448281517	-10.7370737551	2.94193201556	-14.2076264344	-11.2997507177	-2.43284208894	0.211283560558	0.738444146417	-11.1415631032	-0.191432923494	-9.9543136638	-5.6882827343	-6.40412443966	107
6.67690593233	-9.67956054013	-7.42887051196	-11.038825057	1.55443724449	2.40575200424	1.7482280175	-2.30230445011	4.72406415552	-1.62929789283	-3.56848453122	-3.59546002941	0.023705198718	-5.56693455724	7.10264778689	121
4.38765411246	-10.2844508613	-8.29384995159	-10.9213379123	2.73086001231	1.76606361506	2.70891151722	-2.47916456815	5.32736673818	-2.07374435425	-2.50607654775	-4.80291733215	-0.831447223766	-6.26025759891	7.98930883866	121
2.25123988355	-3.85641212149	-7.35052821633	-6.51602553908	2.53356922926	8.08804147822	-3.25665872235	-3.87977807323	-2.65375314486	0.565227008408	-1.78806652125	4.19922258113	3.20856631657	-2.4174175496	-3.08778514259	124
2.45163860017	-2.97742844106	-4.72093488815	-7.13041785524	2.80887010356	6.44523892014	-0.905767594021	-4.59449864061	-0.575713819519	1.21069623755	-0.802405199892	3.87666342893	0.982189256087	-0.543594802478	-3.58586718275	124
19.6684694558	-4.64188237087	-1.00428332119	-11.1152305032	-4.12596488399	-0.156571387236	-2.08762755987	3.18999139279	11.2919222178	4.26931581566	-5.97646975726	-8.98077581835	1.87818798294	6.23660202747	-2.41270984134	125
21.1737022111	-7.14593292012	0.24983160381	-13.7983600329	-4.53927983389	-1.03743563097	-1.99837004591	3.59245742538	10.920323689	4.38022458475	-5.99272146755	-8.76283601942	2.05486665551	5.47994726402	-3.2359350186	125
19.5186338856	-6.25983921611	-1.16575455135	-12.7435879001	-4.42748734853	-0.39254247692	-1.62422791772	2.10124162818	10.0145594835	3.07542859944	-7.1177577202	-8.74638812602	0.854757695816	3.87380029423	-2.59687256546	125
-0.467183381585	4.49836159641	-3.98732624613	0.9334520774	2.26206115721	2.7855039344	3.25989525733	4.40204747334	2.47130087323	-1.44399236195	-1.37761949459	-1.68979586925	-0.637863604243	6.82327982574	-4.8244991527	126
1.59666059843	4.81792165548	-7.53741030073	-1.67557743503	2.28337922811	1.0968664673	2.57267383217	6.25560823929	2.51370221198	-2.45469744441	-1.58088155294	-0.873050423662	-0.826197948145	4.20830032947	-1.79332154422	126
4.19913516007	6.67932945266	-6.56350555637	-1.87514651241	2.39483063636	-0.847508446698	3.69393634889	4.40592685266	1.90932171779	-1.35450496498	-0.79746646016	-2.0462697724	-1.40262500031	5.99716569282	-3.35181140676	126
13.6220196772	-21.0518859532	-3.91902226385	-5.16117632967	-2.6390090261	2.59242759095	-2.09289739744	14.4233208012	12.9179923372	7.13752592387	8.0418689958	4.85955437824	3.81299420422	-13.525631135	-5.84839680255	127
14.2005166305	-19.3383154314	-3.80060433446	-4.88199992357	-1.83696625814	2.1702758531	-1.42199281316	10.9161674235	12.0783883458	8.7636957464	10.1080742217	3.64966114266	2.94293094638	-14.4258844426	-5.56958837064	127
4.90558472699	-9.03792521931	-7.95726954055	-11.4338904577	1.40212789805	0.552137841747	3.68015729188	-0.495787117939	4.78170735979	-1.53511602651	-4.92602909266	-2.81949217825	-1.85997314122	-6.12958277023	6.59256346021	121
13.400721992	-20.1369824435	-2.94848372104	-5.38278399124	-2.67417043649	2.94812247361	-1.31910903001	12.895244516	11.8525845935	6.35427686617	8.96441984793	5.88337446979	3.84856857092	-12.4136624463	-4.69412914568	127
5.60365318022	-4.03802667281	3.6683611364	0.842945435784	10.771542175	10.3583854751	11.7907912133	1.92211180643	-0.673960714924	-0.763207788549	2.75570867935	2.84112359259	-5.38056012564	6.67749386748	2.3231637678	128
8.33871117627	-3.56026808344	3.66073775492	-0.774009884566	9.74779262613	8.0901900867	11.5492717697	2.56439638022	-0.528830186278	0.937808262947	2.12417111287	1.61085093639	-3.39200932415	7.88323297813	2.60957304796	128
6.54705664826	-3.74351045344	5.89567366872	1.21153611223	12.3622743012	9.22395597345	11.9156326862	4.3612836307	-1.51890455943	2.09796350039	3.78961614979	1.94544804697	-5.56205670555	7.58224681631	1.0983556883	128
9.11550727138	-13.7914923514	-8.0868538641	-12.3297983393	-4.72404008706	4.51833049416	5.67015637772	-4.6502114083	9.31992481239	1.26106714876	2.04470520928	-3.02141044035	4.02778182931	1.87440360159	8.50974164445	129
8.37299850296	-15.8279061547	-8.31354393141	-12.4599621646	-5.51430697951	6.375213914	5.02026677394	-4.51892185391	9.3128181066	3.57730447847	2.61072846206	-5.19628394226	5.97339215815	3.7195094857	10.2529694589	129
8.83442507266	-15.6707959552	-8.29508923672	-13.3086237338	-5.88900712347	5.66610308845	4.22088548672	-6.06059820736	9.91202168163	3.32539794556	1.55339830115	-2.34252719106	5.32767873436	1.90628971	9.47901221124	129
-2.43889804603	-9.19462549173	-4.03981709649	-2.7367372691	-4.42781573544	9.51850009774	8.01008765793	-11.6478697667	-10.3368449079	-1.81424221817	5.87753259843	-4.18542760438	9.3823050444	-6.10554827725	-2.77845262839	130
-4.12965805994	-7.29425584358	-2.9672750163	-3.95108240442	-3.74772929491	9.48115106677	10.094705873	-9.47721571779	-13.0047626424	-2.5348076772	3.54779115152	-1.96000135436	9.41066170739	-7.19127351001	-0.207451987928	130
-0.729683733296	-6.24915416045	-2.98489856217	-2.36846425244	-4.37884792976	9.42282828073	9.81412817322	-12.2960911112	-11.5487752192	-3.17870811668	3.84964890011	-1.5015148243	10.1516200553	-5.18992066264	-2.28515071674	130
7.1900108689	1.90377509557	2.24883940953	4.92048849782	4.82624881698	-2.12682458147	11.0654320486	2.71510938598	1.7500547616	-5.08448974297	-3.22376228127	1.70825277814	7.37350159241	1.71146525697	-0.761295976488	122
12.4951432126	-10.9344500939	7.61116323975	-9.3854603304	4.65086651659	0.535823893174	4.15205976957	-2.64482024574	-7.47193042125	8.96745834192	7.73932894371	5.26790477787	1.23671438767	2.60576727968	-0.274807683146	131
11.6915376704	-11.1286797157	11.2519319938	-11.8104274189	5.9264080858	-2.64985515083	3.19498412976	-2.35019189053	-10.2146215205	11.3927802073	7.83160300656	4.98172593149	0.851183352734	3.28250869446	-0.69812930286	131
12.8791376928	-11.0355515147	10.5447572907	-10.4291281893	3.65307567796	-0.716834875143	4.56081651789	-2.59703307088	-9.86315166148	9.57302467105	6.39406407847	5.26472796588	-0.573947943757	6.65783694769	1.38841087975	131
2.34433942351	-2.8685503378	-5.25858416009	1.79756905404	3.70489920745	0.218690350366	5.35240104725	-4.28806613183	2.24426890332	2.17878561264	1.51898967477	0.830619832516	0.16678940632	-10.6491941223	-2.21460250139	132
3.23177914148	-2.27118056868	-4.43108582788	1.01333215898	5.50079669864	0.215001931659	6.4364290099	-4.45329383647	1.10979804715	1.20459478823	-0.489653655939	-0.106303730602	1.48214291791	-7.10286176843	0.0174873196827	132
2.04040860228	-2.20949036621	-3.4645076431	2.06773265586	6.6428659521	0.656067540441	7.87080914134	-4.40418514914	0.105657670114	0.202749039435	1.32001906492	2.66713606384	0.419115732514	-11.7227951128	-1.02696103714	132
8.71554348576	-1.04261270497	-5.55241974987	-2.95407959798	-3.936927655	9.20514304017	4.76372438945	-3.2439456182	-0.10589020168	5.45196009084	-2.88176188715	-0.707850407643	-1.67738512517	2.07720721697	1.69414953274	133
6.37240423412	-1.45136741586	-4.35347535729	-0.260006575746	-4.0764431926	8.3465558421	4.61354965819	-2.55424520398	-1.85167533158	3.55050533312	-4.8875588177	0.415123787776	-0.784917252729	1.6801404602	1.14605224827	133
6.97474231923	-1.74865702637	-2.02296377133	-0.0775150503041	-3.01260735536	9.05594436133	2.6397201892	-2.88440264048	-2.00592206924	2.90261167978	-2.71848140714	0.77012880397	-0.513926001768	1.80987715966	2.03265139822	133
0.363299475359	-4.07895907525	3.78942255061	-11.0512465919	7.13073202278	4.47452877702	9.50540623467	-1.17709837135	-9.62657055982	1.90314207478	1.32997947625	2.78617538239	-2.82306335045	0.656340087985	0.896461511339	134
6.92196863445	4.68438978915	0.601226848945	8.06773430908	5.4137972859	-3.34530305158	10.1175176107	2.06816081566	0.916709407812	-4.96233682813	-3.0436111478	1.59372046443	5.86141878154	1.86778037802	-2.23002196237	122
1.47375746428	-5.11207291785	4.44243983979	-11.0470610264	6.77456978861	4.82568632264	9.88485139974	-0.172625992787	-10.0961363419	0.0491125570502	3.51227988436	0.115467444969	-4.21932958181	1.4147184761	-0.79942094439	134
-0.714635996729	-4.56951962861	3.81723591479	-9.96474279278	8.23460671076	4.15273211944	7.56947492724	-0.00781798975771	-9.45360982509	-0.917296288877	-1.22452576224	2.05509208098	-2.10376473579	0.853421011228	-0.891139078705	134
12.6146256546	-10.3897248823	3.85275948673	-2.8142130495	1.57841633411	1.91593878874	-1.84066771712	-1.5397839306	4.23548402833	2.76316323683	5.01123325415	-7.05693698498	-6.4568782996	0.210511779822	3.21946846054	135
11.0166464782	-9.00083032898	5.24712516248	-5.81901404709	1.79132324777	1.85142962679	-4.5589776075	-2.82840017106	4.39467336868	0.504413622129	4.24452978573	-5.71540122756	-7.00468372113	0.638823655117	2.51393235058	135
11.9012945334	-10.9640985533	5.59589702131	-4.08428105739	1.87068134093	2.03969726495	-3.75853012964	-2.89596908301	2.85921750753	1.17173010789	5.14352665882	-6.59139594125	-7.37170898626	0.241750119963	4.26234506099	135
26.4405532579	-5.72418612358	-13.7176664614	12.128867919	6.99348487538	-3.2559933024	-3.37658784851	-3.75294706094	13.9373219305	-0.381341646932	5.72710347007	-5.09606787873	-0.902534231542	-9.86500600531	-3.97921376637	136
26.644565384	-5.31878296411	-12.7173818643	10.4126362927	7.10279960051	-7.19391085265	-5.70092664677	-3.49029589543	12.1639182606	-0.930969710188	4.99544513603	-4.40733700271	-3.91965800527	-12.2284299695	-3.28590961526	136
25.4926572115	-5.50019681916	-13.8411856901	10.7234052297	6.95936926093	-6.01445628095	-4.49092715314	-4.17869222511	13.7150095999	-0.869877235158	5.69085890574	-2.85021883247	-2.21816561784	-8.15035094863	-6.14586929852	136
6.82623975156	2.19835034281	4.16128675639	7.12532402005	4.98493555575	-1.95333085236	10.2484115646	0.0296750351961	0.7173568536	-2.46998313145	-3.39713871591	0.689133389482	6.13519973964	-2.1092723938	-3.40193071179	122
22.5877862576	1.26873743619	-4.01952539868	-13.2638305498	0.249589157366	9.22984854741	6.15531059129	9.4399324973	-2.50288507417	16.1408313143	-1.62218422526	0.200764804973	2.6402439905	7.20437045263	4.66234781996	123
20.1615363522	-1.03825221593	-4.34271737109	-14.7709686548	0.659864827918	7.65855562477	4.45978534146	7.48440246994	-1.58317727996	15.7536215857	-0.999625951228	-1.14282321177	0.186956384894	4.1323641261	7.71981503099	123
19.1749483711	0.171098502988	-3.36284719499	-14.413895686	1.46274362482	10.4155559776	4.64526368827	8.00095202665	-2.27255489228	13.9842021887	-1.27615473815	-2.00043427454	1.46616353127	5.3716552589	6.69604235397	123
3.12823229608	-4.64220613154	-7.26109773693	-6.1188246791	1.62645401357	7.09528009951	-1.21658976052	-4.16712181609	-1.85683179916	1.01778034979	-1.14093451832	3.68035345945	2.86136098313	-0.688002330878	-2.28088959473	124
-3.62855325478	-2.31760507189	0.922252710349	-7.98098285928	7.62296626059	-0.550513592168	8.02144613406	-1.23257263879	-6.40315868061	2.69949614148	3.63806141536	5.69293406014	12.3666870748	-3.37712835907	-3.74179189815	137
-3.72030373463	-2.96152926936	1.45012185749	-7.6559619505	9.60491471285	1.21360066981	7.74466725265	0.394208041194	-6.35947023674	3.68419331902	5.73285929837	6.20555136025	14.8798721749	-3.45289094413	-4.08913667067	137
-1.4758648323	-1.18871830055	-0.760269871759	-2.6445733376	11.9479152411	5.07097947457	12.76278251	1.71793429315	0.759489658203	3.75833015109	-2.65288947417	4.61285641051	1.60731869226	4.29437112601	11.2284997355	140
-3.16966876125	-0.0134603690064	-0.718718057496	-1.33740237431	12.3794975021	4.2688861467	14.6010601464	2.94701460207	2.70542475156	0.427609159602	-2.98859817126	3.88464394448	2.10893152198	4.92196481059	10.9045112882	140
6.4664826662	-0.648713104119	9.50149559707	0.489387109704	0.159257851092	2.50706273003	3.64329969265	-2.96303082306	-1.75428321558	3.8180514767	-7.76739191167	5.39891733469	-4.88260686793	0.41147495201	-4.72460527465	141
5.39170132611	-0.372940325238	9.69907446829	0.729450581473	0.291064505467	0.482189275328	2.87459613156	-2.66623577617	-1.60631340958	0.99656144991	-7.75518936997	4.54131824178	-2.53399646529	1.91358748321	-4.62123400404	141
4.30399895272	1.31871643989	9.15500346584	0.736181920501	-0.898902531954	1.11509740887	1.05411691875	-0.657921187177	-0.463994355594	2.89208355384	-5.96719835807	4.15868765157	-4.00759680143	1.28586460206	-4.2761904549	141
7.04392717853	2.81291831192	1.97698992947	12.6945474154	5.49600409407	6.24127974035	5.46449224849	-3.70812395562	6.08881935391	1.34678944156	-4.91029783511	5.94685354438	-0.529233079449	3.28109672836	-5.05768354403	142
9.58759587627	2.33583665748	2.98760486901	11.69883394	5.55971257218	4.15475108696	4.35176853425	-2.90773474841	6.82869768642	2.4431743036	-1.75322595424	10.2990109291	0.138271836634	1.04783632386	-5.38078394409	142
10.6548000257	2.18451950655	3.68289207162	12.8418620165	5.09123253447	6.25916494084	5.39165274446	-1.26399770094	7.66057301079	2.80240877794	-2.30202605555	7.57521108374	-0.432779527996	3.13359666324	-3.83305968364	142
14.2317048245	-0.319160727156	-6.23384436898	4.55240388022	7.82586810061	-1.69805789129	-0.217865188874	6.48549573992	-3.41746411957	1.4024781857	7.03696528167	-6.6192005214	-5.01151699476	7.99689827964	1.01812592173	143
15.1081954297	1.27133318656	-5.01816365196	4.21663322839	6.3005966183	0.0748463249843	-0.932261625742	6.37303361081	-2.5915131255	1.68602837827	6.23282513169	-5.2149967697	-3.35892620314	6.94781035986	-1.65862182691	143
-4.23077471425	-2.44514206388	1.45653754435	-6.68707116532	9.24752138219	1.56699414782	5.9346928009	-1.80767419591	-7.52299143739	1.90881325205	7.29795918742	4.93229409647	14.0660036131	-3.65103066795	-5.216375531	137
14.1501550531	0.35090778076	-4.52630451728	5.59104005672	4.71723275174	-2.23140282627	-1.19336653339	5.52622561696	-4.37757284055	0.0783350210941	6.30759121056	-5.56612870777	-5.4417933709	8.47411623292	-0.266804945959	143
4.30613347029	2.04152470435	-3.16401411669	9.55822406314	1.68977961519	-0.472403663731	2.7129317595	3.40199196162	3.41541679415	6.59783948175	-0.853611080272	-0.775455180161	1.90814811224	0.613425702165	-3.46143311378	144
5.51819695966	1.12393996405	-3.55207653164	9.48129492768	0.923626993464	-0.683140748878	3.33304635191	3.76674951694	3.59014866668	4.93432397226	0.327802295823	-1.1800536401	2.94152240367	0.412671960241	-4.85261793047	144
5.66094295526	2.65458673432	-3.0618695939	10.3605573839	0.432559443908	0.270697671096	2.9983954434	2.36645796288	3.5724723175	4.14462465488	-1.38028763113	-1.27836128553	3.35898067329	-0.0609229111163	-5.85618517203	144
19.3415792227	-6.55610380506	-8.29650857237	-8.92493761135	-3.77047473447	3.08431246116	0.656888678302	-8.05036481343	4.07935758028	7.28578996656	-4.5786574148	-2.96565421304	-1.45665970209	3.81945978248	14.7988179242	145
22.945602614	-7.23218461661	-11.9890697734	-8.95076675296	-1.75684979225	1.19856940231	-0.446171796486	-6.63398605258	3.30300097713	7.25075047593	-5.02110457447	-2.43395058418	-0.613485176532	5.83102675624	14.3396813439	145
20.1801920057	-6.7330175002	-10.3750629681	-8.62496873145	-3.44518627384	-0.190452880903	1.60576048539	-6.8120523938	3.25293893428	6.57446248762	-7.126370771	-1.34445745554	-0.204963719696	4.73726915876	13.2281556259	145
10.7951217158	-11.548192982	2.39042702841	-12.9625061659	-7.7118260278	6.99013793877	-4.55485374224	-1.59948064434	-7.24434729169	7.35146613361	4.87570542388	-1.40869266835	0.0818221785597	5.11712211581	-0.711447251817	146
9.41076385054	-13.4108984877	-0.419423364797	-12.1195012466	-7.4496045896	9.16588321565	-3.76472171467	-1.63066289182	-8.20113096301	7.37035969717	5.68394236523	2.66591353113	-1.21310276541	4.40011633257	1.40487362427	146
9.17505362065	-12.2096243755	1.58481847088	-14.2268544895	-8.79295012105	7.941412308	-5.57463354935	-1.93069708316	-7.24259719313	7.25085372167	4.11844051904	-0.658267379777	-0.522264769742	3.01609770159	-0.858665660375	146
15.476831984	-8.0915665088	-2.59604504608	-9.29071961826	1.81282119595	-2.41272661678	-2.31998183173	-1.40074173993	-0.155949392693	2.61257582976	2.93686456395	-4.77686941382	-2.29881052288	-0.479379278335	-2.27056294924	138
11.6651089669	2.57152893215	-0.214741739162	7.90489637878	6.67811269049	-8.43650520154	6.38841454057	-11.3615862196	0.302671521415	-0.435597519475	-7.53729702252	3.91849818452	5.59269787723	-2.94268871965	-4.69718037552	147
12.7901715171	1.30729220254	1.93390028823	6.33505769775	7.06979642922	-7.57531166543	6.09102985494	-11.6977591122	0.821953085059	-0.675589258138	-5.49148262698	5.22768298396	5.99706505901	-2.49970891542	-4.08169379261	147
11.6781174484	0.266493145248	-2.78501295672	6.25495810544	8.31387640403	-7.85896380163	6.23017846986	-9.23673174092	-0.499968137734	-1.18617615935	-4.89027910021	7.6455534677	6.79382517202	-1.68365648154	-6.9245302874	147
13.043786085	-2.95755774691	-1.57662865889	5.81141288347	-0.407024458018	1.83827269153	9.75008237065	4.57453296666	-1.33103019177	6.64022965243	-0.637868448252	-4.91334456997	2.61806851926	2.58561077884	-1.01961442233	148
11.1089712935	-3.86014390232	-0.310579077077	7.04995459923	1.29572438547	1.17237915582	7.65175337424	7.47359840248	-2.8302205366	10.0762334486	-0.99817724817	-5.31515780514	4.1973793546	2.58626619922	0.886747292446	148
12.2012710232	-5.24672706489	-1.28912265929	4.49126089802	0.59931123958	1.77867334238	8.89069875913	5.31445915662	-2.70524354907	8.31320561702	1.09431308994	-5.20455800875	3.91835165674	3.14311822378	-0.415997150017	148
5.39745289288	-7.78471860874	0.811785243548	-3.59018779837	3.73553440389	1.76232051016	2.5693165983	-4.11344952621	-0.324965349016	1.7661389278	0.965712037821	0.84199516352	2.05472729915	-3.4713185694	0.874090432424	149
5.77885133758	-8.27074866898	1.33444791993	-4.45005429817	2.08203501984	1.99448238344	0.832405574831	-4.93111798033	-0.129281578343	0.134179686356	0.549915863065	-1.32023354406	0.665124673689	-2.75435115358	0.393798531961	149
3.71217574483	-8.12085641158	-1.75353005262	-4.49503939027	3.38108641536	0.0496156141653	1.03706256488	-5.37975030189	-1.21319933058	1.54948063841	1.5605458401	-0.0771136767079	2.78856819277	-2.46343163461	0.566761761326	149
11.58352176	0.478144592871	-1.80111413413	2.24630933969	-2.96049959576	-0.23215112196	-4.4517141232	0.344376542016	2.81737759718	11.3146101992	6.80157757746	-4.07262697769	6.30328147274	-2.40470562721	-0.715662651221	150
17.2506880763	-9.27912658588	-2.26396397665	-10.4802006505	2.53509829348	-2.24626701708	-0.589091866508	-0.46971375457	0.185573264279	3.33334753212	0.965914334934	-4.10195897439	-0.817695278705	-1.36024247671	-1.10707161376	138
11.6079310596	-0.86785255719	-2.16050230138	2.43917912502	-4.92821449306	0.663926519833	-1.19379818545	0.208490820617	4.23018397886	10.8721064282	6.39837822994	-4.83027868038	3.97205778055	-0.790906838314	-0.994669122651	150
13.5202347076	0.388917156963	-0.70869756237	1.85510555133	-3.61873259379	-1.0166211341	-3.63668019589	-2.52560823129	4.95101796322	13.0559065414	4.705557178	-3.21616132195	5.69137047457	-2.18264113231	-0.282898489741	150
16.141527999	-9.08771865935	-2.86411079147	-11.0441262459	1.96725201288	-2.37248521833	-2.60254655397	-2.90499523472	-0.610028712967	2.34783078717	1.69215835086	-4.98567796817	-2.04574102783	-0.608040280859	-3.21958610994	138
4.75111265007	-5.81854600758	6.57266742153	-3.77259595407	6.81240431022	-1.25780327801	-1.59453985625	7.65457241175	-6.92049743137	-7.6048022602	3.72259208427	-3.2310768491	8.5330384204	10.5556659846	0.365630944319	139
3.59184097407	-3.2196310542	8.11348903108	-3.68974010164	4.53400344475	0.622994242159	-2.81111588066	7.86325298101	-5.3546503436	-7.00056717921	7.16602144373	-1.73250929224	9.70530126755	11.3514131476	-2.82199131624	139
4.10104548718	-4.8088025544	6.43940490879	-1.50743308941	7.86797403989	0.0805063859927	-0.495476129725	7.60269829001	-6.85409448912	-8.17188589032	5.42532805528	-2.78019591117	11.0904146876	11.9121972514	-1.55565928736	139
-1.00836473003	-1.28818337092	0.388753208903	-3.03348130738	11.9832181651	7.51197464173	15.5311875686	1.14905207009	1.25867276604	2.29648324624	-3.34339229905	2.2946886589	4.42584399087	3.74718625459	10.7248880704	140
