16.7382,13.4772,7.4415,12.3759,15.2727,13.8654,6.3228,14.5064,0
11.8369,10.6021,7.1851,13.9081,19.378,16.816,7.84,12.4338,1
17.1344,13.0624,6.5821,11.5114,14.8962,14.3146,7.0384,15.4604,0
12.6352,13.6299,11.1465,15.9526,16.1983,12.5959,6.519,11.3225,3
17.3133,13.4076,6.9226,11.669,14.7856,13.9338,6.732,15.2361,0
12.6687,13.2673,10.5695,15.3522,16.2799,13.0752,7.0524,11.7347,3
12.7965,12.1097,8.6322,15.3749,18.6272,14.9726,5.9045,11.5825,5
16.8526,13.2346,7.0192,11.8438,14.9203,14.1896,6.8027,15.1372,0
14.1398,12.5539,8.2088,13.7751,16.8571,14.9572,6.5309,12.9771,7
16.7077,13.0901,6.9153,11.8667,15.1957,14.443,6.8103,14.9712,0
13.5421,14.9661,12.5912,15.3769,14.3975,11.4597,6.4288,11.2377,8
14.2778,14.878,11.4673,15.3802,15.2838,11.8832,5.3069,11.5228,9
17.0543,13.0929,6.6713,11.5338,14.8364,14.4422,6.9887,15.3804,0
13.3561,12.984,9.4554,15.4359,18.1966,14.0724,5.2967,11.2029,10
14.0173,14.2812,10.8699,15.2686,15.7448,12.3782,5.7395,11.7006,9
16.7097,13.1501,7.0078,12.0026,15.2672,14.3251,6.6795,14.858,0
13.7169,14.9984,12.4686,15.3088,14.3608,11.4567,6.3372,11.3527,8
13.1386,12.1889,8.4581,15.0425,18.3794,15.0408,5.9611,11.7907,5
17.0122,13.1577,6.8335,11.6152,14.7987,14.2928,6.9955,15.2943,0
13.7057,13.5743,10.0634,15.5165,17.3637,13.3373,5.2006,11.2385,10
14.1712,12.6301,8.2711,13.882,16.9216,14.822,6.3923,12.9097,7
11.3103,12.5688,10.5023,15.7076,17.5735,13.5356,7.6227,11.1792,11
12.9599,14.2331,11.7597,16.7849,16.577,12.0529,5.1779,10.4546,12
16.8609,13.1873,6.9745,11.8496,15.012,14.1821,6.8541,15.0794,0
11.1507,12.279,10.0317,15.7078,18.371,13.9873,7.2835,11.1889,11
13.0381,14.4713,12.0606,16.5839,16.1283,11.8506,5.352,10.5152,12
17.194,13.2723,6.8758,11.4799,14.5139,14.1083,7.0612,15.4945,0
14.6964,12.5731,7.8671,13.1068,16.1738,14.7497,7.1247,13.7085,0
14.6463,16.7495,13.9354,16.6792,14.6756,10.1743,3.1787,9.9612,13
17.2922,13.4083,7.0147,11.5559,14.4683,13.826,7.0051,15.4295,0
13.961,16.0339,13.5269,16.8858,14.9949,10.3706,4.1645,10.0624,14
14.6053,16.7363,13.9464,16.7306,14.7369,10.1811,3.1715,9.8919,13
16.9931,13.1322,6.855,11.5464,14.6749,14.1913,7.1958,15.4114,0
13.6044,15.7728,13.4603,17.2342,15.4879,10.5699,4.0646,9.8059,14
14.26,16.4905,13.8716,16.904,15.0172,10.4575,3.2209,9.7784,13
17.139,13.272,6.8983,11.622,14.7574,14.1019,6.9273,15.282,0
17.3322,13.3383,6.8658,11.3932,14.4057,14.0293,7.067,15.5683,0
17.6902,13.7981,7.2571,11.5561,14.3107,13.4854,6.679,15.2233,0
12.2908,10.9432,7.3688,13.5759,18.4566,16.513,8.041,12.8106,1
13.7307,13.7378,10.2994,15.9148,17.37,13.0119,4.8478,11.0876,16
17.4817,13.5471,7.0246,11.4256,14.359,13.8208,6.9159,15.4252,0
17.4494,13.618,7.1713,11.5964,14.453,13.6759,6.7897,15.2462,0
12.8878,14.4485,11.9888,18.0087,17.6936,11.7198,3.7849,9.468,17
17.335,13.4719,7.0453,11.5717,14.5319,13.8728,6.8754,15.296,0
13.78,13.7985,10.3183,16.0201,17.4482,12.9496,4.6891,10.9961,16
17.538,13.4832,6.9152,11.4253,14.3774,13.7409,6.9699,15.5502,0
17.3463,13.3466,6.8885,11.4041,14.3973,13.8512,7.1515,15.6145,0
13.5711,13.9798,10.771,16.3275,17.299,12.6844,4.6082,10.759,16
17.2576,13.4716,7.1079,11.5691,14.4778,13.867,6.9526,15.2963,0
12.0798,13.6594,11.5395,17.5472,17.6161,12.3577,5.1111,10.0892,18
18.0332,13.6543,6.8217,11.0819,13.9373,13.4991,7.1097,15.8627,0
12.0555,13.6615,11.583,17.4958,17.565,12.3556,5.161,10.1227,18
16.9466,13.1632,6.9066,11.5175,14.6329,14.323,7.1451,15.3651,0
14.4409,15.9517,12.8181,16.7022,15.3242,10.5148,3.7834,10.4648,19
17.6266,13.6044,6.9986,11.3826,14.2618,13.7483,6.8919,15.4857,0
14.746,16.6218,13.5878,16.81,14.8741,9.9344,3.3764,10.0495,19
17.1441,13.3707,7.0673,11.5548,14.4805,13.9694,7.0293,15.3839,0
14.742,16.2262,13.0033,16.4648,15.065,10.3511,3.7358,10.4118,19
17.0896,13.1688,6.8096,11.4907,14.6203,14.1923,7.1591,15.4696,0
17.6294,13.2991,6.5854,11.0504,14.112,14.0331,7.3267,15.9639,0
14.3339,12.4321,7.9555,13.3205,16.4824,14.9135,7.129,13.4331,0
14.052,14.3507,10.906,14.5482,15.0497,12.2477,6.6363,12.2094,25
14.1532,14.382,10.9681,14.3781,14.7529,12.1534,6.8817,12.3305,25
14.1679,14.4108,11.0164,14.355,14.7246,12.0994,6.9579,12.2681,25
14.272,14.3982,10.8537,14.2631,14.7921,12.199,6.8256,12.3964,25
14.2117,14.3995,10.9937,14.1829,14.6112,12.1294,7.1109,12.3607,25
14.2551,15.0713,11.7846,16.0116,15.73,11.5052,4.6008,11.0415,26
14.482,14.9286,11.449,15.7142,15.6081,11.6161,4.8642,11.3378,26
13.9658,14.8947,11.7181,16.2202,16.0173,11.6821,4.59,10.9118,26
14.2003,14.8563,11.5159,15.9859,15.9633,11.7155,4.686,11.0767,26
14.099,14.8323,11.5631,15.8549,15.8156,11.752,4.9089,11.1743,26
14.0957,14.4669,10.9856,15.6828,16.359,12.2289,4.9559,11.2254,37
14.2497,14.5852,11.0756,15.5763,16.2204,12.1237,4.9346,11.2345,37
14.4619,14.953,11.3913,15.6669,15.9646,11.8246,4.6198,11.1178,37
14.9428,15.0543,11.1746,15.1165,15.4445,11.7806,4.8851,11.6015,37
14.6927,15.0501,11.3321,15.5612,15.8359,11.7456,4.5515,11.2308,37
17.4773,13.3777,6.8448,11.3321,14.2449,13.906,7.1306,15.6865,0
17.7469,13.2403,6.469,10.9277,13.9871,13.9737,7.5254,16.1298,0
18.0651,13.3627,6.4209,10.807,13.8426,13.7382,7.5,16.2633,0
17.9907,13.3239,6.4357,10.8115,13.7802,13.717,7.6024,16.3386,0
17.9072,12.9787,5.9693,10.7095,14.0928,14.2061,7.7104,16.4259,0
14.2303,12.37,7.7742,14.1771,17.6412,15.0365,5.9611,12.8097,58
14.3487,12.5454,7.9042,13.9831,17.2078,15.0046,6.0388,12.9673,58
13.8539,12.246,7.8351,14.2104,17.7606,15.28,6.0867,12.7272,58
13.9436,12.1845,7.6628,13.8717,17.4292,15.4449,6.4106,13.0526,58
12.3651,13.3156,10.7583,17.0382,18.3702,13.0761,4.9236,10.1529,59
12.3007,13.367,10.9106,17.2258,18.3627,12.9848,4.8367,10.0118,59
12.2698,13.4167,10.996,17.424,18.5288,12.9303,4.604,9.8305,59
12.3848,13.4754,11.0185,17.1985,18.1706,12.8326,4.8781,10.0414,59
13.7238,14.0953,10.9915,14.7814,15.33,12.5715,6.5675,11.9391,60
13.7591,13.8386,10.5623,14.8039,15.8311,12.873,6.4141,11.9179,60
13.5371,13.8487,10.672,15.1432,16.1938,12.8626,6.0988,11.6438,60
13.7263,14.1311,11.0407,14.8225,15.3617,12.5521,6.5142,11.8514,60
13.3241,14.0044,11.0709,16.3833,17.1286,12.4667,4.9719,10.6502,61
13.1599,13.92,11.0663,16.4158,17.1462,12.4953,5.1074,10.6891,61
13.1308,14.0313,11.2543,16.5991,17.1836,12.3623,4.947,10.4917,61
13.5107,14.6895,11.9885,16.7529,16.434,11.6421,4.6493,10.333,61
13.7464,14.3685,11.3877,14.7189,15.1791,12.1975,6.77,11.6319,62
13.4836,13.6959,10.6451,14.806,16.0406,12.8019,6.8509,11.6761,62
13.8413,13.7514,10.4326,14.3603,15.8446,12.8967,6.9267,11.9463,62
14.2086,13.1862,9.1867,14.5889,17.3149,13.8177,5.7398,11.9571,63
14.341,13.0604,8.9173,14.324,17.1634,13.9829,5.9789,12.2321,63
14.0914,12.9686,8.9821,14.4954,17.4205,14.0523,5.9641,12.0256,63
12.797,12.7787,9.5879,14.7538,17.1453,13.8185,7.0463,12.0724,64
12.8023,12.8617,9.6975,14.9495,17.1369,13.657,6.8912,12.0038,64
12.4744,12.5519,9.4875,14.7755,17.4268,14.1369,7.1526,11.9945,64
12.4499,12.8414,9.9262,15.0468,17.2896,13.7899,6.9399,11.7162,64
17.6747,12.9862,6.165,10.8603,14.1709,14.1059,7.7327,16.3042,0
13.6782,12.2789,8.3553,13.0286,16.6095,14.7809,8.1463,13.1223,65
13.9029,12.1943,8.1198,12.9125,16.5919,14.9522,8.0852,13.2414,65
17.2747,12.7741,6.1843,10.7912,14.1253,14.5142,8.0181,16.3181,0
17.7387,13.3407,6.6833,10.8264,13.6835,13.7457,7.7685,16.2132,0
17.9901,13.2601,6.3816,10.5452,13.5391,13.7206,8.005,16.5584,0
17.7933,12.9373,6.0453,10.5922,13.9293,14.2448,7.9439,16.5139,0
17.9677,13.3364,6.5335,10.6346,13.5194,13.6819,7.8754,16.4512,0
17.4841,12.863,6.2171,10.7012,14.0177,14.2873,8.0329,16.3968,0
17.3748,12.791,6.1448,10.8185,14.1927,14.3754,7.9654,16.3375,0
17.5227,13.0806,6.4984,10.7487,13.783,14.0577,7.9998,16.3092,0
17.361,12.772,6.1724,10.6712,13.9815,14.3847,8.1934,16.4638,0
17.5026,12.8836,6.3028,10.5259,13.7537,14.1948,8.3321,16.5044,0
17.1257,13.0032,6.6673,11.0182,14.1909,14.3434,7.7632,15.8882,0
17.5106,13.0132,6.4097,10.9144,14.1354,14.1871,7.746,16.0835,0
16.8296,12.5444,6.1681,11.0989,14.7146,14.9026,7.8335,15.9083,0
16.8804,12.7342,6.485,11.0303,14.332,14.6482,7.9759,15.914,0
17.0311,12.7812,6.4475,11.0301,14.3847,14.4999,7.9139,15.9116,0
16.8601,12.5744,6.2947,10.9815,14.4193,14.7456,8.0977,16.0267,0
17.0955,12.4328,5.9485,10.5852,14.2024,14.7934,8.4635,16.4787,0
17.0216,12.3254,5.8588,10.5117,14.2438,14.9951,8.536,16.5076,0
16.9611,12.6173,6.271,10.7551,14.1571,14.7336,8.2444,16.2605,0
17.3054,12.693,6.1001,10.5674,14.0299,14.6912,8.1915,16.4216,0
17.528,12.8652,6.238,10.4208,13.731,14.3887,8.303,16.5252,0
17.288,12.6231,6.0685,10.5409,14.0354,14.6262,8.346,16.4718,0
17.8796,13.2383,6.4111,10.7564,14.0243,14.0246,7.559,16.1066,0
17.4239,13.212,6.6551,11.116,14.2248,14.1465,7.3608,15.8608,0
12.7611,14.1256,11.6852,16.7265,16.6902,12.1482,5.3207,10.5425,66
13.1213,14.5075,11.9816,16.4403,16.0595,11.8633,5.3345,10.6922,66
14.4494,15.8564,12.8961,16.2631,14.8314,10.6749,4.4382,10.5905,81
14.3237,13.2187,9.0687,14.2014,16.3829,13.6414,6.4074,12.7557,84
14.6632,12.9629,8.5675,12.9958,15.8287,14.1144,7.4438,13.4237,85
14.349,13.8205,10.0541,14.028,15.2575,12.9205,6.8381,12.7323,84
15.4077,13.5067,8.8199,12.7908,15.1302,13.5282,7.1779,13.6385,85
15.1466,13.4457,8.9584,12.9997,15.2578,13.5488,7.2003,13.4427,85
14.7853,13.2539,8.8934,13.0376,15.4999,13.7172,7.4121,13.4007,85
14.7474,13.0741,8.6894,13.1175,15.7801,14.0018,7.2704,13.3192,85
13.8327,14.7122,11.7748,15.0923,14.7225,11.8816,6.3486,11.6352,87
13.7652,14.9386,12.1748,15.5418,14.7857,11.5917,5.883,11.3193,87
13.5697,14.6855,12.0326,15.5724,14.9768,11.7508,6.0948,11.3174,87
12.1683,13.7787,11.8032,16.5916,16.449,12.306,6.2663,10.6369,88
12.0055,13.525,11.5795,16.4095,16.6126,12.5181,6.6265,10.7233,88
12.0986,14.1745,12.2545,17.3817,16.7967,12.0297,5.1756,10.0886,88
13.4273,14.9845,12.462,16.5094,15.6529,11.5283,4.9264,10.5092,89
13.1622,14.8106,12.519,16.4578,15.4947,11.5764,5.3743,10.605,89
13.6331,15.4409,12.9611,16.3486,15.0006,11.1402,4.9098,10.5656,89
13.2974,13.4761,10.4003,14.6818,16.0788,12.9951,7.0124,12.0581,90
13.1994,13.6885,10.8233,15.0259,15.9911,12.6499,6.8557,11.7662,90
13.0838,12.7916,9.4308,15.0548,17.6786,13.9049,6.3495,11.706,90
12.5273,14.4049,12.2048,18.5201,18.093,11.7299,3.4829,9.0371,17
12.6465,14.4952,12.2798,18.3211,17.7828,11.6111,3.677,9.1863,17
14.1092,12.722,8.3582,13.3851,16.3996,14.3737,7.3638,13.2883,91
13.8097,11.7036,7.0786,12.4484,16.5532,15.9315,8.3584,14.1165,91
15.4018,13.7037,8.9232,14.0132,16.2104,13.1761,5.7308,12.8408,92
15.5648,13.7372,8.8955,13.9416,16.0814,13.0455,5.7931,12.9408,92
15.7075,14.7475,10.161,14.8732,15.7977,11.9185,4.7414,12.0531,92
14.8434,17.0367,14.2765,16.1532,13.7602,9.7126,3.9387,10.2787,93
14.8362,17.0905,14.3589,16.1137,13.6293,9.6995,3.9704,10.3015,93
15.1366,17.4081,14.5359,16.133,13.4963,9.4126,3.6508,10.2268,93
12.0108,11.8367,8.8845,15.7892,19.3787,15.0224,6.1117,10.966,94
11.9427,11.5586,8.5211,15.5481,19.5094,15.4116,6.3212,11.1872,94
11.7554,11.3295,8.2598,15.7426,20.1326,15.6972,6.045,11.0378,94
14.5667,15.1733,11.7812,15.398,15.464,11.5383,4.8614,11.2171,95
16.015,16.8719,13.02,15.1482,13.8783,10.1556,3.8211,11.0899,95
13.6921,11.7029,7.2826,14.5003,18.9802,15.2,6.224,12.4178,102
14.9519,11.2945,5.7584,12.2876,17.5461,16.1904,7.57,14.4011,102
17.6009,13.5529,7.1469,11.1681,14.1561,13.8113,7.2362,15.3276,107
17.323,13.2873,6.9979,11.1574,14.1846,14.0137,7.5239,15.5122,107
17.055,13.1129,6.9351,11.2408,14.5225,14.3014,7.5303,15.3019,107
17.6074,13.3798,6.8982,10.9666,14.0226,13.9214,7.5584,15.6456,107
12.8204,12.6718,9.2771,15.9452,18.6609,14.0514,5.4441,11.129,108
12.5957,12.387,9.0852,16.2803,19.2871,14.2765,5.2489,10.8393,108
12.9128,12.8113,9.5511,16.4617,18.8463,13.7125,5.0067,10.6974,108
13.2898,12.9632,9.4315,16.1189,18.6463,13.7193,4.9452,10.8858,108
13.2573,12.5002,8.9949,14.6087,17.6462,14.1436,6.7547,12.0943,109
13.4056,12.6458,9.109,14.7034,17.6355,14.0077,6.5069,11.9861,109
13.5287,12.5319,8.8954,14.0974,17.1212,14.1851,7.1875,12.4527,109
12.9874,11.7548,8.1012,14.1946,18.4172,15.086,7.1489,12.31,109
13.0644,11.3702,7.3772,13.4364,18.2759,16.0736,7.5336,12.8689,110
12.9099,11.0722,7.0993,13.4968,18.6039,16.3915,7.5746,12.8519,110
13.1637,11.4766,7.4239,13.7535,18.3756,15.7777,7.2547,12.7742,110
12.3552,11.1984,7.5622,13.697,18.5934,16.1878,7.7196,12.6864,110
14.2611,13.0504,8.7581,13.6516,15.9815,14.2195,6.8845,13.1933,111
13.9727,12.9393,8.882,13.7466,16.1726,14.3776,6.9177,12.9916,111
14.0271,12.8712,8.7999,13.6128,16.1095,14.398,7.1406,13.0409,111
14.0352,13.0121,8.9415,13.6903,16.1535,14.201,7.0278,12.9387,111
13.4084,12.3628,8.5809,14.1971,17.5559,14.7097,6.8617,12.3234,112
13.3865,12.0943,8.2305,14.0107,17.6576,14.9368,7.1179,12.5656,112
13.5291,12.4115,8.6089,14.0182,17.1438,14.5965,7.1302,12.5618,112
13.3512,12.1785,8.4381,14.0022,17.3309,14.7516,7.3172,12.6302,112
13.8168,11.7969,7.4908,13.4583,17.5962,15.4854,7.1953,13.1602,113
14.0014,12.0979,7.8782,13.5614,17.2992,15.0083,7.1274,13.0262,113
13.7238,12.046,7.8303,13.8456,17.8271,15.2932,6.7366,12.6974,113
13.9405,12.4143,8.2293,13.8913,17.5268,14.7086,6.6471,12.6421,113
12.0003,12.3766,9.4299,15.2959,18.1807,14.3227,6.8266,11.5673,114
11.9138,12.2522,9.3345,15.1614,18.2959,14.5519,6.9159,11.5744,114
11.7145,12.1282,9.2946,15.2313,18.4385,14.5372,7.0736,11.5822,114
11.3914,12.1555,9.4804,15.4336,18.5212,14.4956,7.0658,11.4565,114
15.8032,13.3341,8.0866,13.5881,16.4701,13.6413,5.8385,13.238,117
16.6367,13.3061,7.476,13.0195,16.5107,13.8915,5.6485,13.511,117
15.81,13.0165,7.5609,13.2552,16.503,14.1242,6.086,13.6442,117
15.5787,12.958,7.6609,13.5103,16.8142,14.2075,5.9181,13.3522,117
14.8629,15.5751,12.3643,14.5943,13.6794,11.1138,6.0028,11.8074,118
14.8615,15.504,12.2718,14.6736,13.7786,11.129,5.9962,11.7853,118
14.7529,15.5728,12.413,14.7491,13.8218,11.1162,5.9138,11.6606,118
15.1556,15.872,12.5093,14.4758,13.4157,10.8966,5.8302,11.8448,118
14.6991,15.2509,12.0691,14.4498,13.7248,11.3767,6.4589,11.9708,118
12.8289,11.4922,7.7168,13.3228,17.2805,15.932,8.2088,13.218,119
13.0239,12.5769,9.2279,14.9258,17.8168,14.3349,6.3435,11.7504,121
12.4581,11.759,8.3145,15.5122,19.6118,15.3506,5.7325,11.2611,121
14.3763,15.5335,12.4589,15.8564,15.0657,11.2045,4.6613,10.8434,123
14.471,12.5322,8.0502,12.9197,16.6547,14.5259,7.5282,13.3182,124
12.8917,13.2178,10.257,16.1163,18.0605,13.4192,5.3467,10.6908,125
13.1599,11.4678,7.5397,14.0386,18.29,15.5859,7.2548,12.6633,126
18.6671,15.2901,8.5462,11.7949,13.9407,12.2283,5.3454,14.1872,127
12.2343,10.5084,6.517,14.9154,20.8118,17.1072,6.0271,11.8789,128
14.428,15.5336,12.3622,15.8904,15.1718,11.2296,4.5244,10.8599,123
10.8552,11.1654,8.6961,16.701,21.3188,15.5117,5.6822,10.0696,129
14.6038,16.6339,13.8865,15.5045,13.3292,10.2721,4.8348,10.9352,130
13.454,11.554,7.3995,13.8639,18.1184,15.5935,7.1631,12.8535,126
14.5704,14.3418,10.5391,15.0124,15.7627,12.2278,5.616,11.9298,131
13.8266,15.5961,13.2693,15.9124,14.2063,10.8224,5.5555,10.8115,132
14.3459,12.5215,8.2236,12.6681,16.125,14.4391,8.1308,13.546,124
19.2654,15.2577,8.0874,11.3624,13.71,12.2512,5.4492,14.6168,127
12.2074,13.3472,10.9592,16.9766,18.2105,13.0272,5.1368,10.1351,125
14.6434,16.2311,13.3412,15.072,13.3709,10.6563,5.4043,11.2806,130
16.9005,15.3546,10.1564,13.2482,14.0554,11.5196,5.5202,13.2451,133
14.7151,14.4188,10.5549,14.8017,15.5076,12.2293,5.7178,12.0549,131
12.3315,10.6624,6.6349,14.7217,20.4288,16.8897,6.2544,12.0766,128
14.2224,12.554,8.3036,12.9783,16.4767,14.494,7.7119,13.2591,124
14.983,16.6668,13.6614,15.0414,13.0954,10.3208,5.016,11.2152,130
13.8281,15.6414,13.3359,15.8676,14.123,10.7946,5.6093,10.8,132
13.7176,14.4114,11.4262,15.5495,15.6682,12.1862,5.6884,11.3526,134
13.6921,14.4997,11.5348,15.8326,15.8764,12.0332,5.3882,11.143,134
12.3326,12.8187,10.1031,16.2665,18.4619,13.8217,5.602,10.5935,125
14.4993,15.5601,12.368,15.9198,15.1224,11.1591,4.5214,10.8499,123
16.4235,15.1209,10.2389,13.7088,14.4487,11.6106,5.4941,12.9545,133
13.5124,11.7127,7.6323,13.8054,17.7469,15.3661,7.2776,12.9465,126
12.8618,12.7314,9.7918,15.9064,18.4633,13.674,5.7332,10.8381,135
13.088,12.9859,9.9832,15.9891,18.3282,13.3915,5.528,10.7061,135
13.943,11.7396,7.1788,12.7668,16.7249,15.5714,8.13,13.9455,139
14.3884,13.5228,9.4414,13.3032,15.7131,13.4478,7.2098,12.9734,140
13.5233,11.781,7.5696,12.7883,16.5517,15.4812,8.5094,13.7954,139
13.6692,13.658,10.1883,14.2966,16.0161,13.2118,6.7465,12.2136,140
11.9015,11.3805,8.2057,14.9446,19.2727,15.8728,6.8061,11.6162,150
14.726,16.7985,13.9299,16.3089,14.0886,9.9231,3.8477,10.3773,151
12.3942,13.9134,11.7524,16.8703,16.8158,12.2535,5.601,10.3995,152
14.7843,16.5961,13.5962,15.9394,14.0689,10.2691,4.1492,10.5968,153
14.2538,15.6548,12.7148,16.2624,15.1644,10.9581,4.4352,10.5564,154
17.7381,12.8746,6.05,10.455,14.5102,15.488,7.4314,15.4527,155
11.4946,11.0474,8.0739,14.9631,19.5506,16.21,7.1126,11.5477,150
14.6164,16.7169,13.9167,16.1593,13.9258,10.0481,4.0915,10.5251,151
12.3339,13.9114,11.7864,16.9397,16.8145,12.2216,5.6055,10.387,152
14.6547,16.6362,13.747,16.046,14.0939,10.2376,4.0927,10.492,153
13.9271,15.4306,12.6928,16.4237,15.4277,11.097,4.5787,10.4225,154
17.4661,12.4477,5.5778,10.3708,14.766,16.0864,7.6285,15.6567,155
11.7217,11.3901,8.3381,14.9536,19.2194,15.834,6.9507,11.5924,150
14.5105,16.5719,13.8318,16.2418,14.1737,10.1257,4.1453,10.3993,151
12.6375,14.2327,12.0002,16.8997,16.5427,12.0194,5.3139,10.3539,152
15.2385,17.1854,14.0275,16.3853,14.2457,9.6552,3.1645,10.0978,153
13.9236,15.4297,12.6511,16.4316,15.5443,11.1624,4.4778,10.3795,154
17.5201,12.6528,5.8949,10.3953,14.5433,15.7479,7.6441,15.6015,155
11.4634,10.99,7.9625,15.0489,19.6217,16.2984,7.0404,11.5747,150
14.8563,16.8206,13.8278,15.9739,13.946,10.043,3.9853,10.5471,151
12.2205,13.7506,11.7399,16.5079,16.4732,12.315,6.3627,10.6302,152
14.476,16.1843,13.2842,15.5572,14.0615,10.6702,4.902,10.8646,153
13.9155,15.5937,12.9652,16.2638,14.9954,10.9676,4.8385,10.4603,154
11.5238,11.2427,8.2956,15.0068,19.2681,16.0246,7.0802,11.5582,150
14.5656,16.5892,13.7801,16.1309,14.0733,10.1352,4.2266,10.499,151
12.3182,13.8371,11.7008,16.6662,16.6608,12.3285,5.9403,10.5482,152
14.5791,16.4415,13.534,16.016,14.2429,10.3763,4.2431,10.5671,153
14.0141,15.67,12.9308,16.2865,15.0508,10.9696,4.5927,10.4855,154
17.5673,12.6661,5.8732,10.3514,14.4843,15.6824,7.7006,15.6747,155
12.5469,11.6614,8.17,14.6299,18.7796,15.6757,6.6512,11.8853,150
14.8926,16.7189,13.7031,15.6673,13.6421,10.1869,4.367,10.8221,151
12.3082,13.7532,11.6312,16.4374,16.4556,12.3745,6.3141,10.7259,152
15.2559,17.1924,13.9996,16.4651,14.3145,9.64,3.043,10.0896,153
13.7311,15.3663,12.8445,16.2082,15.0159,11.1352,5.1412,10.5576,154
17.9213,12.9675,5.9829,10.3019,14.125,15.3161,7.5384,15.8471,155
12.2051,11.2913,7.8818,14.6071,19.1897,16.0258,6.924,11.8752,150
15.048,17.0429,14.0124,15.7597,13.5459,9.9051,4.0407,10.6453,151
12.2224,13.6983,11.607,16.5513,16.6421,12.3715,6.2709,10.6365,152
14.8974,16.9959,14.0171,16.8549,14.7023,9.7379,2.9733,9.8212,153
13.571,15.3273,12.8256,16.7719,15.6429,11.1072,4.5515,10.2026,154
17.3055,12.4272,5.6938,10.4773,14.8526,15.998,7.6723,15.5733,155
12.3976,11.5238,8.0699,14.4782,18.7832,15.8173,6.9326,11.9975,150
15.4469,17.3805,14.1602,15.5853,13.2823,9.632,3.8459,10.667,151
12.5197,13.9387,11.7815,16.4404,16.3049,12.2022,6.1345,10.6781,152
15.2509,17.1729,14.0058,16.5323,14.4018,9.6013,3.0105,10.0246,153
13.8981,15.517,12.8504,16.329,15.1959,11.0615,4.7006,10.4474,154
17.8358,12.7591,5.7777,10.263,14.3716,15.6641,7.5568,15.7718,155
11.6304,10.9482,7.7975,14.7243,19.4672,16.4431,7.2267,11.7627,150
14.7278,16.753,13.8842,15.9547,13.8661,10.1168,4.14,10.5575,151
12.3218,13.9,11.832,16.6413,16.409,12.2282,6.0687,10.599,152
15.2297,17.513,14.4803,16.5345,14.0875,9.4071,2.8595,9.8884,153
13.6116,15.4046,12.8873,16.564,15.3592,11.1448,4.6936,10.335,154
17.1462,12.429,5.843,10.5637,14.8832,16.0615,7.6395,15.4339,155
11.6949,11.2226,8.1754,14.8949,19.27,16.0298,7.0684,11.644,150
14.7181,16.4138,13.3859,15.9412,14.2159,10.3801,4.2184,10.7266,151
12.4739,13.893,11.7413,16.3253,16.2554,12.2619,6.2898,10.7593,152
14.7302,16.7502,13.8152,16.1713,14.1548,10.1229,3.8605,10.395,153
13.7598,15.4183,12.8023,16.4887,15.2884,11.1036,4.714,10.4248,154
17.5542,12.7043,5.8877,10.6007,14.87,15.6231,7.3516,15.4084,155
13.0951,12.3573,8.9547,13.0356,16.1122,14.6412,8.7314,13.0725,157
13.3476,12.567,9.1403,12.9064,15.817,14.3717,8.729,13.121,157
13.0138,12.4344,9.0337,14.1838,17.1446,14.4716,7.3531,12.3649,158
14.1862,12.8733,8.5874,14.4212,17.439,14.2071,5.9636,12.3221,158
12.4308,11.1871,7.5568,13.7358,18.1883,16.4759,7.7603,12.665,159
15.1507,12.5775,7.5202,13.0156,16.827,14.7573,6.6518,13.4999,160
14.8684,12.6004,7.7646,13.4166,17.1849,14.7756,6.3447,13.0448,160
13.0272,11.0631,6.9296,12.7823,16.9989,17.1296,8.403,13.6661,159
12.1732,11.9812,9.3215,14.1136,17.0292,14.5832,8.5585,12.2396,161
12.2159,11.9276,9.2202,13.846,16.8676,14.7352,8.7503,12.4373,161
14.2493,15.1073,12.0554,16.2243,15.5816,11.2736,4.7674,10.7411,162
14.3762,15.305,12.2256,16.1428,15.3217,11.1393,4.7126,10.7768,162
12.8051,13.0013,9.9129,15.0683,17.1824,13.7173,6.6881,11.6245,163
12.7413,13.042,10.0776,15.4069,17.3616,13.7095,6.3703,11.2909,163
12.7805,11.3926,7.634,13.5582,18.0888,15.8665,7.9166,12.7629,164
11.7561,11.2173,8.0063,15.575,20.2774,15.9185,6.1444,11.1052,165
13.148,12.8773,9.4022,15.955,18.6758,13.9336,5.0923,10.9157,166
12.7082,12.6066,9.3029,16.4516,19.5001,14.286,4.7217,10.423,166
13.0595,12.2563,8.506,14.1122,17.7312,14.6266,7.1892,12.5191,168
13.3497,12.3343,8.4669,13.8647,17.4971,14.5641,7.2596,12.6635,168
12.4685,11.7622,8.4437,14.3034,18.0598,15.1186,7.6231,12.2206,164
12.1841,11.7363,8.4201,15.4005,19.3568,15.3749,6.1134,11.4139,165
12.2989,13.366,11.3132,14.9519,15.5698,12.6336,8.3524,11.5142,169
12.2746,13.2451,11.1327,14.8276,15.6755,12.8047,8.4323,11.6076,169
14.6532,12.252,7.5828,12.5331,16.0523,15.1724,7.8264,13.9278,170
14.513,12.2876,7.7265,12.8667,16.2886,15.0517,7.5713,13.6947,170
12.1915,12.673,10.0838,15.4298,17.519,13.7243,7.0318,11.3468,171
12.318,12.984,10.4126,15.572,17.1678,13.3344,6.9081,11.303,171
13.8684,12.0869,7.9336,13.3756,16.952,15.152,7.461,13.1704,172
14.0382,12.2988,8.1572,13.3276,16.7695,14.7769,7.486,13.1458,172
14.5679,16.5892,13.854,15.5563,13.3753,10.3104,4.8311,10.9158,130
12.3996,13.0382,10.3598,16.1971,18.0527,13.4901,5.7405,10.7219,125
16.4656,15.8337,11.2272,15.0175,14.5784,10.7549,4.1797,11.9429,173
10.878,11.0317,8.497,16.7345,21.6533,15.7036,5.5205,9.9814,129
12.7665,13.2435,10.3641,16.2952,18.1414,13.3145,5.2542,10.6205,125
12.0349,10.5998,6.7552,14.8148,20.505,16.9225,6.3642,12.0036,128
14.5084,16.3722,13.6392,15.3739,13.3635,10.4691,5.1994,11.0743,130
14.502,15.7063,12.6014,16.0145,15.0622,11.0163,4.3742,10.7231,123
16.6555,15.3909,10.4345,13.6264,14.1269,11.3408,5.4341,12.9908,133
13.7663,15.4573,13.1425,15.8262,14.1956,10.9321,5.776,10.9039,132
13.5404,11.5959,7.4473,13.495,17.5517,15.6429,7.5638,13.163,126
14.3259,14.1979,10.5471,14.9864,15.7977,12.3263,5.8907,11.928,131
12.5942,10.8014,6.6604,14.4971,19.9863,16.7049,6.3924,12.3633,128
16.6467,15.1373,10.0929,13.4796,14.167,11.5227,5.7,13.2539,133
12.232,13.5236,11.0871,16.957,17.8729,12.8901,5.1252,10.3121,174
13.4564,11.5665,7.4119,13.7627,17.8884,15.5691,7.303,13.042,126
13.1908,14.8345,12.7514,15.9087,14.5606,11.3643,6.3959,10.9938,132
14.5003,14.2917,10.5104,14.8465,15.4515,12.271,5.9515,12.1771,131
14.1066,14.9448,11.8975,15.2934,14.9641,11.7107,5.6717,11.4112,123
10.9648,11.005,8.3839,16.6227,21.5589,15.8438,5.5289,10.092,129
18.4581,14.7942,8.0217,11.78,14.4702,12.7839,5.4871,14.2047,127
14.2872,12.355,8.0025,12.8296,16.6417,14.6186,7.8874,13.378,124
16.744,15.4047,10.3922,13.6027,14.0406,11.2829,5.4618,13.0712,133
12.5442,10.7515,6.6284,14.6281,20.2229,16.7785,6.242,12.2045,128
11.1289,11.2084,8.5418,16.6606,21.3746,15.6472,5.3575,10.0811,129
13.2442,14.1736,11.5516,15.4678,15.0918,12.1068,6.6954,11.6689,175
13.9412,14.5872,11.61,15.1381,14.6127,11.8181,6.4049,11.8878,175
13.7251,14.944,12.0554,17.0718,16.9303,11.41,3.8369,10.0265,177
13.7316,14.6076,11.5435,16.7989,17.2735,11.8494,3.9842,10.2113,177
13.4195,12.9198,9.4462,13.7456,16.0387,13.8019,7.8178,12.8104,178
13.2333,12.7695,9.3754,13.8331,16.3879,13.8569,7.8602,12.6837,178
13.6563,11.1117,6.3795,13.0238,17.586,16.9127,7.4441,13.8858,179
13.2702,10.865,6.308,13.1179,17.8735,17.2841,7.5501,13.7312,179
13.7605,12.4335,8.406,13.5387,16.7255,14.8243,7.315,12.9965,180
13.6629,12.2136,8.126,13.7568,17.1429,15.141,7.0192,12.9377,180
13.8455,15.8458,13.1614,17.4235,16.19,10.7149,3.2437,9.5752,181
13.3052,14.7045,12.161,16.2481,16.0734,11.7185,5.2539,10.5355,181
13.2835,11.7539,8.202,12.5465,16.0674,15.4455,9.2075,13.4936,184
13.1544,11.8768,8.6825,12.603,15.6797,15.1506,9.4786,13.3745,184
12.5412,11.8176,8.7441,13.1804,16.7299,14.9783,9.0047,13.0039,185
12.8586,11.9665,8.6535,13.0859,16.5544,14.9688,8.8159,13.0963,185
13.9511,12.3506,8.2597,13.426,16.8851,14.6198,7.4548,13.0529,186
13.4646,12.199,8.4112,13.7616,17.1631,14.6638,7.5188,12.8179,186
11.8759,12.0238,9.099,15.2107,18.3806,14.9465,6.8884,11.5752,187
11.4313,12.883,10.7627,16.7171,18.1252,13.3497,6.1618,10.5692,187
16.5424,12.7327,6.6511,11.8633,15.5288,14.4049,7.2592,15.0176,188
16.4824,12.6866,6.6546,11.8741,15.657,14.5805,7.2085,14.8562,188
12.9247,12.3439,9.6032,13.0507,15.5318,14.1907,9.3924,12.9626,190
13.1116,12.5357,9.6223,13.0777,15.4663,14.0126,9.2072,12.9667,190
12.0638,12.2342,9.3009,15.2296,18.275,14.2792,7.0107,11.6067,192
12.1545,12.2852,9.3507,15.0148,18.0768,14.1835,7.2006,11.7339,192
14.1645,13.5547,9.7204,14.8114,16.7252,13.3276,5.7297,11.9665,193
14.7949,12.6408,7.7236,12.4251,16.1897,14.7122,7.6469,13.8668,194
14.2355,12.5859,8.2805,12.5459,15.914,14.5495,8.2157,13.673,194
13.027,11.674,8.2978,12.2246,15.4236,15.6836,9.7659,13.9034,195
13.0391,11.4582,8.0273,11.9699,15.1821,15.9669,10.1747,14.1819,195
13.3751,12.7662,9.17,13.6713,16.5201,14.3112,7.5922,12.5938,197
13.5477,12.6094,8.9533,13.4634,16.502,14.4997,7.6907,12.7337,197
13.6661,11.0562,6.5013,12.7808,17.455,16.8405,7.8681,13.832,198
13.3964,11.1104,6.708,13.3267,18.075,16.8228,7.2844,13.2763,198
14.2977,15.1725,11.9843,15.9847,15.5363,11.4446,4.7191,10.8607,199
15.794,15.9084,11.7748,15.304,14.9863,10.8257,4.0888,11.318,199
14.8918,15.6833,12.2327,15.8219,15.158,11.0215,4.3365,10.8544,199
14.7222,15.5054,12.1272,15.6172,15.0858,11.228,4.7139,11.0002,199
16.326,13.1254,7.4131,12.4147,16.0184,14.065,6.6056,14.0317,202
12.7403,13.9022,11.2821,17.5112,17.825,12.3233,4.4244,9.9914,203
16.5923,15.8864,11.2026,15.0536,14.5748,10.6515,4.0985,11.9403,173
14.4222,17.0043,14.5804,16.7827,14.2642,9.6587,3.5528,9.7346,204
12.1766,13.2062,10.6913,16.3669,17.6772,13.1792,5.9035,10.7992,174
16.2304,15.7108,11.2175,15.2729,14.8551,10.8593,4.1007,11.7532,173
14.0738,15.8208,13.06,17.0492,15.6317,10.7324,3.5791,10.053,205
14.6006,15.9996,13.1411,15.0454,13.6434,10.7708,5.56,11.2391,206
12.0085,13.4774,11.2175,16.7443,17.5482,12.779,5.7303,10.4948,174
15.0872,11.1246,5.3542,11.6104,16.713,17.2225,7.8811,15.0069,207
16.4295,18.9831,15.7101,15.5899,12.3863,8.1169,2.6544,10.1298,208
16.1674,15.7692,11.3325,15.3448,14.8137,10.8117,4.0669,11.6938,173
11.7855,13.2009,11.0113,16.8556,17.986,13.0448,5.7313,10.3845,174
14.9455,16.0874,12.9658,14.711,13.4471,10.7728,5.5937,11.4768,206
16.0324,18.9196,15.9833,16.0038,12.6238,8.1242,2.5053,9.8076,208
17.2371,16.1495,11.3073,14.8628,14.2713,10.3531,3.9499,11.8691,173
14.0499,15.8328,13.0923,17.0865,15.6468,10.7406,3.5259,10.0252,205
15.0621,11.1504,5.5457,11.8064,16.7382,17.1903,7.7546,14.7522,207
12.7694,13.7854,11.0875,17.3929,17.9393,12.4511,4.4783,10.096,203
12.3264,13.638,11.2722,16.8006,17.4157,12.6909,5.3996,10.4566,174
15.9554,18.8014,15.8922,16.0392,12.7116,8.2164,2.5755,9.8083,208
16.0769,13.06,7.4866,12.5708,15.9033,14.1132,6.6867,14.1026,202
14.0604,15.7143,13.1833,15.6369,14.1865,10.8829,5.4154,10.9204,206
15.044,11.0434,5.2572,11.4316,16.3589,17.4976,8.1024,15.2649,207
14.1968,15.7385,12.82,16.9679,15.696,10.8357,3.5617,10.1835,205
14.4373,17.2712,14.9149,16.9957,14.2254,9.428,3.2046,9.5228,204
12.736,13.686,10.9657,17.4499,18.1561,12.5374,4.4492,10.0197,203
16.0117,18.8273,15.8589,16.0963,12.7542,8.1397,2.5095,9.8023,208
14.8295,14.1983,10.0753,14.7343,16.2582,12.7543,5.2368,11.9133,209
14.8031,14.0912,9.9388,14.6459,16.2523,12.913,5.3418,12.0138,209
14.4386,13.9538,10.0329,15.0902,16.7191,12.8964,5.1943,11.6747,209
14.7323,14.1082,10.0139,14.5992,16.1001,12.9195,5.4724,12.0545,209
14.7999,14.0681,9.9435,14.4066,16.0451,12.9467,5.6469,12.1432,209
14.6774,14.0371,9.9682,14.702,16.3658,12.9218,5.4015,11.9262,209
14.7151,14.1421,10.0988,14.7224,16.2142,12.7915,5.39,11.9259,209
11.7315,12.016,9.6012,14.5023,17.6356,14.4449,8.3268,11.7417,210
11.9378,11.9696,9.4012,14.5408,17.8546,14.5052,8.0705,11.7203,210
14.0476,15.3409,12.3897,16.6594,16.041,11.2233,4.0575,10.2406,211
13.4381,14.9341,12.316,17.1525,16.6916,11.482,4.0873,9.8984,211
16.1045,13.8518,8.699,13.1614,15.5138,12.9494,6.2337,13.4864,212
15.8378,14.1001,9.2349,13.5502,15.5582,12.7343,5.982,13.0025,212
15.7643,13.7849,8.8212,13.0885,15.5774,13.2163,6.4077,13.3398,212
13.979,12.7985,8.7397,14.149,16.7792,14.117,6.6974,12.7402,213
13.925,15.7713,12.9893,17.2952,16.3037,10.8203,3.2613,9.634,181
14.2931,12.8676,8.5597,13.8847,16.5956,14.1427,6.6793,12.9774,213
14.3013,12.8686,8.5778,13.7626,16.5934,14.2062,6.7652,12.9248,213
13.7479,12.4479,8.3606,14.0083,17.4394,14.4712,6.8871,12.6377,214
13.8834,12.6852,8.5718,14.1457,17.4083,14.2189,6.6649,12.4217,214
13.4442,11.8657,7.6846,14.203,18.046,15.1467,6.7438,12.866,215
13.2464,11.8446,7.893,14.2148,17.9575,15.1145,6.9464,12.7829,215
13.8515,13.7954,10.1602,15.5162,16.9354,12.8548,5.2903,11.5961,216
13.4643,13.6792,10.2729,15.2362,16.6243,12.9049,6.0356,11.7827,216
13.2494,11.976,8.0707,14.8124,18.6786,15.1284,6.1251,11.9595,217
12.815,12.0235,8.7637,13.3169,16.4527,14.799,8.7942,13.0349,158
12.5488,12.9689,10.0209,16.9219,18.7829,13.3773,4.8667,10.5126,230
13.4291,13.2863,9.7501,15.7844,17.6451,13.3899,5.3231,11.392,230
11.9892,12.0283,8.5902,14.9531,19.0918,15.0528,6.5961,11.6986,231
11.8579,12.0322,8.6834,14.6932,18.7779,14.9457,7.0856,11.9241,231
12.9936,11.6967,7.8926,14.0088,18.1915,15.6595,7.0879,12.4693,232
13.0883,11.7065,7.8456,13.8209,17.9027,15.7004,7.2603,12.6752,232
12.7499,14.3143,11.9455,16.8055,16.5169,11.9649,5.2587,10.4443,233
12.7314,14.0487,11.57,16.6429,16.7867,12.258,5.3797,10.5826,233
13.6022,14.6931,12.2832,15.1686,14.2895,11.5328,6.9612,11.4693,234
13.3518,14.3445,11.9641,15.2098,14.5669,11.7987,7.2631,11.501,234
15.1726,16.7366,13.5044,15.7453,14.0109,10.1362,4.0103,10.6837,235
14.6249,16.1242,13.0257,16.1508,14.8865,10.6373,4.0429,10.5077,235
16.1826,12.1853,6.1438,11.4405,15.3376,15.5341,7.7966,15.3796,237
15.3734,12.1252,6.6816,12.1024,15.9192,15.5521,7.6121,14.6341,237
13.3647,13.7116,10.8804,14.4085,14.8498,12.6434,7.9005,12.2411,239
14.1801,13.7942,10.1368,14.6347,16.5651,13.0411,5.9667,11.6813,240
14.9716,13.2708,8.6287,13.73,16.7762,13.9246,6.0184,12.6797,241
14.6071,12.7072,8.1266,13.5763,17.2081,14.5476,6.418,12.8092,241
14.3112,12.7866,8.4558,14.054,17.4667,14.4733,6.0806,12.3719,241
12.716,12.7304,9.8557,15.4199,17.6478,13.7851,6.4732,11.3719,242
12.7817,13.127,10.4463,15.606,17.1977,13.2386,6.3818,11.2208,242
13.0217,13.6804,11.1566,15.5477,16.1816,12.5222,6.6073,11.2826,242
13.097,14.4635,12.0027,16.677,16.32,11.8408,5.1533,10.4457,243
13.2053,14.332,11.7236,16.3139,16.1945,12.0202,5.4756,10.7351,243
13.3052,14.6179,12.1943,16.434,15.7794,11.6069,5.4595,10.6029,243
14.3329,12.5953,8.1808,13.6891,17.2394,14.7514,6.4723,12.7388,241
14.5783,16.1414,13.3658,15.2092,13.6587,10.6317,5.3415,11.0734,206
14.1076,16.9909,14.8075,17.1836,14.451,9.6406,3.3273,9.4916,204
16.0431,12.9367,7.3349,12.4963,16.1994,14.3145,6.6666,14.0085,202
12.8329,13.7192,10.9271,17.5288,18.1216,12.5423,4.2899,10.0381,203
14.3426,17.2536,14.9623,17.0238,14.1738,9.4596,3.2437,9.5405,204
14.8796,16.3015,13.3151,15.0466,13.5129,10.5507,5.2207,11.1729,206
14.1689,15.7542,12.8812,16.9802,15.6208,10.808,3.6013,10.1854,205
14.2718,17.3394,15.1866,17.0669,14.0396,9.3556,3.2761,9.464,204
14.7005,10.9412,5.3945,11.6676,16.6763,17.6205,8.0687,14.9307,207
15.972,13.021,7.5113,12.6419,16.2101,14.1923,6.5914,13.8601,202
15.7681,13.0227,7.682,12.792,16.3161,14.2336,6.514,13.6715,202
12.7366,13.8117,11.1639,17.5492,17.9891,12.4208,4.3669,9.9618,203
14.3553,16.0258,13.1425,16.8277,15.2618,10.575,3.6045,10.2074,205
15.8893,18.9886,16.1777,16.2914,12.7009,8.0359,2.2976,9.6185,208
15.2485,11.1884,5.3494,11.2741,15.9846,17.1669,8.3091,15.4789,207
15.2283,13.0602,8.4761,12.8266,15.4245,13.7512,7.5598,13.6734,85
13.7932,14.5601,11.4774,15.4056,15.3056,12.0654,5.7484,11.6444,246
13.8052,14.4951,11.4045,15.132,15.0555,12.0913,6.1729,11.8435,246
14.077,14.7545,11.602,15.0375,14.7323,11.8775,6.0703,11.8489,246
14.288,14.8253,11.5259,14.7576,14.4727,11.9029,6.1597,12.0679,246
17.1416,17.5217,13.0386,14.6351,13.079,9.4383,3.637,11.5086,247
16.4781,17.0381,12.9053,14.8981,13.5397,9.913,3.8737,11.354,247
16.5514,17.1132,12.9553,14.9452,13.534,9.8156,3.7759,11.3095,247
16.6602,17.172,12.9528,14.8823,13.4802,9.7622,3.7431,11.3472,247
16.6034,17.2027,13.0455,14.9795,13.5202,9.7114,3.6886,11.2487,247
13.9739,14.2778,10.8836,16.0197,16.7846,12.476,4.6295,10.9549,248
14.2625,14.3116,10.7034,15.6559,16.572,12.5314,4.7268,11.2365,248
14.0744,14.3263,10.8575,15.8084,16.6612,12.4803,4.7429,11.0491,248
13.6874,13.5255,10.0805,15.4663,17.117,13.3018,5.411,11.4106,248
14.1655,14.295,10.7566,15.7482,16.7186,12.5159,4.6947,11.1055,248
14.6319,13.6358,9.3598,14.2883,16.4312,13.1167,6.113,12.4233,250
14.8516,13.8747,9.5002,14.3105,15.9615,12.8761,5.9933,12.632,250
13.7834,15.7363,13.2173,16.8028,15.0873,10.6822,4.4099,10.2808,254
14.8569,16.6462,13.6628,16.2296,14.137,9.9718,4.0426,10.4532,254
13.4859,13.5751,10.1785,15.9874,17.506,13.0535,5.1186,11.095,217
13.0804,11.4914,7.4597,14.1685,18.7694,15.7835,6.8012,12.4459,256
12.9277,11.4227,7.5174,14.0945,18.7149,15.8118,7.0601,12.451,256
14.9859,16.2283,12.9986,15.9305,14.5246,10.4098,4.1971,10.7251,259
15.0425,15.5195,12.0343,15.5268,14.6812,10.8938,4.9832,11.3187,259
12.3648,14.4661,12.3777,18.592,17.9408,11.6429,3.5054,9.1103,272
13.3495,12.9823,9.5502,15.9339,17.9398,13.5637,5.4029,11.2778,273
12.8842,14.9719,12.6983,18.4121,17.4237,11.2715,3.2389,9.0994,272
13.4763,14.0922,10.8897,17.0789,18.0741,12.4155,3.8654,10.1081,272
12.3872,11.994,8.749,15.6032,19.2649,14.7871,5.9786,11.2361,274
12.3013,12.244,9.3961,13.8016,16.4254,14.5556,8.706,12.5699,275
12.4738,12.267,9.3246,13.7222,16.4142,14.5409,8.6436,12.6137,275
13.8252,12.1522,8.0486,12.6319,15.6227,15.1638,8.6978,13.8579,276
13.5936,12.2545,8.3563,12.8005,15.6033,14.9504,8.7679,13.6735,276
12.4887,11.7947,8.2676,13.6233,17.4364,15.6983,7.9996,12.6914,277
12.2766,11.6312,8.1835,13.8932,17.8345,15.9131,7.8149,12.4531,277
13.6995,12.4342,8.2173,14.1197,17.4249,14.905,6.5655,12.6339,278
13.0343,11.962,8.0274,14.328,18.1201,15.3157,6.7921,12.4204,278
11.5393,11.8664,9.2074,15.7119,19.4369,14.7263,6.6039,10.9079,279
11.8172,12.1302,9.491,15.8632,19.0477,14.4208,6.3969,10.833,279
14.3145,14.2154,10.5837,14.9803,15.8491,12.4581,5.7704,11.8285,280
14.2667,14.0002,10.2757,14.8263,16.018,12.714,5.9119,11.9871,280
13.9385,12.6873,8.6158,13.0566,15.6748,14.5355,8.0661,13.4254,281
14.6439,12.835,8.071,12.2186,15.0795,14.6248,8.3098,14.2174,281
12.1081,12.0362,8.9943,16.418,19.942,14.7769,5.2027,10.5219,282
12.6247,12.631,9.4658,16.4905,19.363,14.1167,4.8311,10.4772,282
16.0925,12.1675,6.179,11.5264,15.6046,15.6061,7.6049,15.219,283
15.9314,12.3297,6.5828,11.6848,15.5668,15.3177,7.6212,14.9656,283
14.6448,14.1883,10.3543,14.6727,15.9471,12.6158,5.6006,11.9766,193
14.5571,14.0802,10.2469,14.7541,16.1898,12.7182,5.5583,11.8954,193
14.7921,14.1739,10.1984,14.5436,15.8472,12.6044,5.6681,12.1723,193
13.5967,12.2807,8.3316,13.1515,16.4085,15.3878,7.7123,13.1309,285
13.7577,15.2227,12.4931,17.2251,16.4247,11.2291,3.7715,9.8761,286
13.7469,15.3245,12.6972,17.2303,16.202,11.0561,3.8513,9.8916,286
13.8303,15.4838,12.8793,17.183,16.0009,10.9246,3.8331,9.8651,286
13.528,15.0933,12.5358,17.2548,16.4578,11.2958,3.9666,9.8679,286
13.593,11.4406,7.1061,13.4876,17.7984,16.1553,7.2094,13.2097,287
13.6353,11.6305,7.4259,13.3819,17.3759,15.8139,7.4683,13.2682,287
15.2667,11.6223,6.0855,10.9317,14.7435,16.3167,9.2585,15.775,288
13.5838,11.5873,7.4303,13.2979,17.3356,15.8667,7.615,13.2833,287
15.4713,11.6051,5.8706,10.8982,14.9232,16.4698,8.9762,15.7856,288
13.5095,11.6814,7.584,13.4498,17.4902,15.7149,7.4793,13.0908,287
14.9627,11.5498,6.1864,11.2446,15.1456,16.4681,8.993,15.4498,288
13.4542,11.9255,8.0419,13.6081,17.1209,15.3816,7.4796,12.9882,287
15.401,11.5375,5.7995,11.0407,15.2881,16.6447,8.6983,15.5901,288
15.4952,13.3263,8.2721,13.1713,15.6987,13.9972,6.3529,13.6865,289
15.7147,11.841,6.0573,10.7595,14.5468,16.1148,9.0414,15.9244,288
15.764,13.2876,8.1033,12.8942,15.4758,13.9118,6.6198,13.9434,289
15.8143,13.2384,7.9247,12.8913,15.5159,13.9571,6.5536,14.1047,289
13.721,11.9161,7.6661,12.5878,16.2499,16.0218,8.1973,13.6399,285
15.9868,13.4115,8.0841,12.8501,15.3118,13.7744,6.5116,14.0697,289
14.2135,11.9369,7.3744,12.0331,15.4113,15.9012,8.7397,14.3898,285
15.4024,13.436,8.537,13.5372,15.8619,13.7446,6.1102,13.3708,289
13.7675,12.0178,7.7626,12.6641,16.1444,15.8079,8.1216,13.7141,285
13.7785,12.3974,8.4086,13.596,16.5451,14.6009,7.5279,13.1456,291
14.0742,12.4488,8.3233,13.1303,16.0892,14.5387,7.9095,13.4859,291
19.0617,13.547,5.9606,10.0093,13.5564,14.2346,7.3396,16.2908,292
19.2031,13.4733,5.7438,9.8546,13.4498,14.3549,7.4262,16.4943,292
14.1801,12.7444,8.6618,13.3937,16.0729,14.1827,7.5235,13.2408,291
19.3698,13.6569,5.8555,9.9973,13.5181,13.9362,7.2145,16.4517,292
14.447,12.68,8.3559,12.9821,15.836,14.247,7.8153,13.6369,291
18.2036,13.1098,6.0504,10.2916,14.0159,14.7637,7.5897,15.9753,292
12.4456,13.2973,10.6547,16.5386,17.9171,13.082,5.4541,10.6107,293
18.6378,13.3204,5.8732,10.2761,14.0285,14.5883,7.2052,16.0706,292
12.9183,13.5146,10.6221,16.1898,17.2951,12.9054,5.573,10.9816,293
12.4362,13.198,10.499,16.4713,17.8344,13.1641,5.6283,10.7688,293
17.698,13.19,6.4359,11.6017,15.3182,14.3395,6.5118,14.9048,294
11.9971,13.1809,10.7856,16.7645,17.876,13.0357,5.7533,10.6068,293
12.8139,12.3731,8.9486,15.5284,18.5547,14.5717,5.825,11.3846,217
15.4706,13.1363,7.9928,13.6494,16.7418,13.8182,5.9273,13.2636,295
15.5877,12.7628,7.4023,13.2216,16.8316,14.3108,6.253,13.6302,295
12.4387,12.4383,9.2476,15.9578,18.9644,14.4144,5.5181,11.0207,296
13.2203,14.0536,11.1118,16.4881,17.1506,12.534,4.799,10.6427,296
13.6481,14.0448,10.8027,16.2667,17.1286,12.6007,4.6844,10.8238,296
14.9214,13.7933,9.3211,14.9958,16.9013,13.0158,5.0189,12.0324,297
14.3285,13.433,9.3069,15.1598,17.4787,13.4172,5.1102,11.7655,297
14.2659,13.4736,9.4165,15.2604,17.5055,13.3859,5.0418,11.6505,297
15.9892,15.3715,10.8852,15.4284,15.1595,11.0938,4.2088,11.8636,298
15.7725,15.3359,10.9757,15.6446,15.3512,11.1222,4.1328,11.665,298
15.9243,15.4214,10.9895,15.4665,15.1734,11.1012,4.122,11.8018,298
13.6048,16.3493,14.2754,17.2803,14.8676,10.1834,3.7943,9.645,299
13.5556,16.499,14.4719,17.9336,15.3888,9.9717,3.0802,9.0992,299
13.6516,16.5375,14.4149,17.9629,15.4727,9.9618,2.9173,9.0813,299
15.0012,14.1445,9.7978,14.8554,16.6328,12.7937,4.9037,11.871,300
14.4627,13.5735,9.4001,14.8799,17.1529,13.5099,5.1541,11.8668,300
15.2751,14.0963,9.4816,14.6805,16.5761,12.8779,4.8714,12.1411,300
14.7422,14.9986,11.328,16.2722,16.3215,11.5994,4.004,10.7341,301
14.4019,15.3372,12.1467,15.1958,14.6382,11.5467,5.3104,11.4231,315
13.4261,13.8305,10.9523,14.5827,14.9089,12.5362,7.608,12.1552,239
13.5996,13.613,10.2877,15.8918,17.093,12.9677,5.2754,11.2717,273
13.6034,12.628,8.8559,15.0003,17.582,13.9941,6.2015,12.1348,273
13.3673,12.5017,8.7962,15.2336,17.9932,14.2577,5.9705,11.8798,273
12.6533,12.2138,8.9037,15.5237,18.8567,14.5249,5.9803,11.3436,274
12.172,11.9298,8.844,15.5002,19.1511,14.8109,6.3017,11.2904,274
12.868,12.1546,8.6365,15.0375,18.4395,14.6912,6.3476,11.8252,274
12.1769,10.2385,6.2376,14.8782,21.076,17.5289,6.1217,11.7423,320
12.1869,10.0575,5.9186,14.4933,20.8058,18.0209,6.4268,12.0902,320
13.388,12.5569,8.8334,13.4859,16.3541,14.4371,7.935,13.0097,321
14.9028,11.8255,6.6082,11.756,15.7148,15.8578,8.4231,14.9118,321
13.0238,11.9667,8.5694,12.7048,16.1693,15.0785,9.1239,13.3636,324
13.5525,12.1209,8.4611,12.3792,15.6251,14.9703,9.1929,13.698,324
13.2062,11.7215,7.7942,14.1569,18.4205,15.6588,6.7401,12.3019,325
13.1169,12.4135,8.8272,14.9526,18.245,14.5425,6.1929,11.7095,325
13.5442,10.7076,6.0063,11.6546,16.0899,17.2457,9.7253,15.0262,328
13.7584,10.807,5.9955,11.3707,15.6608,17.1631,9.897,15.3475,328
13.2607,13.1503,9.8555,15.8516,17.6093,13.4379,5.5363,11.2984,273
12.9448,12.1207,8.5307,15.3429,19.2221,14.8128,5.7206,11.3055,329
13.4916,12.1816,8.1954,14.7179,18.6929,14.9083,5.9393,11.8729,329
15.3327,13.1218,8.0089,13.5051,16.6739,13.9051,6.1636,13.289,330
16.7862,13.5989,7.6856,12.328,15.1497,13.3644,6.6175,14.4697,330
13.4335,11.8532,7.9392,13.171,16.6409,15.4471,8.1218,13.3935,119
14.44,14.9407,11.7971,14.5791,14.1064,11.6127,6.5301,11.9939,118
13.9893,16.3217,13.8417,17.6492,15.6812,10.1459,3.0267,9.3443,332
12.7261,12.228,8.7155,15.7341,19.3221,14.9735,5.2338,11.067,333
12.6026,12.3189,9.2093,14.3494,17.2831,14.5416,7.6025,12.0926,334
13.9208,12.0541,7.5988,14.3592,18.2827,15.3023,5.9474,12.5346,336
13.0862,10.6627,6.521,12.176,16.7335,17.3318,9.2336,14.2553,337
13.7806,14.9519,12.0715,15.814,15.2612,11.5461,5.4291,11.1455,338
13.5111,12.7149,9.1134,14.6496,17.2545,14.1439,6.5369,12.0757,339
13.9186,13.7272,10.1339,15.6074,17.1566,12.9318,5.1811,11.3434,340
13.7945,15.319,12.6896,16.747,15.632,11.0853,4.4132,10.3195,341
13.7765,11.4466,6.8288,13.8557,18.7605,16.352,6.2942,12.6857,342
13.758,12.9815,9.2817,14.1652,16.4129,13.6082,7.1231,12.6693,343
14.8508,16.2197,13.0503,16.1784,14.8803,10.4219,3.9928,10.4059,344
14.765,17.3648,14.8798,15.0405,12.555,9.7533,5.0179,10.6237,345
15.3728,16.623,13.0383,16.0393,14.7645,10.1715,3.3665,10.6241,346
11.314,11.6688,9.0139,17.0155,20.9244,14.8865,5.0942,10.0827,347
15.7432,12.5117,6.9358,12.3699,16.1836,15.0165,7.0093,14.2299,348
14.0316,16.2544,13.7071,17.5685,15.6703,10.224,3.1127,9.4314,332
12.3134,12.0767,8.7207,15.8264,19.7568,15.0733,5.3359,10.8968,333
12.5847,12.3727,9.3165,14.1673,17.0613,14.4822,7.8423,12.1731,334
12.7886,13.0701,10.0965,16.4633,18.4963,13.4337,5.0921,10.5595,335
13.8651,12.0283,7.6288,14.3019,18.1721,15.3036,6.1221,12.578,336
12.9581,10.4722,6.308,11.9783,16.619,17.7227,9.4938,14.4478,337
13.5351,14.9469,12.19,16.2729,15.7132,11.5023,5.0233,10.8162,338
14.024,12.6762,8.6439,13.9266,16.9718,14.3397,6.7968,12.6209,339
13.7255,13.3959,9.7137,15.4681,17.467,13.2978,5.4184,11.5135,340
14.0912,15.7341,13.0656,16.7642,15.2866,10.7024,4.158,10.198,341
13.2854,11.437,7.01,13.7246,18.5829,16.4847,6.6937,12.7817,342
13.5655,12.956,9.4382,13.7944,15.8942,13.5802,7.846,12.9255,343
15.178,16.4964,13.1378,16.034,14.572,10.2464,3.8395,10.496,344
14.7336,17.6071,15.199,15.3375,12.5892,9.5288,4.6434,10.3614,345
15.8849,16.8772,12.9978,15.7203,14.3302,9.9327,3.3297,10.9273,346
11.3978,11.8484,9.2212,16.6862,20.2767,14.7178,5.4879,10.364,347
16.2101,12.6646,6.8246,12.0277,15.9118,14.8999,7.0315,14.4299,348
13.8679,16.2802,13.8858,17.7177,15.6927,10.165,3.0792,9.3115,332
11.551,11.3351,8.2107,15.4903,19.9391,15.9213,6.3015,11.2511,333
12.0851,11.9948,9.0988,14.6151,18.0451,14.9075,7.4767,11.7768,334
12.4703,12.8803,10.0954,16.8017,18.9243,13.4931,5.0227,10.3122,335
13.7505,11.8723,7.4784,14.2481,18.25,15.4631,6.2763,12.6613,336
12.5898,10.0877,5.8289,12.1779,17.4173,18.434,9.2097,14.2547,337
13.4042,14.8686,12.3246,15.814,15.0146,11.5555,5.898,11.1205,338
13.9732,12.7779,8.8145,14.2161,17.1554,14.2155,6.4936,12.3538,339
13.7176,13.2656,9.5551,15.5966,17.8747,13.4025,5.2658,11.322,340
13.6153,15.1963,12.6502,17.0815,16.0402,11.1248,4.2545,10.0371,341
13.3455,11.2331,6.7996,13.8617,18.9371,16.5621,6.5967,12.6642,342
13.4199,12.9571,9.5636,14.1563,16.184,13.5101,7.5896,12.6194,343
14.8585,16.3415,13.1261,16.4489,15.102,10.3688,3.5724,10.1818,344
14.4845,17.021,14.7233,14.9972,12.6218,9.9222,5.5433,10.6868,345
15.3085,16.4155,12.8719,16.103,14.9772,10.2853,3.4148,10.6238,346
11.1148,11.5449,9.0066,16.5637,20.5336,14.9161,5.8716,10.4487,347
15.733,12.2918,6.6629,12.1292,16.2127,15.4193,7.1903,14.3608,348
13.7662,16.1244,13.7409,17.8534,15.9335,10.2572,3.0644,9.2601,332
12.3782,12.1106,8.76,15.5198,19.251,15.0126,5.753,11.2148,333
12.8249,12.8025,9.8208,14.379,16.8006,13.7977,7.6192,11.9552,334
12.5397,13.0705,10.2818,16.8096,18.7213,13.3548,4.9341,10.2883,335
13.4712,11.822,7.6501,14.4092,18.4355,15.5242,6.2517,12.4361,336
12.6547,10.3461,6.248,12.0749,16.8636,17.9965,9.4912,14.3249,337
13.6255,14.8986,12.0791,16.0907,15.6056,11.5785,5.1965,10.9255,338
13.7588,12.7888,8.9458,14.463,17.257,14.0723,6.449,12.2653,339
13.7552,13.353,9.6541,15.5408,17.6969,13.3128,5.2877,11.3996,340
14.1798,15.5312,12.671,16.7798,15.6072,10.8818,4.0826,10.2665,341
13.2862,11.1129,6.7111,13.9829,19.2405,16.7759,6.419,12.4716,342
13.4277,13.0238,9.6241,14.1773,16.091,13.4766,7.5343,12.645,343
14.8898,16.2642,13.0279,16.3542,15.0801,10.4283,3.6785,10.277,344
14.4908,16.9779,14.6534,14.9512,12.6246,9.9819,5.584,10.7363,345
15.3443,16.7003,13.2144,16.1658,14.7776,10.0343,3.2651,10.4981,346
11.2545,11.5469,8.9273,16.8847,20.9644,15.0141,5.2768,10.1313,347
15.5739,12.435,6.9944,12.465,16.4336,15.0787,6.9841,14.0353,348
12.3216,12.2685,9.0261,15.7972,19.1641,14.8545,5.5391,11.0289,333
13.2055,13.0392,9.8771,14.3152,16.4949,13.6046,7.4127,12.0509,334
12.7601,13.2552,10.4063,16.5053,18.1299,13.2534,5.1383,10.5516,335
13.8895,12.2429,7.939,14.381,17.9506,14.9874,6.0892,12.5204,336
12.9166,10.431,6.1491,11.944,16.6665,17.9082,9.4488,14.5357,337
13.8061,14.9097,11.9197,15.8025,15.3921,11.6309,5.3554,11.1836,338
14.0878,13.0954,9.1793,14.1161,16.5301,13.8051,6.6822,12.5039,339
14.0491,13.9291,10.2924,15.5263,16.9246,12.7807,5.1357,11.3621,340
13.6937,14.6462,11.7557,16.5636,16.4427,11.8049,4.587,10.5063,341
13.3419,11.396,7.0471,14.0701,18.938,16.4067,6.3547,12.4456,342
13.7508,13.2113,9.6306,14.0806,15.9221,13.3541,7.3617,12.6889,343
15.3161,16.5873,13.1378,16.0039,14.5657,10.1708,3.7109,10.5075,344
14.4317,16.8311,14.5244,14.8382,12.6263,10.0976,5.8179,10.8327,345
15.3661,16.6117,13.0901,16.0502,14.7133,10.1195,3.412,10.6371,346
11.5734,11.8585,9.2023,16.1872,19.6828,14.6744,6.0751,10.7461,347
16.2944,12.6432,6.751,11.8229,15.6221,14.8953,7.2663,14.7047,348
14.0857,16.4101,13.8822,17.4948,15.4919,10.1179,3.0829,9.4344,332
12.7493,12.3859,8.7612,15.3024,18.7774,14.859,5.6437,11.5211,333
13.4335,13.0959,9.7462,14.2668,16.4643,13.6563,7.1995,12.1375,334
12.5831,13.17,10.4633,16.3843,17.9704,13.2868,5.4848,10.6571,335
14.1509,12.1807,7.6363,14.1817,17.8286,15.0832,6.1131,12.8256,336
12.7877,10.474,6.225,12.1683,16.8901,17.8305,9.2586,14.366,337
14.0779,15.4379,12.5254,15.8632,14.8612,11.1235,5.0617,11.0491,338
14.1888,13.2153,9.3323,14.1133,16.3341,13.6232,6.6745,12.5186,339
14.1205,13.9634,10.2469,15.2789,16.5097,12.7257,5.4654,11.6895,340
13.6434,14.6511,11.8183,16.6159,16.4817,11.7767,4.5815,10.4314,341
13.7851,11.7186,7.2302,14.0848,18.6509,15.9054,6.1351,12.4899,342
13.8931,13.3232,9.7893,13.8154,15.4472,13.2279,7.6826,12.8213,343
15.1625,16.3784,13.0334,15.8923,14.5005,10.3527,4.0363,10.6438,344
14.5528,17.056,14.6684,14.791,12.4953,9.9935,5.6232,10.8199,345
15.6636,16.8739,13.171,15.9382,14.5322,9.9414,3.2164,10.6634,346
11.3015,11.8049,9.2641,17.1931,20.8661,14.7111,4.9665,9.8928,347
16.5705,12.8893,6.8745,11.8349,15.4225,14.6254,7.0849,14.698,348
14.1025,16.3753,13.8278,17.5187,15.4706,10.1078,3.1208,9.4766,332
12.5009,12.2634,8.9053,15.5768,19.1676,14.9083,5.5766,11.1012,333
12.8422,12.5786,9.4555,14.4111,17.1389,14.2034,7.3887,11.9816,334
12.8383,13.2916,10.4014,16.3202,17.8992,13.1996,5.3187,10.731,335
13.6738,12.4697,8.4433,14.9736,18.2482,14.4767,5.7222,11.9925,336
12.8615,10.3189,5.9536,12.0219,16.9318,18.176,9.2857,14.4506,337
13.7819,15.1816,12.4225,15.6752,14.8366,11.3689,5.5944,11.1389,338
13.7595,12.7599,8.9594,14.5091,17.3029,14.0852,6.4543,12.1697,339
14.2069,13.8411,10.0108,15.3632,16.8691,12.8019,5.2716,11.6354,340
13.9581,15.3558,12.6114,16.7745,15.7012,11.0448,4.2737,10.2805,341
13.5754,11.3033,6.75,13.8703,18.9185,16.5356,6.4093,12.6375,342
13.2867,13.1375,9.9314,14.5203,16.2032,13.3631,7.2837,12.2741,343
15.4382,16.7598,13.2654,16.1491,14.5818,9.9671,3.4411,10.3975,344
14.2706,16.8156,14.6214,15.0643,12.7457,10.0844,5.6923,10.7056,345
15.9917,16.9201,13.0259,15.6181,14.1974,9.8537,3.4052,10.9879,346
11.2175,11.7052,9.2195,16.584,20.1936,14.6725,5.9592,10.4484,347
16.0151,12.3684,6.5705,12.0294,16.1959,15.1889,7.1547,14.4769,348
14.1605,16.2849,13.6628,17.242,15.4211,10.2575,3.3296,9.6416,332
12.6178,12.3205,8.8851,15.5132,18.968,14.753,5.6586,11.2839,333
13.5113,13.1719,9.8472,14.496,16.5512,13.5627,6.8174,12.0424,334
13.3003,13.4474,10.2771,15.8013,17.2678,13.1895,5.5451,11.1716,335
14.0321,12.3641,7.9953,14.3745,17.7992,14.8163,6.0565,12.562,336
13.0573,10.354,5.843,11.9142,16.8525,18.0249,9.2837,14.6704,337
14.2412,15.4755,12.4065,15.8889,15.0519,11.1522,4.7989,10.9849,338
14.1165,12.8622,8.8729,13.8946,16.5264,14.1231,6.8586,12.7456,339
14.3397,14.0594,10.2629,15.227,16.4388,12.6239,5.339,11.7094,340
14.4537,15.627,12.5594,16.3101,15.2226,10.8906,4.2939,10.6428,341
13.3167,11.4778,7.1622,14.0347,18.7286,16.2202,6.5135,12.5463,342
14.0176,13.3242,9.6529,13.8681,15.6709,13.3359,7.3125,12.818,343
15.5724,16.7873,13.2179,15.8902,14.4037,10.0235,3.553,10.552,344
14.1778,16.7765,14.6395,15.3534,12.9935,10.0667,5.4363,10.5563,345
15.9246,16.9995,13.127,15.5832,14.1698,9.8645,3.3906,10.9408,346
11.3558,11.4497,8.7058,16.8931,21.1112,15.1244,5.1765,10.1835,347
16.3394,12.6945,6.7489,11.8667,15.6232,14.8576,7.1481,14.7216,348
14.0476,16.3205,13.8218,17.4366,15.4737,10.1608,3.2534,9.4856,332
12.0285,12.7325,10.0168,15.8894,18.2006,13.9027,6.1984,11.031,333
13.019,12.6874,9.5467,14.3197,16.8524,14.0856,7.4592,12.03,334
13.0816,13.1758,10.0259,15.9469,17.8217,13.3885,5.5078,11.0518,335
14.1651,12.5944,8.2339,14.4974,17.7282,14.3763,5.9091,12.4955,336
13.106,10.1537,5.4899,11.9437,17.1029,18.4333,9.0932,14.6774,337
13.8651,15.1853,12.3571,15.8257,15.0574,11.3696,5.3123,11.0274,338
14.2181,12.9622,8.9361,13.9159,16.5855,13.9524,6.7916,12.6381,339
14.2133,13.7611,9.8919,15.083,16.7497,13.0165,5.4767,11.8078,340
14.2959,15.385,12.4232,16.2135,15.2516,11.0681,4.6215,10.7412,341
13.5496,11.398,6.881,13.9318,18.7758,16.4341,6.3675,12.6621,342
14.0166,13.2749,9.5206,14.029,16.1132,13.3954,7.0266,12.6237,343
15.4726,16.6868,13.1937,15.6641,14.1984,10.1669,3.9092,10.7084,344
14.5102,17.1869,14.8859,15.2164,12.7026,9.8164,5.1531,10.5286,345
15.7657,16.7097,12.8377,15.7091,14.5195,10.0702,3.4478,10.9403,346
11.2988,11.5053,8.8159,16.6317,20.6622,15.0061,5.6407,10.4393,347
16.1894,12.5448,6.6805,11.8651,15.828,15.0314,7.2223,14.6387,348
15.5072,13.7239,8.9967,13.2656,15.4885,13.0104,6.6964,13.3113,349
14.7208,13.1633,8.7535,13.3667,16.1906,13.5844,7.0843,13.1364,349
15.4534,13.4456,8.6319,12.9298,15.4786,13.296,7.1089,13.6559,349
14.8961,13.2659,8.8605,12.9578,15.4749,13.4794,7.576,13.4894,349
15.1712,13.3212,8.6736,13.0917,15.7641,13.4212,7.1232,13.4339,349
14.9982,13.4452,9.0225,13.2234,15.4982,13.1224,7.3268,13.3634,349
15.0699,13.4498,9.0627,12.8545,15.0344,13.1646,7.725,13.639,349
18.4427,13.7182,6.6844,11.3929,14.8271,13.5471,6.354,15.0335,294
12.7499,13.436,10.5973,16.1991,17.3291,13.0006,5.6791,11.009,293
17.6181,13.3601,6.7787,11.897,15.5311,13.9946,6.2927,14.5277,294
14.9858,15.5908,12.1072,14.3572,13.8055,11.3341,5.8748,11.9446,350
17.9037,13.4889,6.6858,11.7125,15.312,13.9326,6.2376,14.7269,294
15.0306,15.6537,12.2106,14.3724,13.7126,11.2489,5.8625,11.9087,350
14.8357,15.5162,12.1671,14.4446,13.8743,11.3486,5.9414,11.8721,350
16.9922,12.9322,6.5075,11.5243,15.1058,14.6471,7.0481,15.243,351
15.2228,15.4931,11.8482,14.369,14.0183,11.3684,5.7749,11.9053,350
16.4407,12.5876,6.4677,11.7444,15.4755,14.949,7.2603,15.0748,351
16.5349,12.6367,6.4588,11.6966,15.4412,15.0018,7.1625,15.0675,351
15.0278,15.9099,12.5462,15.445,14.4076,10.8083,4.6924,11.1627,352
16.7496,12.612,6.2502,11.5099,15.3203,15.0378,7.2165,15.3038,351
14.9128,16.022,12.8105,15.4984,14.2861,10.6943,4.7167,11.0593,352
16.8456,12.626,6.2058,11.4134,15.2825,14.9547,7.3074,15.3646,351
14.7918,15.9736,12.8392,15.5999,14.3962,10.7265,4.7373,10.9354,352
15.0569,16.0005,12.6449,15.2536,14.1882,10.7942,4.8314,11.2304,352
15.1406,16.0782,12.7217,15.1971,14.0683,10.727,4.823,11.244,352
14.9485,13.9763,9.6534,14.0747,15.5209,13.1009,5.9472,12.778,353
15.8634,14.81,10.1395,14.3254,15.3167,12.1295,4.951,12.4645,353
15.7755,14.9469,10.4294,14.5443,15.3186,11.9112,4.8414,12.2327,353
15.7428,15.161,10.7374,14.7881,15.3922,11.7082,4.5613,11.9089,353
15.6984,15.0956,10.7088,14.782,15.3018,11.7212,4.6862,12.006,353
12.9028,11.2584,7.2361,14.5313,19.3787,16.1228,6.3572,12.2127,354
12.95,11.4694,7.5159,14.6128,19.2232,15.856,6.2703,12.1025,354
12.6201,11.1257,7.2802,14.6447,19.5143,16.3122,6.4427,12.0601,354
12.8984,11.4431,7.5216,14.4798,18.93,15.9668,6.4923,12.268,354
13.1354,11.6503,7.6425,14.3735,18.6073,15.6787,6.5183,12.3941,354
14.1309,11.8848,7.24,12.3186,16.1107,16.2049,8.0799,14.0302,285
16.859,15.3081,10.1566,12.9601,13.5495,11.6631,5.9361,13.5675,355
16.2293,15.9092,11.3722,14.7201,14.5816,11.0595,4.2292,11.8989,356
14.2334,14.6203,11.0744,16.4369,16.8668,12.0243,4.0782,10.6656,301
16.2381,16.1448,11.6659,14.8555,14.4893,10.8334,4.0518,11.7212,356
14.2476,12.8233,8.4869,14.5565,17.6686,14.0655,5.8312,12.3205,357
14.5687,12.6729,8.0562,14.3804,17.8325,14.2742,5.7036,12.5114,357
14.141,12.7733,8.5596,14.4215,17.3977,13.984,6.2343,12.4886,357
12.7555,9.3252,4.5072,12.3031,18.7573,19.2403,8.6438,14.4676,364
13.017,13.5098,10.6908,14.8748,15.661,12.9037,7.3947,11.9484,239
16.1906,13.5222,7.9486,12.933,15.8005,13.5562,6.2113,13.8375,330
16.2098,13.391,7.8199,12.7119,15.645,13.6084,6.5634,14.0506,330
12.6592,12.1714,8.8282,15.4876,18.907,14.6253,5.9722,11.3492,274
13.3855,12.7472,9.3061,13.2782,15.86,14.1181,8.3622,12.9427,379
13.2201,12.5107,9.0973,13.2573,16.0367,14.3781,8.4939,13.0059,379
14.0107,14.4144,11.201,15.1525,15.1933,12.0272,6.1805,11.8205,380
14.0604,14.3331,11.0243,15.188,15.3823,12.1299,6.0501,11.8318,380
14.0622,15.2955,12.2172,16.3932,15.2836,11.2022,4.6522,10.8938,382
14.0791,15.6029,12.659,16.5448,14.9422,10.9061,4.449,10.8168,382
15.0153,11.3745,6.0024,10.7828,14.4744,16.2489,10.0082,16.0935,383
15.6736,11.6272,5.8577,10.4247,13.9304,15.7615,10.1035,16.6214,383
14.5693,15.0855,11.8546,14.6149,14.0342,11.481,6.3743,11.9862,118
15.3075,13.3038,8.6857,12.8722,15.3231,13.3097,7.5185,13.6796,349
15.5811,13.3106,8.4641,12.4531,15.0245,13.4112,7.715,14.0404,349
13.3311,13.0828,9.6563,15.2357,17.3295,13.4317,6.1754,11.7575,384
12.994,12.5341,9.1258,14.8688,17.6912,14.1365,6.6812,11.9684,384
13.0912,12.3406,8.7405,14.4367,17.6855,14.4789,6.9441,12.2826,384
13.0195,12.6969,9.2873,15.1495,17.8786,13.8815,6.3282,11.7585,384
13.1223,12.584,9.0461,14.7979,17.7533,14.1276,6.5636,12.0051,384
13.0597,12.3921,8.8023,14.6038,17.8292,14.388,6.783,12.142,384
16.8113,15.3179,10.1406,12.9571,13.5941,11.78,5.853,13.546,355
16.9099,15.3111,10.0439,12.7365,13.4601,11.9125,5.9567,13.6694,355
16.9914,15.3186,10.0405,12.6583,13.3721,11.8563,6.0388,13.724,355
16.8429,15.2568,9.9736,12.8418,13.6553,12.0318,5.8245,13.5734,355
13.7228,14.7782,11.8892,16.441,16.2335,11.7874,4.5942,10.5537,385
14.0559,14.8912,11.7996,16.2094,15.9938,11.7121,4.5627,10.7753,385
14.1433,15.2026,12.2419,16.1575,15.5323,11.3561,4.6794,10.6869,385
14.3776,15.4224,12.4138,15.9438,15.1014,11.1202,4.7978,10.823,385
14.4862,15.7879,12.8213,15.7705,14.4432,10.9077,4.7294,11.0538,386
14.2636,15.4513,12.4604,16.1646,15.3427,11.1713,4.4931,10.6529,385
14.4766,15.5883,12.5653,15.4642,14.2852,11.1037,5.1838,11.3328,386
14.5886,15.9224,12.9129,15.7603,14.3237,10.7428,4.7063,11.0429,387
14.5432,15.4801,12.349,15.259,14.2836,11.2339,5.366,11.4853,386
14.9747,16.1161,12.8946,15.5529,14.058,10.5336,4.6593,11.2108,387
14.835,15.7009,12.4467,15.2285,14.1288,11.0427,5.1203,11.4972,386
14.9426,16.0798,12.9159,15.3746,13.8673,10.6004,4.9097,11.3099,387
14.6175,15.782,12.7127,15.6443,14.3321,10.9243,4.8347,11.1524,386
14.9425,16.2525,13.1021,15.7381,14.1256,10.3892,4.4736,10.9763,387
15.4999,15.6445,12.2106,13.5424,12.8948,11.0796,6.8265,12.3016,388
15.0968,15.9482,12.6172,15.0809,13.7824,10.7418,5.1464,11.5864,387
15.515,15.699,12.1673,13.5345,12.9428,11.1318,6.6482,12.3615,388
15.3982,15.5449,12.1867,13.4517,12.8603,11.1409,7.0906,12.3268,388
13.5619,11.679,7.4473,13.0411,17.1556,15.6667,7.8997,13.5487,389
13.2991,11.6677,7.5704,13.1308,17.2423,15.7436,7.9333,13.4128,389
13.3357,11.4409,7.2097,12.9138,17.2264,16.1503,8.0918,13.6313,389
13.2397,13.3201,10.1364,16.0579,18.1471,13.3027,5.0616,10.7346,390
13.1064,11.3419,7.1964,13.0042,17.4868,16.2416,8.1327,13.49,389
13.3317,13.4477,10.2524,16.0904,18.0721,13.1475,4.9608,10.6973,390
13.191,11.433,7.2945,12.8709,17.1531,16.2297,8.2566,13.5712,389
13.328,13.1914,9.8526,15.9295,18.2178,13.5254,5.0401,10.9152,390
14.894,16.1987,13.0353,15.6412,14.1288,10.544,4.6287,10.9294,391
13.2498,13.4394,10.313,16.0009,17.9004,13.2717,5.0715,10.7532,390
14.8276,16.1375,13.017,15.6208,14.0977,10.6116,4.684,11.0039,391
13.3565,13.2626,10.0,15.8706,18.0241,13.3926,5.1832,10.9104,390
14.8759,16.1789,13.0653,15.4504,13.8871,10.567,4.8845,11.091,391
14.1084,14.894,11.5328,16.2811,16.5179,11.7136,4.2222,10.73,392
14.9503,16.3958,13.2693,15.4832,13.7855,10.4225,4.6789,11.0145,391
13.8076,14.1603,10.6724,16.1135,17.1563,12.4321,4.6338,11.024,392
15.0421,16.46,13.2664,15.651,13.8818,10.3378,4.4305,10.9304,391
13.7822,14.1155,10.6428,15.8545,16.918,12.4889,4.9472,11.2507,392
13.9335,14.3576,10.8965,15.5762,16.2353,12.2642,5.2415,11.4952,392
15.3901,14.3017,9.7615,14.8642,16.5345,12.4455,4.7854,11.9171,393
14.2645,13.6234,10.0224,13.6962,14.5312,12.8951,7.8618,13.1054,394
14.4877,13.7873,9.8892,14.0939,14.846,12.82,6.9711,13.1048,394
13.0951,12.3847,8.8143,14.8148,17.8922,14.6019,6.4091,11.9878,403
12.4442,12.1343,8.933,15.3558,18.5027,14.7318,6.3625,11.5356,403
14.3946,11.8991,7.1113,12.4356,16.3841,15.731,7.9322,14.1121,405
14.5459,11.9483,7.0847,12.3647,16.2807,15.6789,7.9158,14.181,405
13.3393,12.7597,9.2704,14.0419,16.7416,13.943,7.464,12.4401,408
13.208,12.6253,9.2125,13.9861,16.7987,14.0773,7.6371,12.4551,408
12.3619,13.2678,10.6421,16.888,18.2409,13.1246,5.1123,10.3624,409
12.2936,13.4004,10.8637,17.0016,18.1711,12.9892,5.0056,10.2748,409
14.8534,13.1682,8.4152,14.0569,17.1622,14.0219,5.6985,12.6236,414
15.3464,13.6377,8.7295,13.9755,16.5612,13.5525,5.4833,12.7139,414
12.888,12.1208,8.5176,14.4055,17.8867,14.818,7.0269,12.3366,384
12.9414,12.3692,8.8409,14.6405,17.8509,14.4267,6.7909,12.1395,384
13.2944,12.4378,8.6634,14.4936,17.6781,14.4158,6.6983,12.3185,384
12.8163,12.0762,8.4714,14.6676,18.2982,14.8815,6.6865,12.1022,384
14.6989,14.9677,11.4477,14.9706,15.1316,11.785,5.455,11.5434,415
14.5498,15.3983,12.1377,15.5107,15.1154,11.3676,4.901,11.0195,415
14.5421,15.2711,11.9698,15.3575,15.1129,11.5151,5.0681,11.1634,415
14.7339,15.2171,11.7765,15.1583,15.0256,11.5458,5.2086,11.3343,415
14.6922,15.3431,12.0144,15.2053,14.7823,11.3595,5.314,11.2893,415
14.3258,15.0548,11.8374,15.4067,15.2604,11.6706,5.2714,11.1729,415
14.1079,15.0491,12.0801,15.6368,15.2539,11.5816,5.2919,10.9987,415
15.4766,14.1105,9.3743,14.5729,16.5153,12.6823,5.0345,12.2336,393
15.6628,13.8334,8.877,14.0607,16.428,13.0944,5.3673,12.6764,393
15.3763,13.5422,8.6225,14.1516,16.903,13.4316,5.375,12.5976,393
15.1312,12.9566,7.9729,13.8932,17.3013,14.1614,5.7447,12.8388,393
14.8659,16.4916,13.7309,15.3164,13.3833,10.2515,4.9812,10.9791,420
15.2001,16.4871,13.5062,14.3001,12.6965,10.4539,5.7584,11.5977,420
12.3902,11.7481,8.2816,14.7806,18.7563,15.4222,6.7458,11.8752,439
13.3075,13.4501,10.3506,14.7757,15.7595,13.0898,7.1428,12.1241,239
13.5153,13.5467,10.2908,15.286,17.2225,13.1448,5.8099,11.1842,240
13.7658,13.7367,10.4434,15.2957,16.4598,12.8235,5.9427,11.5325,442
13.2115,13.3207,10.2452,15.4936,17.0014,13.1894,6.1173,11.421,442
12.0295,11.6691,8.3996,14.9028,19.0416,15.4875,6.8242,11.6457,439
14.5085,15.7142,12.4712,16.2756,15.5877,11.0815,3.8697,10.4917,443
14.4185,15.7911,12.6264,16.7514,16.0037,10.9474,3.3601,10.1013,443
13.0349,12.9433,9.9393,14.2355,16.0977,13.5646,7.8816,12.3031,444
13.0843,13.1021,10.105,14.1794,15.822,13.3783,7.9968,12.3321,444
15.1782,15.0911,11.1759,14.9914,15.4029,11.6939,4.9307,11.5359,445
14.905,14.4772,10.5016,14.9706,16.1507,12.3141,5.0714,11.6094,445
13.4264,13.4239,10.0318,16.3354,18.1272,13.1241,4.7187,10.8125,446
14.0751,13.4924,9.6755,15.5196,17.3961,13.1866,5.1055,11.5491,446
13.5865,11.9575,8.2012,12.6168,15.8904,15.2095,8.8621,13.676,447
13.726,11.8573,7.8454,12.7313,16.3854,15.4433,8.3905,13.6209,447
14.135,11.5493,6.7783,12.8701,17.2944,16.1121,7.4767,13.784,448
13.9497,11.6175,7.0056,13.1264,17.5009,15.8413,7.4086,13.5499,448
12.8553,13.9557,11.6047,15.6434,15.657,12.2177,6.848,11.2182,449
15.1507,11.7908,6.3919,12.1928,16.3499,15.7702,7.6774,14.6763,450
15.0661,11.6699,6.3132,12.0282,16.3236,15.9089,7.9359,14.7541,450
12.691,13.7532,11.3485,15.9324,16.2286,12.3949,6.5704,11.081,449
12.977,14.1572,11.4494,17.8047,17.9625,12.0486,3.8302,9.7705,451
13.132,14.4572,11.7476,17.8543,17.6874,11.8104,3.6203,9.6908,451
13.2357,12.3032,8.6472,14.5911,17.83,14.9285,6.4833,11.9809,452
13.2026,11.9464,8.1404,14.483,18.3203,15.4283,6.4257,12.0533,452
12.6402,12.6004,9.6147,15.216,17.7713,14.1311,6.5316,11.4947,453
12.7588,12.567,9.4311,15.1433,17.9749,14.149,6.4597,11.5161,453
12.9459,13.3219,10.3885,15.6603,16.9422,13.0798,6.2161,11.4452,454
12.4337,13.0612,10.3599,16.0065,17.4761,13.2602,6.2528,11.1495,454
12.6902,13.084,10.2572,15.737,17.2094,13.3088,6.3213,11.3921,454
12.8007,13.1308,10.2529,15.74,17.2454,13.2777,6.1857,11.3668,454
12.7765,13.2117,10.4049,15.9756,17.3506,13.1086,6.0145,11.1575,454
14.3332,14.7513,11.3951,15.1211,15.3372,11.8646,5.625,11.5725,455
13.3268,13.6534,10.5716,15.4886,16.76,12.9062,5.9368,11.3566,455
13.5408,14.0378,11.024,15.5164,16.3286,12.4599,5.815,11.2775,455
13.713,14.0605,10.895,15.3971,16.2446,12.5118,5.7699,11.4081,455
13.9879,14.7819,11.7498,15.5044,15.3601,11.7707,5.5502,11.295,455
13.7012,14.8167,12.1152,16.0931,15.6921,11.7062,5.1502,10.7252,456
13.8344,15.3079,12.6366,16.6156,15.7344,11.1946,4.3898,10.2867,456
13.7616,15.1019,12.382,16.6696,15.996,11.397,4.4119,10.2801,456
13.9224,15.3379,12.5792,16.6508,15.8436,11.1777,4.2717,10.2167,456
13.7942,15.2758,12.6128,16.7621,15.9111,11.2181,4.2898,10.1361,456
16.3412,11.8342,5.4409,11.2885,15.7238,15.7787,7.8119,15.7809,458
16.2523,11.8277,5.564,11.1929,15.446,15.7305,8.086,15.9006,458
16.1557,11.8749,5.6807,11.4397,15.7498,15.716,7.8072,15.5759,458
12.8422,13.5138,10.7339,16.4065,17.67,12.869,5.3761,10.5885,480
12.5735,13.3592,10.6575,16.497,18.0299,13.0742,5.3277,10.481,480
12.5776,12.9155,9.9031,15.7145,18.0138,13.6917,6.0237,11.1601,481
12.4992,12.3845,9.2214,15.3049,18.3996,14.4819,6.3338,11.3746,481
14.5002,15.528,12.4342,15.6748,14.4315,10.97,5.1794,11.2819,482
14.1985,14.8179,11.8379,14.7108,14.0322,11.6201,6.8155,11.9672,482
16.155,18.1065,14.5926,16.0308,13.2458,8.8467,2.7329,10.2895,483
16.4643,17.9349,14.0921,15.7092,13.2673,8.9892,2.9339,10.6092,483
13.3998,13.1971,9.8986,14.3937,16.1842,13.2753,7.3766,12.2748,484
13.2791,13.2691,10.0733,14.5761,16.229,13.1869,7.2447,12.1418,484
14.4765,11.3234,6.2352,11.5862,15.9638,16.6079,8.8822,14.9247,486
14.1223,11.4252,6.6814,11.9551,16.3046,16.2906,8.7415,14.4794,486
13.3939,13.7145,10.8007,14.8684,15.5796,12.807,7.0077,11.8282,487
12.7452,12.7926,10.0036,14.4721,16.3632,13.7743,7.8478,12.0012,487
12.7237,12.3659,8.747,14.0439,17.4284,14.7219,7.3695,12.5998,488
12.9163,12.4474,8.7467,13.6942,16.9047,14.6158,7.7658,12.9092,488
14.2623,10.3909,5.0221,11.1196,16.1571,17.9484,9.4813,15.6183,489
14.0583,10.2952,5.0563,11.1872,16.2182,18.0095,9.5527,15.6226,489
13.6799,14.8706,12.4764,14.7024,13.7052,11.4821,7.4514,11.6321,490
13.7422,15.0101,12.7113,14.6628,13.5161,11.3491,7.4313,11.5772,490
13.3088,13.2257,9.964,15.368,17.1086,13.2482,6.1341,11.6425,491
13.4886,12.9043,9.3675,14.8484,17.1841,13.635,6.4994,12.0727,491
12.5351,12.9392,10.2357,14.9131,16.6727,13.3269,7.5938,11.7835,492
12.6202,13.1544,10.3999,15.3913,16.7441,13.1442,7.012,11.5339,492
13.7237,11.9084,7.4532,13.5821,17.581,15.466,7.161,13.1247,493
13.6872,12.0541,7.7086,14.0148,17.9737,15.1322,6.7123,12.7171,493
14.0164,12.2372,7.895,13.7812,17.5395,14.9119,6.7586,12.8603,494
13.7428,11.9777,7.7137,13.7516,17.8262,15.3366,6.8615,12.7899,494
14.2668,13.853,10.1674,14.6689,16.0816,12.9101,6.049,12.0032,495
14.7649,14.3124,10.4538,14.5846,15.63,12.4458,5.8207,11.9878,495
14.3467,13.7484,9.9035,14.5308,16.1875,13.1379,6.0406,12.1046,495
13.3095,14.9482,12.4028,17.4662,16.9262,11.416,3.8474,9.6836,496
13.3012,14.9869,12.4762,17.6735,16.981,11.3489,3.6828,9.5497,496
13.8174,15.0589,12.2273,17.2106,16.7293,11.2908,3.8088,9.8568,496
13.4187,14.8379,12.2154,17.4409,17.0606,11.4723,3.8574,9.6969,496
15.9642,12.9599,7.3515,13.2291,16.9287,14.0249,5.9351,13.6065,497
15.6201,12.5826,7.0481,13.2452,17.3234,14.6152,6.0341,13.5312,497
15.4201,12.4644,7.0487,13.3428,17.5442,14.6903,6.0724,13.417,497
14.8824,12.0323,6.8299,13.6285,18.1792,15.1765,6.0881,13.1831,497
14.9295,11.3948,6.1562,11.3589,15.4749,16.3198,8.9502,15.4158,498
14.8561,11.262,6.0444,11.3198,15.4509,16.5538,9.0665,15.4464,498
15.1631,11.5447,6.2255,11.3279,15.3022,16.0912,8.8814,15.4641,498
15.2066,11.4456,5.9657,11.32,15.5393,16.2957,8.7037,15.5234,498
14.3831,11.2074,6.362,11.7675,15.9024,16.4068,8.9458,15.0251,498
12.5931,11.8849,8.4388,15.3226,19.0767,14.9785,6.1532,11.5521,364
12.6829,13.3868,10.619,15.9695,17.0176,13.0055,6.0973,11.2215,513
17.6959,16.6805,11.7311,14.9348,13.9902,9.9024,3.4346,11.6305,514
12.5798,13.3391,10.7189,15.7937,16.7998,13.0233,6.4416,11.3037,513
13.5443,12.2213,8.1313,15.0639,18.8073,14.7313,5.62,11.8807,514
15.152,16.1063,12.7629,15.1013,13.7826,10.6815,4.9618,11.4517,527
14.7068,15.2456,11.7993,15.1304,14.5824,11.4357,5.3956,11.7042,527
13.0215,11.8737,8.1189,13.955,17.5131,15.2387,7.4688,12.8102,542
12.9313,11.6068,7.7791,14.1986,18.0673,15.6027,7.1545,12.6596,542
13.2049,13.7574,10.9299,16.212,17.1989,12.6631,5.3075,10.7264,544
12.599,13.5988,11.1617,16.9244,17.6576,12.7065,5.0733,10.2787,544
12.9755,14.222,11.7843,16.8794,16.9284,12.0844,4.8651,10.2608,544
13.056,14.125,11.5838,16.6104,16.7293,12.2472,5.1201,10.5282,544
13.0114,14.0428,11.4424,16.6478,16.9761,12.3582,5.041,10.4803,544
12.2649,10.3038,6.4115,13.1907,18.1581,17.8404,8.4714,13.3592,545
12.3655,10.3347,6.3333,13.2478,18.1599,17.8092,8.3016,13.4479,545
12.2029,10.2708,6.3872,13.395,18.509,17.8411,8.2098,13.1843,545
12.1115,10.5218,6.7969,13.5821,18.3577,17.4103,8.1565,13.0631,545
14.154,15.0774,11.979,16.1491,15.8045,11.5621,4.5449,10.729,546
13.9701,15.2448,12.3571,16.3887,15.7234,11.3553,4.4271,10.5333,546
15.1665,15.1272,11.3067,15.2463,15.483,11.6188,4.7237,11.3278,546
14.5924,15.3778,12.0846,15.699,15.0935,11.2876,4.7589,11.1063,546
14.7589,15.2694,11.7719,15.5835,15.3001,11.4536,4.675,11.1874,546
15.4656,16.2911,12.6568,15.6606,14.5412,10.3657,4.0429,10.9762,547
15.6827,16.3027,12.5173,15.3776,14.3317,10.3742,4.2017,11.2122,547
15.9825,16.509,12.5674,15.2102,14.0443,10.177,4.1566,11.3531,547
16.053,16.4611,12.4683,15.0601,13.9515,10.2213,4.3034,11.4814,547
16.1658,16.5564,12.4926,14.9754,13.8171,10.181,4.2645,11.5473,547
13.5301,13.2589,10.0977,14.524,16.0456,13.1757,7.2376,12.1305,548
13.4969,13.1975,10.0275,14.3311,15.9384,13.2297,7.5063,12.2726,548
13.7105,13.2546,9.8397,14.3674,16.0748,13.3109,7.1296,12.3123,548
13.465,13.0916,9.839,14.2246,16.1095,13.3841,7.5651,12.321,548
12.7166,14.1498,11.6102,16.5664,16.5446,12.1927,5.3785,10.8413,549
12.6248,14.1328,11.6377,16.9804,16.9781,12.1953,4.9302,10.5207,549
12.7075,14.1878,11.7217,17.2561,17.3543,12.1607,4.4946,10.1174,549
12.906,14.4066,11.8524,17.4775,17.4281,11.9189,4.0695,9.941,549
12.8403,14.4507,11.9769,17.318,17.0934,11.8809,4.3363,10.1036,549
13.8607,13.6025,9.9172,14.9349,16.7047,13.2362,5.8133,11.9304,550
13.2927,13.3326,10.0293,15.626,17.3593,13.4967,5.5168,11.3466,550
13.477,13.2559,9.8175,15.277,17.1609,13.6107,5.785,11.6161,550
13.815,13.2099,9.8283,13.8114,15.4884,13.1821,7.9458,12.7191,548
14.3727,15.2059,12.3576,14.4042,13.6717,11.4861,6.6572,11.8446,551
14.8169,11.8512,6.5776,12.2643,16.2727,15.7708,7.8404,14.6061,552
14.2839,11.7005,6.7292,12.6105,16.6339,15.9025,7.8775,14.262,552
14.3214,11.7479,6.7894,12.6122,16.6413,15.8781,7.7941,14.2155,552
14.4234,11.9231,6.9785,12.836,16.5957,15.579,7.5162,14.1481,552
14.7628,11.7138,6.4756,12.1654,16.2296,15.8588,8.0219,14.7722,552
14.1852,11.6199,6.7182,12.8266,16.9981,15.918,7.6395,14.0945,552
14.1876,11.7909,6.9663,12.9557,16.8993,15.7293,7.5296,13.9414,552
14.0673,11.5299,6.7228,13.0922,17.333,15.9874,7.4169,13.8506,552
14.7196,11.9111,6.7642,12.3535,16.1727,15.7207,7.821,14.5373,552
14.3857,11.7164,6.7069,12.6605,16.7515,15.9603,7.6371,14.1817,552
12.9906,14.3317,12.0518,15.9946,15.4329,11.9644,6.1982,11.0357,553
13.3362,14.5317,12.0472,15.7488,15.1229,11.8718,6.0973,11.244,553
14.0622,16.2563,13.6712,16.8605,15.072,10.3737,3.8083,9.8958,555
13.4707,14.453,11.5498,17.4148,17.6979,11.8369,3.7996,9.7773,555
13.6659,15.8535,13.4095,17.1039,15.5268,10.7054,3.9018,9.8331,555
15.3122,13.6183,8.9842,13.6287,15.8976,13.3899,6.223,12.9461,559
14.2785,12.608,8.2629,13.5724,16.6328,14.7758,6.7644,13.1052,560
14.3382,12.3401,7.8544,13.1857,16.6207,15.1297,7.1462,13.3851,560
15.1162,13.368,8.7414,13.4706,16.118,13.7594,6.3968,13.0296,559
11.2167,10.3123,7.1363,14.7393,20.5907,16.9697,7.2919,11.743,561
14.8068,14.4934,10.6435,14.7497,15.132,11.9942,6.0336,12.1469,562
15.4277,14.9683,10.8202,14.8369,14.9274,11.521,5.4192,12.0793,562
13.4534,14.6368,11.8283,16.1678,15.8505,12.0339,5.1142,10.9149,563
13.4172,14.5922,11.7767,16.2623,15.995,11.9831,5.0908,10.8826,563
11.6539,10.3188,6.9096,14.5789,20.4846,16.9764,7.1881,11.8897,561
15.5596,13.6093,8.6471,13.7176,16.3837,13.5701,5.6446,12.8679,567
14.5339,15.0102,11.5915,15.3245,15.1687,11.798,5.0933,11.4798,315
14.4329,15.2683,12.0058,15.3536,14.8536,11.6151,5.0784,11.3923,315
14.2234,15.2926,12.2443,15.6024,14.9063,11.5118,5.0094,11.2099,315
14.3122,15.2703,12.1138,15.3351,14.6835,11.5077,5.3266,11.4507,315
14.4973,15.4068,12.2037,15.1246,14.4448,11.4351,5.3876,11.5001,315
12.8083,12.3573,9.0442,14.7926,17.8182,14.4805,6.7877,11.9112,81
15.3423,15.1227,10.942,15.6888,16.0994,11.5832,3.9233,11.2983,577
11.8189,11.1587,8.0486,15.0977,19.3314,15.9151,6.9481,11.6816,577
13.7681,13.3409,9.6647,14.8751,16.9024,13.5841,5.9277,11.937,550
13.6702,13.4277,9.8491,14.8628,16.6607,13.4749,6.0844,11.9702,550
13.2373,11.4225,7.2441,13.8971,18.5469,15.8267,7.0228,12.8025,582
13.1686,11.0191,6.7205,13.4637,18.3901,16.5184,7.472,13.2476,582
13.3943,10.8032,6.1477,12.9571,18.179,17.0714,7.7297,13.7176,582
13.1149,10.7622,6.3237,13.2361,18.5603,17.091,7.5376,13.3741,582
12.9452,10.9897,6.8672,13.3323,18.2204,16.6624,7.7772,13.2056,582
13.4251,14.8389,12.3256,16.5895,16.0352,11.5056,4.961,10.319,583
13.3974,14.6574,12.1304,16.47,16.1339,11.6487,5.1661,10.3962,583
13.5276,14.9365,12.4227,16.5593,15.8853,11.4141,4.9144,10.3401,583
13.6295,15.1687,12.6592,16.4423,15.5334,11.2062,4.9688,10.3919,583
13.4984,14.8039,12.2429,16.4614,16.0167,11.5279,5.0588,10.3901,583
13.3301,13.1958,10.2843,14.8283,16.3116,13.2586,6.9785,11.8129,584
13.7254,13.303,10.0962,14.6792,16.2261,13.1823,6.774,12.0139,584
13.7715,13.2448,10.1352,14.3817,15.9033,13.1819,7.175,12.2065,584
13.801,13.0927,9.984,14.1051,15.7083,13.2901,7.5638,12.4549,584
13.6744,13.3844,10.156,14.8498,16.2958,13.2115,6.543,11.8851,584
11.1589,11.1327,8.3708,16.1503,20.4611,15.9522,6.0421,10.7318,585
12.2215,11.7436,8.5215,15.2978,19.037,15.3921,6.3194,11.467,585
11.4468,11.2589,8.3311,15.9271,20.0463,15.8506,6.1125,11.0267,585
12.3345,11.5364,8.0266,14.8747,18.9271,15.8313,6.5582,11.9112,585
12.1975,11.4132,7.973,14.9238,19.1687,15.9599,6.5765,11.7875,585
13.8758,14.6582,11.4543,15.9887,16.2263,12.045,4.7741,10.9776,586
13.8504,14.1439,10.7462,16.0515,16.9089,12.4911,4.7719,11.036,586
13.4431,13.9968,10.8757,16.1588,16.9738,12.649,4.9842,10.9186,586
13.3103,13.9597,10.8988,16.5264,17.3719,12.5579,4.7023,10.6725,586
13.7798,12.8938,9.1052,14.5586,17.0232,13.9061,6.4567,12.2765,587
13.5376,12.6924,8.9604,14.3658,17.095,14.1154,6.7995,12.434,587
13.5832,12.9436,9.2612,14.5823,16.9411,13.8679,6.5664,12.2542,587
13.4606,12.5347,8.848,14.178,17.0627,14.3061,7.079,12.5308,587
13.0876,12.5958,9.2341,14.7764,17.55,14.3439,6.556,11.8562,588
13.0299,12.546,9.1397,14.583,17.496,14.4333,6.7688,12.0033,588
13.0958,12.553,9.1647,14.4185,17.2045,14.3386,7.0336,12.1911,588
13.2704,12.6678,9.1421,14.5417,17.3848,14.3654,6.586,12.0418,588
13.2774,12.5524,9.0599,14.3767,17.211,14.3173,6.9756,12.2297,588
13.3109,12.9535,9.5512,14.5931,16.9844,13.9215,6.6512,12.0342,588
13.4468,12.602,8.9851,14.1068,16.8803,14.3322,7.1494,12.4973,588
13.4138,12.5804,8.9353,14.2679,17.05,14.3914,6.9305,12.4307,588
13.3315,12.6412,9.115,14.2833,16.9974,14.2148,7.0744,12.3424,588
13.1757,12.6302,9.1978,14.424,17.1662,14.3111,6.9246,12.1703,588
14.3761,14.7687,11.9828,13.8945,13.4887,11.6791,7.6261,12.184,551
14.708,15.3361,12.3843,14.019,13.2833,11.3544,6.8675,12.0475,551
14.7166,15.2928,12.4448,13.7408,13.0477,11.3091,7.3485,12.0995,551
14.6024,15.2204,12.3067,13.9451,13.331,11.4286,7.1022,12.0636,551
14.7925,15.4928,12.4874,14.1363,13.2991,11.2263,6.6029,11.9627,551
14.4883,15.1198,12.2447,14.2022,13.5156,11.4782,6.9268,12.0242,551
14.9254,15.5714,12.4513,13.9372,13.1792,11.2423,6.6478,12.0455,551
15.0539,15.5777,12.4033,13.8199,13.1279,11.2158,6.6657,12.1358,551
14.277,15.1209,12.3545,14.6832,13.8243,11.4015,6.5634,11.7753,551
15.5812,17.1609,13.948,14.5197,12.6387,9.9002,5.0703,11.181,598
15.0188,13.3458,8.8286,12.4362,14.6918,13.8671,7.8739,13.938,599
15.2034,13.2654,8.5541,12.4158,14.7595,13.8886,7.8056,14.1076,599
16.0813,17.3129,13.6983,14.1463,12.4466,9.8916,4.9851,11.4379,598
15.5975,13.7177,8.7047,13.9259,16.6089,13.4059,5.3436,12.6958,567
15.775,13.9143,8.8556,13.9123,16.3555,13.169,5.2545,12.7638,567
15.7922,13.9068,8.8065,13.892,16.3972,13.2399,5.204,12.7615,567
15.6643,13.6351,8.53,13.8641,16.6444,13.4897,5.3547,12.8177,567
15.682,13.7856,8.7411,13.9087,16.5907,13.3882,5.2347,12.669,567
15.3735,16.5777,13.2734,15.9484,14.2389,9.9803,3.9654,10.6424,634
16.0196,17.2767,13.7007,15.831,13.7379,9.4093,3.3884,10.6364,634
16.5251,17.1034,13.1443,15.1359,13.3735,9.5533,3.9374,11.2269,634
15.7581,16.7012,13.1326,15.6977,14.0405,9.8986,3.8766,10.8948,634
15.6048,16.789,13.3653,15.8433,14.0452,9.8094,3.8349,10.7082,634
16.0311,16.7365,12.9416,15.7262,14.103,9.7909,3.6889,10.9818,634
15.9165,16.4475,12.5691,15.7194,14.4439,10.1083,3.7965,10.9988,634
15.772,16.3052,12.4624,15.9807,14.7815,10.1964,3.6558,10.846,634
15.9382,16.4065,12.4724,15.6812,14.554,10.1929,3.7604,10.9944,634
14.1973,13.8013,10.1302,15.1594,16.504,12.8132,5.6453,11.7494,635
13.9363,13.7199,10.2426,15.2963,16.6622,12.8882,5.6584,11.5962,635
14.8632,14.5501,10.6231,14.9214,15.5962,12.2528,5.3069,11.8862,658
14.6487,14.4336,10.6276,15.1298,15.8333,12.332,5.2486,11.7465,658
14.3317,15.2678,12.2087,15.0271,14.3525,11.5022,5.7413,11.5688,315
14.268,14.1757,10.6258,15.177,16.0006,12.5108,5.6041,11.6381,635
14.1762,14.0102,10.5229,15.1437,16.0721,12.562,5.8055,11.7074,635
14.2262,14.1564,10.6562,15.1994,15.9918,12.4393,5.6647,11.666,635
14.095,13.7926,10.237,15.1051,16.3265,12.8204,5.8632,11.7602,635
14.009,13.8446,10.4251,15.1733,16.2971,12.8005,5.8144,11.636,635
14.7075,14.5421,10.8437,14.9361,15.4733,12.0375,5.6324,11.8274,635
13.5239,13.2761,9.9152,15.4681,17.241,13.2919,5.8091,11.4747,635
12.1818,12.5857,9.8221,16.353,18.6268,13.9578,5.6871,10.7858,670
12.0625,12.8291,10.2971,16.5797,18.4463,13.5944,5.6635,10.5275,670
12.1862,13.1608,10.7146,16.6931,18.0801,13.1898,5.5508,10.4246,670
11.9855,13.0836,10.7273,16.8327,18.2364,13.2857,5.5117,10.3371,670
11.9579,12.8726,10.4407,16.4826,18.2178,13.5363,5.9096,10.5824,670
12.3138,13.1531,10.5914,16.29,17.6984,13.2719,5.886,10.7955,670
12.8738,13.893,11.3093,16.0604,16.4925,12.522,5.9118,10.9373,670
12.4322,13.3496,10.7843,16.3962,17.5541,13.0815,5.7097,10.6924,670
12.2907,13.4224,11.0705,16.5339,17.4204,12.9249,5.7839,10.5534,670
12.3169,13.3299,10.9136,16.249,17.3825,13.0199,6.0637,10.7245,670
14.3899,13.4013,9.4711,13.0564,15.2952,13.52,7.8532,13.0129,671
14.3102,13.2456,9.2379,12.9722,15.5863,13.8081,7.8101,13.0296,671
14.8451,13.4134,9.0071,12.9111,15.5666,13.7846,7.2846,13.1876,671
15.4404,13.7977,9.0724,12.817,15.263,13.3538,6.9506,13.3051,671
15.1742,13.8077,9.2834,13.077,15.4406,13.3645,6.8128,13.0398,671
15.0978,13.7262,9.1907,13.0499,15.5051,13.5358,6.8176,13.0769,671
15.006,13.5745,9.0527,13.0379,15.5902,13.6224,6.9778,13.1385,671
15.0452,13.3467,8.711,12.8245,15.6242,13.9282,7.1548,13.3653,671
15.3388,13.9091,9.2663,12.9433,15.2529,13.3291,6.7911,13.1696,671
15.1483,13.6675,9.0825,13.0206,15.5953,13.4804,6.8947,13.1107,671
13.6728,13.3305,9.9067,15.2094,16.8515,13.2833,6.0134,11.7325,635
