39902,9366,23906,23544,36381,19327,40699,44183,41527,38588,67161,44088,45733,45009,20694,43878,31686,28708,40032,45397,30799,37835,41016,13709,24415,45379,40946,44395,a-0
40134,9500,23564,23598,36622,20082,40705,45542,41727,38720,68280,45462,47008,46233,21252,45027,32653,29453,40298,46776,31356,39778,41064,14159,24130,46593,41165,45714,a-1
66272,17798,44985,50055,63287,31307,67101,60998,67604,64641,83211,51280,62568,61311,30024,50507,38407,42984,66030,62272,43367,61897,67153,20653,45105,61814,67354,61191,a-10
60561,17303,42489,47827,57537,27754,61477,55399,61903,58882,74562,46218,56839,55623,26241,45594,34926,39809,60432,56689,39799,58065,61629,19570,42736,56084,61536,55616,a-11
30393,11636,21597,15824,23905,14130,30769,31343,31708,26048,39136,25059,32554,31329,14211,24417,17447,22309,30234,32235,22524,35247,30952,12881,20993,31561,31122,31329,a-12
31854,11058,21656,19288,27626,15662,32377,30001,33165,29573,41297,24260,31194,30121,15361,23665,15584,19989,31715,30810,20068,29640,32700,12952,21444,30457,32370,29885,a-13
29780,9991,20398,18356,25355,13728,30182,26057,30718,26806,35258,19944,27142,26208,13628,19822,12667,16894,29654,26899,17408,27704,30323,11822,20495,26541,30269,26161,a-14
31912,11804,20814,15064,24956,15304,32843,42678,34044,26052,45880,36061,43741,43017,14553,36348,33635,34672,31869,43303,35107,39150,32885,13320,19994,43214,32923,42765,a-15
36554,14058,25029,16733,27700,17579,37583,48272,38881,28723,49749,39630,49809,48982,16927,39601,37122,40466,36573,49021,41268,48812,37558,16088,24013,49093,37786,48446,a-16
32872,12845,22362,14098,24528,15396,33046,45007,34311,25762,46085,36971,45888,45230,15367,37556,35339,37339,32847,45741,37811,45007,33128,14029,21474,45393,33989,45162,a-17
36678,13704,29064,24571,30697,14810,36788,34526,37667,32026,41799,25140,35384,34452,14893,25746,20191,28183,36737,35683,28741,44154,36948,14501,28852,34625,37727,34606,a-18
40538,16048,33872,26955,33189,17087,41162,39850,42168,35332,46364,29312,40971,39635,16744,30209,24391,33191,40683,41505,34347,52664,41389,17380,33110,40068,41947,40229,a-19
48026,12419,29203,29392,43339,23777,49055,51707,50096,46059,76058,50443,53098,52204,24739,50061,35842,32978,48165,53066,35451,41386,49771,17279,30103,52953,49164,51902,a-2
34641,14335,27647,23215,29099,15247,35375,32881,36312,31013,39351,24605,33829,32826,14899,24407,17982,24864,34555,34078,25329,38045,35660,15361,26395,33142,35457,32812,a-20
31066,9734,26591,23644,28157,13138,32146,26375,32794,29039,40706,21548,26812,25434,10806,20785,12365,17923,31015,27722,18323,36908,32337,11129,25931,25656,31695,26493,a-21
27550,8121,23419,21581,25512,10785,28355,22037,28686,25916,33633,17412,22617,21533,9185,16849,10322,15234,27526,23080,15359,32697,28288,9055,22880,21697,28140,22270,a-22
25468,7297,21704,20042,23684,10466,26272,20866,26629,24048,31984,17358,21540,20432,8959,16846,10318,14150,25473,21801,14368,29802,26300,8502,21277,20570,26015,21017,a-23
28432,8340,20487,18441,26276,12651,29213,29075,29900,27958,45629,27559,29850,28940,11429,26164,17748,20133,28350,29802,19989,30770,29366,9204,18916,29252,29364,29239,a-24
24363,7660,18831,15763,21811,10401,25212,25842,25848,23397,38615,24398,26946,26097,9299,23427,16479,19155,24215,26629,18999,29429,25340,8777,16904,26442,25306,26031,a-25
26520,8623,20529,16228,23184,11797,26877,28818,27693,24623,41519,26371,29341,28525,10364,25361,18336,22142,26556,29591,21723,36215,26957,9114,18842,28752,27604,29067,a-26
27763,9104,17186,16244,26212,13058,27930,25594,28751,27779,38176,20554,26598,25522,12056,20282,12564,16413,27596,26612,17545,24084,28287,11152,17818,25874,28389,25515,a-27
29224,9959,18540,18055,27453,12808,29147,25323,29901,29118,38371,19576,26314,25012,11810,19674,11752,15856,28920,26397,17056,24657,29524,11922,19521,25427,29792,25113,a-28
29101,9883,18781,18878,28252,13056,29849,25385,30562,30335,38101,19721,26502,25148,11615,19858,12176,16664,28917,26643,17613,25703,30204,11891,19378,25514,29720,25273,a-29
29637,8136,18928,16949,27308,13131,29787,28639,30765,29139,43171,24286,29836,29063,14769,24164,17271,19757,29578,29506,20070,29784,30126,9759,18136,29322,30306,28526,a-3
34250,12754,23176,18345,28677,19002,33256,43499,33871,28483,52785,39883,44795,43690,17408,38877,32370,34395,34355,44726,35304,46811,33542,14208,24679,44281,35827,43910,a-30
33689,12187,23665,19262,29335,18919,32688,41824,33280,28642,52924,38364,42965,41714,16492,37556,31185,32806,33351,42825,34159,46814,32807,13879,25044,42315,35165,42008,a-31
33253,12402,23475,18265,28387,18682,32367,42131,33212,27964,53204,39035,43299,42090,16947,38287,30849,32931,33216,43128,33749,48506,32668,14005,24710,42672,34849,42334,a-32
33452,10677,21299,19204,31841,17934,33065,31384,33743,32371,50665,26209,31355,30201,17029,26617,14374,18938,33681,32809,19901,35629,33417,10975,22066,30607,34339,31710,a-33
34940,10299,22180,20775,33553,18118,34653,32605,35247,34126,53828,27823,32757,31576,17081,28128,15524,19402,34877,33737,20466,36225,34729,10900,22968,31731,35610,32683,a-34
36976,10890,22498,21399,35316,19623,36542,35016,37257,35961,57227,30164,34756,33725,18478,30334,16924,20822,36856,36141,21539,36763,36682,11289,23179,33904,37545,35012,a-35
37156,9374,21407,26470,46247,15263,37881,25279,38505,47797,66178,20276,26626,24880,12958,20156,8440,12983,36665,26426,12742,22616,38433,10443,21166,25305,37321,24928,a-36
39752,10504,21965,25236,49287,17504,40780,28153,41373,51490,77898,22861,29768,27535,14737,22243,8594,13738,38896,29442,13474,24834,41319,11344,21324,28216,39726,27788,a-37
36805,8917,21078,26560,47125,15456,37452,24549,38002,48572,67614,20132,25815,24008,13046,19847,7597,12047,36159,25679,11758,22169,37943,9821,20812,24572,36893,24259,a-38
37812,10992,32151,41346,43099,14792,38326,27194,38799,42767,50623,23940,28686,26809,11976,23380,13927,18535,37439,28625,18774,33647,38587,12113,32006,27235,38478,27105,a-39
24577,6894,16349,14050,22192,11001,25054,24478,26004,23698,36343,20701,25525,24962,12122,20803,14839,17666,24807,25386,17915,26425,25523,8510,15818,25283,25460,24544,a-4
34035,9630,28336,35828,39137,13132,34994,25303,35386,39372,47316,22449,26426,24618,10294,21782,13251,17283,33667,26549,17980,32062,35324,11388,28466,25110,34592,25234,a-40
38476,11280,32727,40259,42304,15271,39256,28369,39641,41931,49338,23731,29443,27714,12046,23305,14536,19129,38174,29720,19629,35694,39542,12562,32821,28146,39208,28383,a-41
47295,13677,31136,35075,45924,21646,47625,39260,48194,46967,62088,31089,39586,38354,20744,31075,17352,21040,46990,40381,21989,34516,48088,15399,31871,38850,47701,39086,a-42
48945,14041,33483,37247,45728,21801,49339,40042,49890,46568,58757,30978,40337,39202,20890,30855,18630,22563,48649,40968,23642,36535,49773,16145,34412,39696,49299,39880,a-43
45048,13901,30239,30765,39764,20934,45072,41099,45749,40803,56337,33529,41674,40586,20772,33945,21786,24633,44703,42054,25914,37185,45349,16100,30804,41163,45692,41073,a-44
44373,21509,30511,20258,31196,26015,44799,59846,47005,33346,62807,57863,63122,62272,27125,56758,49168,48107,44346,60613,47108,52206,45314,22992,29060,62778,45843,59750,a-45
40031,18147,27662,19278,28913,22810,40103,52400,41328,29889,53076,48961,55481,54421,23353,48038,44251,43761,39556,52935,42887,48205,39870,19873,27082,55050,41215,52747,a-46
40787,18693,28017,19757,29197,23377,40527,54146,42133,30274,55434,51504,56451,55730,23802,51011,44591,43061,40728,54780,42670,48411,40813,20126,27438,56014,41929,54054,a-47
49771,17380,29051,22932,42608,28357,49540,60185,51077,44169,89675,58803,62013,60877,27541,57916,42629,42048,49524,61222,42833,52162,49903,20187,29228,61482,51383,60130,a-48
46602,16985,26119,19321,39019,27338,45986,61818,47807,40480,87000,62661,63340,62316,26393,61706,49037,45283,46282,62594,46138,50613,46475,19876,26235,63061,48333,61633,a-49
30313,9385,19986,17081,26775,13387,30661,29838,31684,28861,42149,24999,31502,30684,15196,24709,18244,21970,30449,30897,22207,32982,30977,11209,19343,31061,31289,30021,a-5
39784,13182,21504,17265,34568,22948,39440,51298,40759,35878,77434,51898,52741,51955,22474,51170,38976,36067,39642,51969,36684,40184,39884,15478,21599,52416,41122,51154,a-50
22083,12690,14608,6239,11924,13184,21563,39637,23083,12544,24309,30795,41140,40848,13296,31199,46201,50514,22563,40316,51676,44849,21350,14637,14667,40869,23926,40014,a-51
17488,9727,11293,4883,9789,10659,16973,33393,17965,9762,20366,26688,34584,34234,10082,26709,41007,42815,18028,34275,43739,35925,16895,10923,11721,34508,19140,34085,a-52
15833,8680,10516,4837,8694,9373,15296,30422,16202,8865,17935,23781,31334,31046,8875,23822,37267,39375,16098,30907,40306,34017,15019,9771,10828,31080,17197,30771,a-53
21689,6019,17068,15183,19059,8947,21296,22899,21963,19144,32328,20922,23245,22608,9470,21283,14125,15774,21690,23897,16153,24147,21656,7526,17386,22774,22326,22779,a-54
24704,6553,21080,18896,22504,9619,24443,23827,25013,22629,35101,20592,23929,23195,9695,20751,13027,16405,24772,25064,16947,28902,24752,8056,21285,23368,25313,23833,a-55
19390,5891,14128,12732,17230,9403,19596,20444,19959,17705,27405,17465,20566,20004,8801,17482,12678,14382,19367,21017,14676,21277,19723,7026,14208,20160,19871,20487,a-56
30665,7770,20635,20914,30842,13601,31224,30337,31794,32826,56419,29287,30564,29630,12448,29369,19801,20580,30764,31504,22044,34096,31421,8879,20541,30063,31538,30675,a-57
27781,6413,18744,19399,28309,12186,28341,27531,28958,30396,52401,27793,27809,27241,11765,27800,18681,18223,27946,28630,18999,30107,28600,7920,18763,27374,28425,27633,a-58
37556,8749,24219,25160,38506,17578,38364,37033,39041,40596,69185,36166,37152,36251,16465,36233,24375,24110,37679,38517,25614,38385,38740,10465,24458,36734,38497,37331,a-59
27344,8523,20736,17563,25296,12373,28010,31015,28787,27006,47450,27779,31447,30438,12022,27774,19531,21807,27263,32014,23054,36470,28094,9771,20132,30628,28005,31061,a-6
48589,14142,29801,26928,43642,27019,48659,54918,50324,45938,86747,53639,56211,55124,28060,53418,31725,33559,48557,55913,33502,48515,49167,16366,28384,55311,49230,54638,a-60
46067,12919,27589,26637,42842,25540,46233,50965,47530,44461,81274,49881,52484,51431,26075,49653,29778,30762,45923,51887,31094,42763,46582,15430,26996,51721,46787,50809,a-61
42590,12839,26589,26716,40377,22956,42470,45780,43676,41468,74291,44767,47150,46104,23571,44620,26608,27820,42459,46725,28388,40322,42886,14915,26179,46394,43360,45585,a-62
24967,7195,18250,15377,23078,11371,25356,28335,26194,24657,42427,24777,28397,27676,11468,25057,17576,20214,24966,29180,21132,33139,25474,8384,17718,27741,25564,28348,a-7
25893,8021,18384,15174,22732,12369,26486,29649,27196,23846,42412,26395,29613,29029,11976,26589,18200,20058,25890,30435,21229,33578,26641,9368,18317,29126,26424,29671,a-8
60505,15836,42071,47047,56912,28506,61417,54446,61826,57628,71779,45503,55636,54724,27047,45008,34139,37245,60386,55399,37539,53196,61667,18381,42301,55097,61371,54455,a-9
23287,7947,17415,17477,24454,9929,23502,20569,24334,25174,38948,18589,21309,20122,9035,18749,9807,12356,23119,22059,13599,20433,24067,9015,17290,20393,23906,20300,b-0
22911,8126,17465,17120,24993,10296,23404,20499,24192,26070,41112,19771,22134,20396,8620,19168,9866,12644,22439,22068,13668,20463,23792,9679,17061,21008,23609,20441,b-1
40554,13973,28055,24976,33277,18552,41284,40443,41957,34789,52292,33988,41031,40414,17991,33477,22330,25214,40620,41298,26196,35315,41571,15149,27477,40527,41174,40391,b-10
48937,18081,35471,31477,40670,22346,49839,48660,50547,42169,62615,40868,49348,48383,21359,40437,27514,31513,48801,49733,32712,44201,50040,19292,34639,48591,49610,48572,b-11
32034,9978,29931,24434,28532,12719,33143,28572,33535,28637,39290,22617,29027,28043,10653,21838,16085,21882,32175,29786,22304,46285,33096,10717,28897,28053,32680,28808,b-12
31206,10399,25955,21456,26991,13554,31812,30850,32372,27399,40177,24725,30828,30264,12281,24355,18672,24258,31353,31761,24602,44205,31676,10391,24967,30152,31953,31098,b-13
26908,8415,23034,19348,25065,11867,27682,27485,28468,25939,40494,24356,27669,27028,10469,23688,17688,22007,27002,28532,22148,40353,27551,8906,21871,26874,27555,27639,b-14
41291,16194,28634,21751,33450,23234,42307,47366,43663,35514,62033,43886,49334,48230,22320,42798,30299,33939,41165,48355,34138,45987,42546,19313,27933,48496,42353,47312,b-15
47388,19236,33080,25282,39253,26579,48106,51731,49585,41096,69017,47310,54419,52930,25565,45478,31847,37159,47044,52899,37479,51392,48426,23342,32702,53474,48528,51643,b-16
41093,15984,28322,22091,33925,22423,41476,46787,42784,35523,61764,43419,48383,47306,21331,42272,31106,34277,40945,47719,34689,45124,41777,18887,27889,47706,42126,46799,b-17
50820,17973,32508,29160,42985,27958,52295,51056,53328,45405,68767,44473,51985,50597,26477,43643,27560,31188,50503,52040,32038,42043,52787,21340,32382,51182,51471,50861,b-18
45705,16496,29932,26976,39321,25863,47504,45223,48617,41848,61891,39115,46204,45007,24007,38042,23419,27331,45429,46079,27884,37612,48012,19745,29362,45520,46327,44961,b-19
20308,7027,14892,14786,21725,9215,20555,18926,21355,22550,38940,19129,19852,18569,8068,18747,9838,11107,19979,20305,12127,17583,21067,8260,14961,19024,20876,18716,b-2
44693,16191,29398,26398,38698,23882,46117,44098,47201,40771,61651,37347,44333,43022,21759,37088,22080,26180,44372,45212,27134,37424,46794,19067,29079,43686,45253,43823,b-20
32692,8457,20548,22394,33980,15362,33012,29920,33607,35262,51298,26533,31004,30152,13971,25832,16777,19190,32693,31008,20314,29484,33348,11717,21112,30520,33392,29967,b-21
35417,9309,21029,23107,36560,17832,35978,33103,36589,37450,55823,28956,33361,32757,16456,28841,18304,19845,35373,34120,20977,28419,36335,12713,21716,33110,36128,33095,b-22
30966,7831,18854,20930,32051,14988,31436,30863,31957,33029,50781,27932,31097,30572,13823,27853,19116,19647,30983,31823,20797,27792,31776,10838,19615,30883,31671,30868,b-23
36600,13665,23913,19566,30238,19472,37076,43982,37899,31669,53429,39520,44717,43786,18380,38543,30772,32197,36126,44573,32908,38832,37093,15281,23083,44329,37268,44010,b-24
36511,13700,23335,19109,29209,20392,36721,44853,37647,30824,50755,40085,45501,44896,20062,39835,32943,33114,36415,45444,33790,37819,36968,15331,23043,45184,37249,44771,b-25
37896,13850,23815,19338,29852,20718,37944,47915,38871,31450,54111,42591,48095,47610,20009,42622,35048,34857,37820,48405,35467,40033,38154,15079,23291,47787,38573,47807,b-26
28794,10451,22354,17476,23184,14526,29814,32238,30493,24783,39681,27799,32602,31847,13788,27392,19739,22868,28893,33111,23775,35276,30027,11790,21545,32125,29552,32443,b-27
29409,11182,22905,17308,23020,15251,30437,34375,31292,24901,40472,29503,34539,33813,14326,29023,21652,24688,29547,35286,25856,36872,30723,12481,21916,34174,30228,34610,b-28
26960,9598,21866,16244,21577,13729,28014,31244,28805,23738,38835,27345,31598,30813,12926,26925,20064,23399,26956,31998,24121,36277,28036,10799,20356,30929,27515,31392,b-29
54223,18409,47192,56824,50284,21137,54309,33031,54427,51146,44045,19914,34000,32374,19486,20484,9687,17839,54024,34739,18402,36968,54361,18894,46857,32583,54417,33183,b-3
38133,12459,28493,26677,33185,17801,38460,40711,39077,33906,50991,35683,41172,40341,15828,35332,27645,30335,38077,41605,30764,43966,38665,14145,29166,40461,38833,40678,b-30
31416,11232,23626,19145,24752,14617,31225,39838,31797,24986,41535,35243,40239,39792,13074,34544,32815,33268,31510,40529,33843,42742,31349,12631,24200,39894,32193,39911,b-31
34415,11362,25406,21298,27930,16520,34612,40182,35285,28641,45114,34579,41137,40454,14961,33925,29734,33059,34478,41060,33180,46439,34770,13646,25893,40653,35281,40337,b-32
37523,13079,23560,20188,31105,20681,37831,40022,38596,32520,52673,35219,40599,40042,20289,34669,23123,25384,37648,40647,25781,36091,38280,14592,23381,40256,38015,39920,b-33
40023,14160,25091,21381,32388,21799,40365,42630,40993,33912,54388,36716,43369,42813,21430,36393,24878,27412,40100,43367,27966,38392,40728,16129,25150,43082,40499,42642,b-34
38209,13283,24416,21029,31314,20984,38756,40998,39461,32808,52863,35873,41702,41173,20636,35380,24092,26455,38242,41663,26770,37308,39089,15104,24256,41370,38666,40928,b-35
46372,16988,34102,26984,35571,24019,46750,54481,47629,36335,57309,47232,56606,55808,22766,45891,40856,43633,46311,55336,44053,59203,47017,20736,34893,56169,47497,54512,b-36
42809,15005,30557,25773,34092,21188,43238,48220,43884,34276,52923,40755,49578,48994,19733,39842,33978,36994,42807,48929,37308,51193,43411,17781,31312,49172,43676,48239,b-37
39652,15378,28813,22966,29684,19886,40080,44361,40686,30121,46038,36894,45980,45402,18827,35710,30502,34996,39650,44955,35213,49581,40239,18098,29595,45560,40424,44355,b-38
26744,8538,19418,16559,23842,12333,26913,30339,27782,25747,46147,30149,30857,29868,12582,29916,22501,22045,26823,31587,23140,32286,27501,10785,19883,30567,27776,30541,b-39
56404,19666,48171,57396,52076,22129,56311,35120,56402,52937,45846,20861,35855,34168,20406,21748,10470,19324,56234,37056,20378,40296,56428,20589,47932,34440,56706,35265,b-4
24481,7779,18081,15121,21830,11600,25337,29165,26300,24357,44206,28783,29529,28567,11601,29142,22183,21968,24560,30383,23227,32395,25829,10079,18007,29082,25468,29311,b-40
28177,9613,20952,17416,25330,13287,28630,33498,29695,28039,49542,32699,33680,32450,13137,32917,24948,24861,27986,34806,26291,36605,29084,11823,20709,32950,29171,33438,b-41
38973,9347,27231,28639,36313,16595,39600,33107,40113,37527,50319,27654,33482,32938,16885,27949,18955,22228,39118,34237,22906,38562,39760,11009,27396,33015,39628,33246,b-42
30104,7094,22906,23109,28038,12368,30732,25687,31301,29341,40314,22043,25840,25308,12267,22390,15325,17468,30184,26602,18144,32655,31021,8699,23128,25461,30576,25706,b-43
23938,5985,20056,18773,22313,9155,24200,20599,24538,23094,34348,18187,20639,20057,9019,18879,12693,14877,24053,21796,15787,30692,24370,7152,20456,20137,24542,20735,b-44
27127,8737,20523,16219,20612,10818,28210,31025,28603,22452,35885,25829,31900,31194,10053,25244,20569,24492,27124,31716,24992,36872,28376,10083,20142,31377,27654,31092,b-45
24315,7918,18624,14924,18849,9579,25380,27281,25660,20472,32555,22717,28247,27538,8590,21959,18156,21764,24253,27893,22145,33065,25487,9343,18558,27746,24822,27363,b-46
25522,7424,19333,16099,20392,10146,26533,27607,26815,22108,34943,23627,28667,28003,9114,22972,17844,21241,25490,28272,21462,32884,26655,9034,19529,28201,26048,27687,b-47
38192,12426,26786,22853,31252,17231,38954,39648,39577,32711,49647,32686,40456,39639,16510,31816,24540,29070,38019,40327,30053,43054,39186,13841,26728,39980,38830,39597,b-48
34277,11162,26088,21929,27720,14005,34506,32605,34876,28025,40720,25390,32897,32222,13189,25137,18493,23302,34218,33229,24161,39989,34651,12082,26505,32414,34826,32617,b-49
39838,13612,35842,43520,37005,15001,39896,23307,39906,37591,30719,13863,24069,22899,13886,14196,6895,12918,39701,24451,13377,27362,39923,14131,35713,23082,40089,23435,b-5
39182,12586,28603,24317,31959,17616,40025,38411,40487,33080,48709,31207,39325,38536,16799,30371,22006,27494,39068,39199,27955,44425,40233,14329,28742,38832,39858,38374,b-50
41360,13668,29268,25456,34673,19636,42531,41447,43424,36995,54708,35160,42194,41225,18050,34402,24309,27889,41139,42329,28424,40003,42910,15884,28665,41715,42061,41370,b-51
44984,15095,31871,28397,38206,21652,45879,43561,46696,40420,57487,35710,44159,42959,19980,35293,23855,28772,44724,44440,29350,42468,46364,17255,31465,43527,45695,43409,b-52
48296,15746,33750,30035,40348,22623,49372,44823,50137,42629,62107,35982,45161,43927,20233,35727,21734,27169,47812,45716,27682,41938,49737,17804,33242,44393,48713,44502,b-53
23562,10923,12010,7379,16607,14184,22694,39941,23784,16539,38475,37930,41104,40380,13915,37986,42217,36432,23229,40161,36759,28011,22503,11616,12326,41017,24973,40239,b-54
23504,10463,11931,7195,15574,14132,22771,41329,24003,16092,39243,39161,42700,42271,14424,39475,43570,38194,23488,41632,38269,28813,22862,11723,12249,42580,24919,41410,b-55
24354,10273,12658,8374,17510,14253,23463,40081,24837,17678,40097,38174,40925,40558,14173,38109,41246,36021,24270,40271,36324,28617,23682,11175,13065,40845,25638,40021,b-56
39992,14390,36231,34742,36367,17457,38747,40709,39827,36074,53351,36180,41805,40413,15931,35842,30056,34545,40105,42549,36189,60143,39083,15927,37606,40589,41136,40811,b-57
39390,13037,37980,36449,37164,17100,38326,38375,38651,36474,52836,34689,40309,38210,14674,33682,27415,32564,38876,40335,34225,61298,37867,14369,39171,38873,40402,39096,b-58
39882,13725,36981,38147,39321,17278,38960,39272,40023,39627,56595,35686,40505,39001,15494,34879,28283,33045,40143,41470,35063,59797,39411,15839,38477,39235,41255,39468,b-59
27617,9315,17172,12348,23581,14297,28232,33984,29361,26058,54514,35377,36279,35127,14417,34297,21754,22172,27511,34841,22218,29585,28509,11539,16370,35452,28367,33951,b-6
29053,9659,19700,16912,24705,14566,29301,33439,29818,26046,42684,28206,33953,33075,14045,28072,21529,24701,29075,34384,25441,34461,29442,11324,20026,33443,29896,33664,b-60
23967,7327,17382,15663,20879,11184,24349,26066,24746,21726,32002,21160,26458,25763,10402,21076,17196,20665,23942,26750,21049,29330,24426,8844,17483,25955,24585,26162,b-61
28181,8841,19095,17825,25766,13894,28483,30505,28877,26779,41434,25757,31072,30111,12942,25581,19589,22512,27917,31354,23123,30759,28510,10649,19341,30618,28869,30751,b-62
37624,13537,27617,20628,28481,16888,38495,45092,39382,30574,49837,37393,46084,45293,16574,36878,30902,34454,37790,45944,35335,45735,38803,15984,27305,45405,38544,45057,b-63
36703,13765,26560,19583,27724,16688,37319,43696,38274,29934,48679,36206,44772,43904,16585,35698,29517,33379,36695,44595,34337,44964,37531,15980,26084,44088,37673,43684,b-64
41309,16103,31774,22081,30572,18134,42640,48105,43757,33318,52537,38624,49567,48511,17747,38206,31647,37606,41582,49483,39091,54105,42973,18520,30657,48782,42525,48341,b-65
30063,10575,20118,13133,23343,14886,30962,39709,32369,26430,52839,39954,42740,41587,15769,39060,29430,29207,30030,40530,29234,36785,31324,14057,18976,41998,31011,39730,b-7
32682,11678,22059,14855,26557,15987,33672,43056,35040,29454,58958,43487,46215,44884,16114,42236,32486,32351,32509,44000,32516,41630,33845,15183,21398,45341,33805,43174,b-8
51137,19038,35608,31030,41262,24338,51981,51677,52816,43006,65070,43711,52405,51621,23798,43368,28623,32561,51026,52597,33313,45510,52249,19910,34879,51802,51794,51533,b-9
34192,11225,27195,24595,30381,15085,35186,35804,36021,31184,45595,33113,37280,36441,13719,32134,26351,27097,34279,36716,27327,38823,35349,13161,26399,36467,35055,35773,c-0
41693,14533,33213,31167,36794,18433,42342,40903,43299,37670,51690,36699,42088,41112,16805,35449,28145,29750,41633,41989,30678,44956,42547,16550,32546,41278,42480,40849,c-1
39900,16426,35752,30010,31824,18115,40113,38457,40585,32045,39049,28390,38740,37678,16486,28357,23912,31812,40028,40031,32851,52667,39859,18055,35873,37804,41047,38965,c-10
44712,18232,39363,34322,36489,20215,44856,40254,44907,36337,43279,28647,41014,39179,17827,28365,22672,32109,44323,41885,33394,54972,44343,19793,39462,39769,45732,40987,c-11
42172,13069,29291,29423,38789,19410,42310,45590,43156,40266,66016,42711,46157,45032,18199,42044,30224,30701,42055,46744,31764,43700,42727,15097,29942,45348,43039,45422,c-12
38348,12036,26405,25505,35505,18426,37995,40505,38865,36690,63250,39422,41343,40183,17833,39068,26647,26535,38165,41671,27568,39051,38285,13589,26831,40572,39221,40477,c-13
33255,9108,21443,22222,32110,15673,33361,34321,34081,33127,54620,32701,34876,34133,15156,32617,22468,21696,33166,35121,22385,30992,33556,10692,21973,34191,33844,34174,c-14
23662,9347,24159,17671,19495,11490,24868,23754,24873,18756,26740,18342,25582,23927,10074,17904,15902,22956,23572,25164,22984,45688,23860,11063,23516,24205,24786,24900,c-15
23492,8949,23875,18885,20526,10897,24864,24445,25033,20212,29422,19495,25851,24218,9231,19519,16226,22076,23265,25924,22675,43520,24269,10700,23525,24622,24425,25250,c-16
20398,8612,21454,14600,15873,9717,21242,21334,21600,15678,22095,16189,22627,21408,8625,16287,15181,21407,20555,22548,21756,41952,20578,9724,20924,21382,21395,22085,c-17
20787,8301,17751,11438,13473,8678,21690,25820,22081,14151,19244,16850,27127,26412,8693,17156,18563,27163,20939,26624,27643,41610,21289,9925,16978,26422,21745,26366,c-18
29632,10041,24825,18373,21159,12389,30969,31972,31256,21877,28217,21478,33373,32543,11830,21419,20374,29578,29815,32927,30111,47839,30564,12558,24198,32629,30567,32618,c-19
41272,12756,31175,30062,37543,18647,41859,40835,42827,38357,55510,37608,42031,41071,17116,36845,27439,28438,41209,41932,28965,41455,42194,14606,30712,41208,41992,40659,c-2
24630,9223,20989,14210,16490,10398,25836,30038,26436,17264,23541,19301,31025,30637,10231,19654,20755,30322,25162,30885,30765,46451,25696,11309,20087,30373,25709,30429,c-20
34027,10783,24919,24786,32642,16422,34298,33101,34475,32168,50973,29153,33759,32161,14258,29246,18087,20510,33707,34353,21975,33457,34258,12604,25332,32995,34896,33652,c-21
35873,10832,27149,28451,34432,15395,35630,31668,35894,33836,47702,26405,32447,31225,13866,26560,16614,19596,35642,32649,20516,32396,35694,11889,27734,31568,36418,31811,c-22
29070,8569,20942,20939,26754,13182,28790,29230,28756,26066,41689,26155,30143,28953,11247,25494,17859,18806,28542,29876,19590,28332,28550,9971,21515,29640,29658,29646,c-23
26240,6509,25232,28283,26029,8986,26304,20138,26507,25346,28451,15243,20105,19446,7247,15231,11693,15727,26423,21241,16910,33844,26314,7914,25744,19395,26803,20320,c-24
26810,7335,23371,27722,28089,10201,27477,20994,27606,27345,31971,16100,21056,20338,8189,15966,11861,15083,26854,21930,16449,30086,27664,9499,24341,20650,27424,21253,c-25
34437,10392,32853,35914,33564,12951,34930,27266,35130,32521,36911,20213,27168,26246,10465,20057,15216,20867,34570,28566,22607,44707,34905,12244,33655,26363,35252,27622,c-26
52180,15977,37940,33483,45818,26695,52090,53577,53039,46581,75554,48757,54560,52959,25284,47641,33061,36364,52058,55210,37845,62095,52198,18289,38838,53450,53369,53876,c-27
48797,16349,36823,31821,42557,24625,48481,51124,49598,43026,70592,45029,51297,50160,23594,44813,30660,34986,48985,52595,36637,60673,48691,17663,37306,50140,49747,51200,c-28
37170,11935,28155,25051,33492,17927,36621,39061,37541,33980,59090,37080,39973,38787,17178,37008,26671,28276,37202,40465,29649,51019,36850,13375,29332,38874,38151,39104,c-29
22545,9399,22463,14550,15966,9687,23754,26502,24375,16347,22861,20025,28647,27735,8215,19762,19920,27184,22779,27514,27608,45077,23482,11147,22274,27640,23775,26921,c-3
23918,6570,15460,12696,22411,13224,24405,20809,21215,19785,36498,23281,25976,21274,8458,19196,13934,16026,19912,21491,16183,25524,20623,7824,14870,25287,24550,24647,c-30
24494,7040,17673,15780,22416,10191,24801,23094,25384,23219,35294,19559,23923,23122,9604,19617,13160,15992,24367,23852,16505,27145,24982,8230,17283,23330,25102,23046,c-31
18346,5212,13444,11497,16292,7609,18986,18064,19422,17090,26169,15012,18666,18187,7052,15102,10804,12951,18383,18549,13116,22079,19060,5791,12877,18247,18744,18066,c-32
54430,15641,25677,28083,59792,28453,54596,44793,55641,61774,97461,38303,45454,43896,26396,37870,16792,19098,53608,45885,19912,27451,55656,17428,25827,45059,55035,44152,c-33
50292,15243,25406,26640,54629,26061,50174,41944,51125,56016,90379,35120,42389,40844,24144,35118,16268,18822,49647,43293,19933,28900,51214,16887,25908,41942,50985,41483,c-34
43999,13941,22344,21541,45802,23343,43781,39129,44850,47316,84076,34845,39573,38176,21531,34287,16396,18039,43359,40226,18873,26546,44692,14950,22426,39187,44826,38623,c-35
52706,16587,53280,52681,44550,18916,53892,38528,54138,45151,49169,27550,39434,37699,16312,27195,17604,26168,52642,40246,27497,56122,53913,18222,53560,37826,53229,38669,c-36
51061,15678,53563,51443,42927,18187,52255,35025,52460,43865,44391,23954,35889,34072,15953,24243,14903,23651,50855,36844,24997,56563,51787,16835,52980,33828,51463,35161,c-37
49560,15212,50151,51063,43580,18151,50436,34910,50708,44672,49217,26231,36386,34465,15718,25937,15604,23302,49327,36807,24394,52053,50302,16352,50272,34477,50017,35018,c-38
40987,14449,26441,20115,29728,18063,41141,51108,41602,31052,56722,43818,53262,52727,18686,43262,37963,40287,41083,51670,40502,48391,41245,15928,26656,52981,42129,51293,c-39
21877,8987,21067,13934,15852,9260,22930,27517,23593,16747,24931,22283,29359,28734,8503,22192,21911,27111,22164,28361,27640,41910,22873,10644,20894,28563,22838,27735,c-4
42812,15269,27870,20788,31240,19364,42871,54145,43533,32719,58953,46202,56037,55474,19636,45932,41363,42253,42952,54597,42374,50102,43121,16552,28139,55570,43920,54095,c-40
43539,15342,28230,20348,30693,19439,43596,53797,44329,32161,57554,44819,55918,55481,20129,44347,39998,42473,43874,54347,42427,52498,43966,16904,28688,55636,44611,53895,c-41
30680,12793,22856,16104,23067,15022,31486,38303,32753,24973,41586,33481,39340,38555,14203,32802,27526,29509,30724,39170,29685,36658,31998,14424,21903,38859,31764,38173,c-42
33019,13791,23386,16846,24658,16889,33536,41221,34446,25993,43278,35879,42268,41421,15859,35352,29405,31128,32807,42048,31761,38796,33713,15198,22702,41925,34154,41341,c-43
36522,15443,26865,19565,28022,18520,37263,43441,38386,29203,47584,37157,44467,43675,17494,36841,29513,33212,36492,44493,33452,42331,37741,17176,26019,44047,37822,43416,c-44
21675,4607,12568,11098,20445,11447,22701,21701,23334,22317,41588,19514,22629,21938,11074,19686,10114,12497,21781,22473,12842,21907,22878,6717,12173,22121,22397,21784,c-45
20124,4359,11505,10972,20146,10474,21146,19220,21648,21983,39639,16508,19781,19103,9746,16866,8179,10594,20170,19988,10974,18158,21381,6194,11160,19250,20622,19163,c-46
21101,4116,12667,11748,20940,10413,22069,20342,22746,22810,41691,18389,21209,20555,10121,18620,9594,11898,21261,21177,12283,20866,22375,6239,12284,20686,21791,20324,c-47
32578,8109,26421,31773,34488,12150,32961,28413,33298,35245,44576,26274,28670,27925,10663,25765,20842,20760,32589,29701,21710,35535,33109,9856,26101,28237,33383,28641,c-48
33179,7877,27376,32055,34777,11870,33341,27567,33266,34799,44303,25759,28418,27009,10110,24635,20814,21145,32630,28743,22168,36973,32898,9401,27593,27723,34027,28230,c-49
22371,9310,22220,14033,16222,9775,23474,27125,24125,16656,24661,21654,28945,28009,8511,21344,20684,27130,22577,28144,28021,45315,23109,10617,21736,27842,23630,27647,c-5
36051,9115,29381,35397,38052,12309,36089,30323,36665,38881,49412,27526,30283,29486,11477,27542,21769,22566,36171,31640,23574,40048,36309,10420,29396,29625,36961,30416,c-50
37739,12932,32074,29524,31835,16042,37964,32867,37894,31334,36807,22650,33497,32336,14401,21974,17438,26051,37462,33913,26621,49288,37608,14393,32190,32829,38429,33437,c-51
42867,13818,31726,30622,36528,19241,43180,39362,43371,36367,44089,27352,39369,38706,17741,26993,21546,27803,42935,40174,28644,45963,43222,14851,32078,38934,43452,39658,c-52
30853,10210,27147,25621,25717,12040,30990,26986,30858,25376,28344,18303,27307,26390,10684,17907,15297,22297,30610,27807,22960,41641,30675,11465,27395,26819,31387,27530,c-53
55719,22525,36808,28390,44134,31147,55498,75205,56877,45679,81630,65336,76401,75729,31057,64776,60910,66806,55651,76028,68865,83131,55545,25081,36897,75492,57281,74796,c-54
54503,22082,35748,27520,43110,30198,54485,72873,55646,44634,78305,60981,74464,73471,29622,60291,57714,68257,54758,74290,70702,86814,54638,24529,36039,73883,56475,73215,c-55
50973,20610,32867,26724,40303,28092,50381,69012,51626,41463,75039,60612,69851,69219,27971,60336,56717,61133,51175,70243,63320,74574,50777,22812,33716,69360,52736,68853,c-56
17696,6326,11784,8467,13996,8871,17287,24026,17187,13224,24677,18183,24129,23518,8473,18429,19193,24254,17531,24632,25187,32991,16783,7057,12441,23954,18518,24801,c-57
14585,4877,10977,7068,10744,6825,14280,20906,14616,10321,19992,14806,20397,20297,6527,15594,16328,21693,14838,21418,22844,32719,14196,5551,11714,20178,15378,21163,c-58
14171,4763,11988,7767,10438,5623,14002,18629,14206,10058,17380,12649,18431,18126,5198,13302,13932,19361,14244,19106,20437,31894,13788,5606,12421,18138,14786,18968,c-59
43022,11393,25436,23832,36863,20272,42425,48439,43491,37545,66681,42675,49556,48831,21140,43271,31732,33277,43047,49395,34321,40693,42619,14411,25854,49214,44112,48631,c-6
34802,9110,30158,25789,30781,13405,35680,30241,36255,30628,44602,24849,32363,31183,12600,24354,16420,23114,34833,31392,22931,46313,35592,11649,30884,31311,35574,30469,c-60
33367,9478,30241,25610,28822,13101,33897,28666,34052,28077,39508,23305,31162,29562,12064,22162,15985,23522,32977,29706,23350,47775,33388,11539,30904,30054,34057,29350,c-61
33738,9679,28002,25114,30155,13833,33806,30447,34440,29342,42149,25062,32469,31293,12837,24138,17851,24670,33654,31299,24571,45949,33687,11685,29175,31449,34509,30638,c-62
40992,15098,27845,25986,34579,21024,41554,44847,42183,35507,55968,39586,45765,44970,19215,38588,29576,31262,40918,45720,32129,40679,41759,17322,28462,45325,41845,44879,c-63
39796,14162,27611,26362,34586,21135,40739,42932,41565,36013,57073,38390,43541,42959,19589,37922,27151,28444,39940,43768,29558,38373,41117,16720,28019,43062,40559,42858,c-64
49145,16987,33689,32535,41663,24668,49969,51112,50578,42509,64522,45221,52391,51351,22172,43874,32097,33769,48950,52079,34739,44429,50224,19545,34212,51797,49955,51188,c-65
34782,11526,28815,28990,33452,13087,35652,29749,36294,34849,52671,25967,30287,28958,10284,25230,15441,20638,34781,31364,21091,36181,36192,12365,29008,29357,35733,29782,c-66
38574,12744,32648,30371,35564,14474,39508,32982,40264,36659,55103,27994,33127,31994,11522,27409,16856,22881,38716,34623,23673,42226,40100,13708,32506,32159,39427,32926,c-67
36039,11638,30886,29204,33914,13825,37222,30910,37820,35095,52700,26829,31296,30069,10955,26119,15888,21766,35932,32309,22316,40389,37514,12783,30657,30224,36757,30794,c-68
42743,11630,25019,23050,35859,19888,42148,49187,43113,36683,64405,42536,50813,49985,21141,42905,32663,35080,42573,49973,36060,42874,42197,14896,25045,50502,43722,49500,c-7
35715,11454,23044,19198,30187,15658,35891,40098,37010,31133,53097,33688,40922,40132,16490,34119,26453,29759,35473,40741,30707,39350,35882,13598,22917,40269,36678,40055,c-8
43942,17006,39861,34901,36388,19504,44675,39254,44898,36308,42857,28202,40461,38781,16861,27756,21642,30656,43799,40996,31622,54984,44596,19564,40225,39341,45014,39875,c-9
41316,16356,26219,18707,29334,22113,41131,54965,41643,29990,57486,49414,56696,55935,22250,48602,42106,42939,41271,55930,43882,51287,41318,19001,27355,56642,42573,55481,d-0
38743,14958,23803,17492,28757,21063,38407,52664,39188,29016,55047,47082,53425,52902,20930,46738,40966,40136,38747,53389,41346,46779,38663,16777,24342,53365,39936,52863,d-1
49269,15292,31720,32415,49832,24219,49850,46381,51120,52086,78064,41855,46229,45025,23420,41796,27927,29412,49249,47969,31260,42051,50597,17230,31340,45678,50580,46323,d-10
46903,14149,28300,29573,47785,23303,47399,45255,48458,49175,78459,41484,44706,43702,22346,41987,28483,27923,46914,46966,30062,37992,48212,15988,28781,44600,48266,45350,d-11
35411,11817,26021,21655,31821,18419,35943,35945,37017,33124,50347,30990,36756,35558,17106,30740,21372,25820,35425,37255,26069,43040,36033,13256,25278,35694,36265,36119,d-12
33053,10267,22961,21398,31477,17428,33390,33374,34311,32215,47593,29006,33604,32632,16476,29579,20670,23329,33047,34433,23938,38393,33512,11211,22573,32691,33940,33433,d-13
31860,9725,23178,21402,30018,15807,32081,30491,32742,30820,44802,26314,30693,29698,14966,26647,17388,19938,31792,31464,20096,35214,32135,10274,22554,29833,32465,30552,d-14
50162,15589,44165,43376,44794,22002,51169,41517,51618,44944,56627,32559,42673,41039,18939,32201,22030,30473,50177,43164,31224,56216,51316,18604,44942,41300,50953,41750,d-15
47327,13355,41267,42338,42575,19300,48240,38212,48536,42135,51968,30922,39068,37795,16937,30884,21430,27225,47546,39910,28307,51474,48368,15864,42645,38094,48274,38630,d-16
42854,12210,35698,37518,38925,17813,43919,34292,44147,38875,46927,26714,34948,33955,15350,26564,18173,23928,42864,35376,24558,44743,43928,14497,36666,34123,43436,34471,d-17
23708,7939,16730,14340,22312,11234,23975,33374,24702,22743,50709,34549,33992,33221,10519,34491,27719,25427,23506,34099,26681,35095,24173,9276,16822,33605,24578,33350,d-18
24728,7935,16402,14511,23430,11846,24643,33802,24934,23359,51959,35184,34977,33836,10929,34474,27010,25777,24120,34526,27033,35804,24521,9789,16834,34667,25658,34159,d-19
37729,15236,25071,18154,27021,19406,37703,49985,38442,27532,50831,44135,51054,50535,19589,44033,38561,39506,37781,50798,40306,49276,37933,17905,26036,50926,38779,50112,d-2
25533,8504,16385,13879,23349,12667,25517,35139,26122,23686,53789,36289,35922,35158,12283,36131,28098,25980,25457,35952,27549,34825,25800,9771,16368,35714,26553,35328,d-20
38630,12038,23983,22810,36319,20731,39089,41915,39746,37296,64703,39005,43021,41752,18893,38385,26673,28390,38372,42931,29066,38696,39283,14538,24099,42403,39681,42084,d-21
35520,10777,22150,20949,33196,18676,36122,38135,36956,34604,57900,34803,39238,38252,17373,34512,23908,26102,35424,39073,26505,36129,36295,13090,22314,38607,36416,38173,d-22
41683,13431,25129,25048,40303,22941,42300,45161,43175,41974,69337,41115,46217,45049,20964,40661,28005,30526,41481,46244,30903,39880,42790,15990,25218,45678,42696,45077,d-23
27359,8365,20655,15838,22677,13375,27472,35682,28361,24183,43122,33414,36580,35816,13597,33336,30032,32014,27542,36514,32417,46887,27471,9903,20969,35867,28499,35854,d-24
30549,9438,24023,16701,23238,15934,31160,41411,32122,25151,46212,38016,42624,41810,15857,38405,34893,37987,30713,42463,38608,57308,31055,11457,24022,41896,31792,41721,d-25
26189,8211,19544,14269,20546,13090,26294,35945,27206,22048,42300,34291,36800,36227,13709,34815,31979,32274,26425,36864,33548,46557,26468,9740,19905,36360,27330,36118,d-26
30089,13388,20108,14961,23238,15901,29956,35602,31117,23556,39448,30484,37415,36668,15828,29810,25364,29106,29950,36139,29552,33995,30240,15438,20298,36954,31071,35456,d-27
36201,17319,24833,18843,27598,19444,36040,41960,37346,28252,44243,34742,43039,42122,18936,34180,28957,32867,35995,42710,33487,38767,36391,18847,24837,42495,37189,41803,d-28
26474,12892,17657,12498,19542,14424,26199,31861,27399,19944,33269,26841,33260,32607,14604,26697,23141,26857,26381,32305,27079,30798,26433,14411,17785,32819,27423,31692,d-29
32789,8138,25911,27137,32568,12260,33942,25922,34184,32618,40909,20645,26507,25342,10053,20510,14480,18578,32717,26946,19355,32529,33819,10016,25654,25557,33425,26246,d-3
35801,9729,22157,21125,32422,16943,36696,37669,37172,33391,51067,30428,38175,37469,15310,30127,22051,26382,35890,38518,27554,41302,36908,12249,22646,37662,36605,37744,d-30
40253,11089,24545,23771,35442,19118,41539,43175,42012,37027,54602,34511,44353,43432,17650,33725,26093,31008,40102,44008,32209,44952,41770,14776,25108,43911,41063,43259,d-31
37158,10373,22369,20848,32150,18490,38431,40846,38834,33567,50944,33324,41645,40949,16852,32717,25361,28660,37134,41584,29622,39718,38684,13445,22739,41299,37931,40927,d-32
28476,6637,22588,23430,28724,9884,29156,23082,29380,29855,39893,19686,24297,23265,8974,19178,13305,16679,28272,23668,16914,34120,29157,7153,22980,23550,28870,23159,d-33
29429,6727,23448,23211,28792,11224,30342,24748,30627,29890,42566,20942,25879,25038,9893,20297,13549,17547,29404,25423,17669,35404,30389,7671,24062,25146,29922,24806,d-34
30140,6920,22756,22793,30034,11596,31229,25818,31538,31514,44169,21941,27066,26087,10284,21270,14285,18327,30218,26752,18790,36818,31326,8186,23196,26365,30687,26031,d-35
46739,15636,30466,30826,44834,23668,47996,44843,49115,46713,69229,39155,45292,44052,21643,38743,24771,27708,46538,46187,29353,39285,48760,18595,30936,44648,47628,44567,d-36
49685,16362,32604,33116,47593,25776,50859,46279,51739,48952,71146,40206,47068,45712,23584,39677,25311,29334,49363,47646,30423,42140,51365,19338,33134,46361,50525,46244,d-37
45815,14357,29366,30398,44858,23369,46848,42483,47692,46420,69792,38138,43645,42273,21593,37170,22764,25525,45481,43753,26304,36927,47398,16938,29702,42941,46577,42415,d-38
46256,16469,32481,29436,40623,22518,47319,46062,48434,42354,63303,39691,47028,45617,20594,38716,26133,30605,46020,47261,31024,44071,47917,19095,32266,46221,47020,45900,d-39
32672,8164,24582,26602,33797,12226,33055,26888,33411,33781,45472,22904,26783,25773,10530,23222,15962,18301,32562,27965,19349,31889,32972,9313,24580,25978,33368,27098,d-4
49424,18345,37898,34539,42293,23659,50558,45598,51417,43431,56524,35088,46571,45144,21209,34408,24544,32123,49349,46820,32519,49848,50796,20155,37685,45382,50231,45594,d-40
51256,19020,38135,34394,43622,24551,52317,48360,53187,44930,61962,38785,49389,47811,21916,37851,26332,33422,51088,49596,34002,51727,52581,20852,38204,48249,52194,48378,d-41
32810,12112,22276,18912,28072,15146,33020,34077,33644,29133,46248,30687,35220,33992,14118,29993,21760,23425,32389,34686,23975,33443,33277,13305,22536,34515,33438,33959,d-42
32781,11716,21957,20393,29506,15900,33165,31836,33739,30381,45530,28034,32276,31302,14616,27659,18044,20155,32688,32611,20604,29158,33583,12181,21826,31832,33463,31840,d-43
38193,13965,25305,23217,34348,17826,38522,37961,39125,35320,54726,33859,38803,37468,16575,33218,22625,25228,37851,38860,26005,35438,38901,15149,25476,38265,39090,38043,d-44
29980,8662,15305,13281,25476,17642,30885,31097,31389,26865,46158,27428,31684,31072,16994,27116,14720,16228,29894,31670,16703,22509,31061,10026,14851,31261,30336,31050,d-45
25835,7242,13539,12367,22915,14390,26619,26373,27102,24199,40242,22577,26610,26092,13535,22664,12987,14238,25770,26928,14975,20203,26945,9010,13565,26355,26174,26311,d-46
35172,10379,17895,15713,30424,21354,36658,37086,37119,32128,56109,33660,37930,36827,19675,32807,17891,19179,34853,37956,19834,24843,36877,12282,17136,37614,35678,37399,d-47
28787,6457,22107,25175,29950,10478,28968,22155,29109,29406,38302,18795,22793,21853,9059,18909,12533,15073,28691,22992,15685,27646,28764,7878,22325,21963,29367,22402,d-5
36319,12440,25925,22802,30007,18005,35774,44178,36542,31003,48334,39588,44885,43822,16514,38904,35823,36698,36112,44993,36859,47689,35911,14414,26088,44376,37459,44375,d-6
37028,11296,24808,22999,31660,19150,36733,44076,36975,32350,52342,41706,45719,44218,17461,40453,34742,35214,36435,45026,35532,47145,36565,14349,25520,45410,38238,44829,d-7
35580,11043,23858,21687,30494,18971,35458,41968,35838,31231,49901,38823,43748,42496,17478,37965,32474,34032,35152,42835,34314,45533,35356,13881,24378,43234,36604,42461,d-8
47314,14134,29678,31974,49128,22815,48088,43390,49216,51483,77672,39782,43635,42378,22129,39687,26495,27311,47045,44806,28479,38136,48674,16238,29631,42988,48447,43191,d-9
30267,10676,22307,18440,25810,14906,30655,37126,31457,25425,48129,34681,37928,36953,13753,34258,25603,27577,30116,37968,28477,40746,30529,12551,23133,36952,31201,37143,e-0
30386,10831,20990,17723,26289,15662,30806,37352,31532,25712,48023,34747,38167,37190,14136,34295,26317,28240,30346,38225,28681,40149,30683,12557,21544,37423,31490,37635,e-1
38782,12573,32061,26382,31468,15874,39092,37658,39742,32532,48414,32753,38601,37941,14097,31182,23576,28480,39002,38689,28200,46787,39260,12395,31388,37970,39773,37846,e-10
38053,13056,31857,25735,30214,16495,38298,36778,38808,30847,46609,31681,37489,36786,13993,30005,22104,27724,38062,37579,27251,46218,38257,12872,31211,36822,39030,36989,e-11
25765,9353,20727,15381,21173,11309,26218,28795,27019,22578,36204,24787,30071,29166,11146,24915,18721,21352,25850,29952,22626,33684,26344,11424,20553,29370,26640,28959,e-12
24983,8347,19954,15348,20804,10698,25571,27255,26334,22615,36160,24691,29186,28363,10487,23927,17365,20143,25042,28313,20538,31364,25756,10092,19408,28516,25748,27342,e-13
27437,9240,23236,18065,23660,11808,27789,29136,28601,25363,39098,26303,31024,29866,11145,25483,18546,22385,27552,30558,23603,38247,27919,11261,23276,30083,28572,29391,e-14
27957,8253,20789,22146,26893,12090,28799,27356,29370,28158,42139,25894,27982,27052,9873,25122,16863,17700,27760,28286,18012,26442,29105,9711,20408,27457,28504,27364,e-15
28703,8137,21939,23695,27984,12022,29701,26895,30208,29118,43340,24880,27376,26463,9637,24287,16581,17811,28540,27811,18185,28157,29962,9338,21372,26822,29314,26874,e-16
26896,7612,21468,23623,26977,10966,27709,24421,28223,27734,42568,23293,25262,24403,8916,22352,15677,16848,26724,25396,17244,26337,27948,8970,21205,24669,27501,24401,e-17
25119,8985,22582,19025,22143,11179,26262,27695,26972,23254,35310,24225,28265,27409,9873,23777,18133,21484,25245,28962,22510,34055,26420,11015,22104,27504,25949,27902,e-18
27958,9182,23493,20840,24525,12001,29086,29647,29790,25569,38476,25943,30409,29388,10680,25406,18657,21519,28046,30859,22542,33814,29269,11109,23095,29522,28848,29822,e-19
30209,10021,23499,23450,29160,14216,31044,31106,31673,28466,44805,26946,31540,30429,11563,26309,18718,21891,30125,32272,22959,34975,31215,12231,24219,30717,30961,31164,e-2
27372,9671,23178,20417,24851,11919,28474,29238,29298,25878,40099,25760,30108,29247,10736,25310,18714,21737,27459,30513,22544,33503,28717,11705,22713,29384,28259,29368,e-20
31249,10404,21389,19335,25863,13350,31095,33914,31437,26776,44894,29915,34426,33862,12722,29667,21078,22233,31250,34665,22852,32035,31272,10990,21586,34031,31805,33942,e-21
30754,10386,21026,19037,25236,13456,30754,33390,31089,26341,43078,29605,33969,33493,13022,29297,21326,22053,30836,34178,22688,31132,30934,11215,21277,33630,31304,33460,e-22
29792,10405,22739,21090,24494,11999,29955,31231,30350,25922,40508,27772,32227,31453,11019,27186,19768,21309,29722,32109,21781,31280,30247,11496,22606,31765,30239,31226,e-23
31758,8886,22620,18931,26727,13098,31944,28927,32507,27091,42269,23720,30010,29183,12181,23580,14601,18343,31677,29614,18725,34110,32016,10296,23404,29351,32457,28999,e-24
36268,10555,27805,22596,30166,13825,36478,32272,36994,30313,46189,26322,34065,32884,12876,26161,17299,22125,36101,33135,22696,41989,36424,12117,28893,33221,37091,32514,e-25
33586,9324,24416,20929,29065,13724,33883,29889,34444,28945,43270,24343,31246,30370,12384,23894,15622,19874,33500,30598,20354,35554,33793,10714,25161,30522,34244,30031,e-26
44842,16439,34063,27962,37251,23716,45554,48441,46491,38171,62530,42697,49883,48529,21617,41907,30316,34874,44730,50038,35993,53148,45771,19070,34461,48885,45939,48676,e-27
39178,12624,29864,27323,35109,17909,39961,39286,40838,36689,57363,34786,41004,39544,16871,34271,23596,27940,39282,40973,28917,44974,40430,15473,30263,39909,40256,39505,e-28
50773,17163,41248,37236,43916,22322,51931,46137,52745,44614,62853,36928,47685,45817,19989,36862,24740,32076,50630,48005,33409,57938,52028,19582,41768,46084,51808,46340,e-29
20018,6729,18962,18530,18894,8792,20274,19755,20595,18487,31161,18731,20472,19575,7404,18197,11102,12876,19929,20737,13494,22307,20360,7610,18483,19705,20621,19834,e-3
29487,7292,23112,21970,27549,12214,29949,27071,30511,28183,39300,23134,28245,27250,11879,22907,16832,20730,29469,28009,20674,36586,29963,9425,23225,27437,30120,27226,e-30
36259,8986,27462,27020,34714,15520,36827,32551,37642,35763,49882,28814,34339,33207,15537,28425,20539,24542,36340,33845,24892,41250,37115,12179,28142,33553,37214,32755,e-31
34872,8241,25936,26080,33906,14471,35254,30982,35954,34987,49008,27657,32913,31723,14772,27209,18979,22923,34827,32123,22965,40407,35355,10948,26552,31978,35751,31146,e-32
30211,10651,21251,17303,27727,14033,31139,37006,32215,29848,60354,38950,39522,38412,12161,37032,26426,26054,30046,38205,26128,36909,31734,13270,21073,39007,31241,36935,e-33
35499,11410,25845,24110,34400,15425,36353,39815,37369,35850,68376,41046,42388,40940,12882,39882,27478,27782,35467,41426,28549,42773,37112,14770,25877,41805,36791,39950,e-34
33385,10838,24311,22075,31712,15239,34214,37289,35139,33151,62317,37375,39055,37730,12784,35948,24724,25704,33130,38505,25867,40065,34570,13180,24081,38134,34236,37195,e-35
23607,9242,21079,14575,18420,10821,24327,24903,25156,19794,28466,19044,26069,25108,10639,19698,15271,22668,23812,25929,23435,40586,24072,10951,20398,25028,24659,25264,e-36
26568,10942,23356,17079,21377,12189,26649,27079,27525,22208,30803,20571,28123,26902,11392,20849,16769,23819,26617,28090,24567,41863,26379,11922,23129,26951,27708,27450,e-37
21631,8776,18609,13471,17216,10297,21954,23762,22812,18160,25848,18679,24862,24001,10035,18784,16247,21665,21784,24572,22001,34542,21886,10212,18351,24068,22710,24038,e-38
26105,8510,24258,19144,20501,10404,26707,29499,27159,20475,35447,24938,30203,29410,9613,25270,20107,23655,26248,30510,24161,37525,26755,10543,24459,29488,26936,29715,e-39
21239,7564,19646,19506,19503,9422,21385,20827,21681,19110,31379,18862,21219,20370,8180,18919,11525,13598,21221,21871,14399,22949,21610,8541,19569,20479,21793,20841,e-4
22207,6879,20175,15763,18098,9921,22548,25298,22843,17476,30730,21723,25796,25216,8723,21727,16678,19607,22323,26106,20301,33814,22557,9172,20748,25301,23063,25526,e-40
25630,8304,24113,19719,20615,10230,26105,28567,26425,20041,33043,23959,28971,28232,9075,24018,19916,23039,25719,29510,24074,37169,26195,10690,24961,28405,26584,28813,e-41
25237,8150,20367,13874,19518,11316,25720,30540,26473,21133,38643,26622,31646,31057,10937,26388,20078,23152,25546,31620,24120,40414,25820,10303,19772,31145,25942,30847,e-42
26415,8370,21319,15517,20706,11652,26783,30646,27358,21570,38241,25668,30802,30288,10832,25982,19624,22179,26856,31826,23974,40345,27019,9723,21218,30498,27257,31132,e-43
24451,7718,19590,13674,18865,10632,24592,29281,25110,19497,35358,24700,29740,29203,9817,24912,19199,21952,24572,30158,23040,39895,24557,8866,19263,29222,25111,29550,e-44
25280,8827,24086,14971,16708,11305,25036,32689,25715,16849,29886,28449,33203,32791,10362,27496,26029,27050,25588,33652,27499,40734,25057,10326,24444,32683,26227,32923,e-45
26263,8972,24095,15597,17981,12204,25864,32624,26483,17769,31287,28308,33293,32726,10615,27497,24864,26013,26471,33519,26448,39626,25840,10359,24654,32726,27130,32889,e-46
28457,10441,26421,16583,17903,12414,28129,37626,28789,17981,31681,32121,38001,37671,11597,31610,30633,30927,28811,38510,31642,43705,28086,11292,26697,37507,29530,37899,e-47
20831,6780,18458,14218,18162,8776,21662,21970,22253,18795,28557,18368,23397,22217,8677,18785,14590,18819,20822,22919,19168,30704,21713,8935,17978,22354,21548,22129,e-48
21788,6884,18631,14927,18777,9517,22455,24039,23031,19117,29242,21023,25335,24353,9178,21586,17736,20256,21903,25054,20691,30215,22463,9059,18721,24391,22622,24260,e-49
22211,8361,22946,19964,19123,9298,22552,21723,22800,18502,29838,18658,22694,21576,7449,18183,12162,15755,22066,22811,16137,27370,22568,8935,21894,21765,22890,21875,e-5
19968,6558,17052,13420,17923,9051,20492,22028,20921,18044,29246,18904,23421,22408,8526,19309,14818,18590,20079,23076,19167,29110,20447,8281,17006,22420,20749,22276,e-50
44878,16623,30649,25590,32628,21483,45329,47003,45921,34074,50085,36767,47450,46732,20054,36705,27097,31693,44822,48015,32567,44227,45559,18043,30676,46988,45555,47073,e-51
32939,11946,22553,19087,24797,15634,32966,34849,33486,25677,38225,27476,35160,34693,14596,27261,20820,24254,33020,35715,25082,34223,33138,13163,22676,34852,33546,34946,e-52
24147,8721,17766,14744,18434,10462,23939,26042,24303,19101,30051,20580,26052,25628,9678,20813,15776,18741,24179,26873,19738,28677,24083,9998,18300,25795,24783,26163,e-53
19254,5733,17446,12922,15319,7443,19544,18646,19794,15512,25358,15899,18961,18414,6563,15923,10181,12690,19270,19253,13249,25777,19518,6323,16922,18472,19683,18785,e-54
20312,6307,19825,13958,15553,7564,20793,19583,21000,15542,25212,16721,20204,19613,6579,16355,11176,13884,20278,20114,14064,28392,20778,6999,19033,19664,20682,19666,e-55
19731,6035,18168,13710,15528,7646,20063,19442,20353,15665,25506,17130,19940,19347,6668,16885,11229,13133,19703,20024,13556,25323,20050,6636,17547,19442,20141,19560,e-56
26932,7473,20163,18473,22666,11048,27393,26767,27787,23443,34123,21570,26771,26243,10651,21978,15814,17178,27003,27471,18599,28556,27473,9390,20255,26334,27345,26872,e-57
30558,8241,21476,20289,26125,13354,31134,29582,31441,27220,38471,23669,29661,29054,12521,23658,16120,18721,30710,30457,19625,30800,31253,10394,21930,29173,31069,29817,e-58
24838,6381,18967,15574,20771,10498,25743,25879,26246,21733,35979,22055,25842,25265,9535,21886,14705,16652,25140,26943,17694,29620,25952,8596,19264,25345,25490,26167,e-59
33198,10135,24674,21234,28003,14588,33873,38971,34597,29078,45919,32476,39980,39125,14394,32471,26515,29523,33280,39949,31102,43512,33951,12373,24449,39284,34073,39163,e-6
28598,8260,20685,20399,28490,11679,28921,32738,29708,29663,54939,35172,33257,32481,11207,34392,24476,22172,28522,33550,22829,32131,29390,9422,20475,33048,29615,32815,e-60
30091,9147,21751,20288,27955,12704,30484,35101,31226,28686,54077,36481,35471,34846,12020,36041,25842,23717,29947,35754,24263,33391,30701,10109,21670,35115,30933,35028,e-61
31271,9721,22215,20781,29133,13324,31908,36308,32710,30273,54989,36175,36325,35695,12324,36061,25944,24445,31231,37078,25117,34469,32173,10486,21776,36018,32057,36306,e-62
32770,9635,24025,20616,27444,14692,33590,38725,34239,28694,45478,32473,39765,39087,14259,32417,27006,29209,32919,39606,31222,42579,33636,12141,23994,39226,33737,39024,e-7
30926,8614,21511,19158,26838,14008,31473,35880,32027,27336,43598,30131,37135,36533,13858,30235,25131,27042,31035,36686,28460,36616,31530,10794,21145,36716,31812,36135,e-8
37946,12814,30524,25132,31132,15664,38860,38106,39641,32913,50477,33739,39046,38399,13897,32064,23764,28821,37953,38799,27965,44725,38856,12461,28977,38281,38698,38068,e-9
16486,5648,17436,11029,14648,7805,17336,19183,17853,16295,31868,16981,20407,19228,6731,17365,11498,16147,16799,20793,16875,34739,17213,7345,16789,19208,17656,19687,f-0
20263,9070,21087,10938,15229,8997,20826,25368,21779,17793,36591,20958,26798,25507,8056,21338,14887,23196,18872,25626,22274,45988,18953,8949,18000,23755,20128,24239,f-1
22384,9797,17680,13844,18328,9582,22373,28956,23180,18443,36898,28646,29062,28527,8765,28011,20733,20620,22182,29644,21015,25920,22732,9672,17420,28917,23380,28871,f-10
22810,10448,18741,13918,17891,9011,22777,28960,23631,18137,36171,27533,29801,29389,8834,26681,20426,22249,21186,28098,20724,28092,21652,9142,17045,28212,22389,27368,f-11
18323,4293,16915,14108,16680,7061,18869,19823,19144,17911,29214,17867,20477,19859,6805,17481,13936,16718,18548,20787,17043,30797,18845,5713,16737,19860,19065,20131,f-12
15179,3827,16605,14063,14625,5942,15838,16805,16168,15854,25248,16462,17993,17193,5211,15650,13528,16400,15297,17972,16833,29452,15837,5938,16458,17254,16008,17092,f-13
17875,4468,16436,13537,15794,7256,18310,19092,18456,16928,27678,17193,20026,19234,6763,16811,13345,15975,17847,19964,16548,28597,18183,5938,16298,19385,18448,19391,f-14
16326,4497,15656,15099,15079,5517,16291,10557,16529,14777,15351,7001,11392,10718,4759,6963,3891,7304,16357,11324,7289,16834,16252,5252,15964,10702,16689,10709,f-15
17223,4524,16330,15183,14716,5639,17310,11330,17570,14733,15782,7422,12146,11428,4845,7345,3769,7829,17298,12048,7590,19113,17329,5686,16768,11479,17584,11460,f-16
26823,7520,22956,23713,23706,9661,27218,17504,27559,23701,24524,11688,18391,17533,8354,11554,6151,10844,26904,18345,10600,23217,27430,8752,23558,17756,27280,17679,f-17
29076,8367,24273,25175,27229,11997,29266,27168,29708,27363,43643,24929,27211,26356,10921,24722,15765,17553,28748,28283,18219,30724,29486,10185,24409,26741,29579,27165,f-18
25157,7609,20837,23071,25284,10689,25267,25248,25839,25594,41986,24883,25527,24717,9156,24587,16498,17206,24991,26390,17617,26853,25688,9586,21081,25145,25902,25240,f-19
22022,7965,20921,14271,20898,10096,22660,24936,23394,22456,43117,21158,25823,24318,9279,22206,13676,19227,22309,26854,20400,40352,22681,9902,20273,24469,23459,25400,f-2
21807,6601,20670,21747,22305,8700,21647,19850,22184,22734,35175,19042,20738,19613,7799,18726,12720,14981,21769,21438,15597,28009,22073,8912,21329,20043,22743,19999,f-20
15878,5524,12694,11997,16749,7119,15924,19463,16389,16554,31762,20552,20558,19887,5894,19189,15521,15448,15772,20062,14719,21531,16171,6009,12706,20201,16733,19502,f-21
17928,5947,13325,13039,18799,7998,17627,21307,18169,18243,35616,22447,22375,21550,6776,20988,15900,15923,17578,21740,15301,21349,17830,6685,13527,21983,18765,21260,f-22
17321,6108,12975,12407,17919,7496,17067,21090,17644,17415,35187,22395,22335,21765,6655,21186,16846,16581,17235,21711,16078,22362,17375,6798,13326,22060,18232,21079,f-23
33276,11866,26948,23427,26630,14136,34200,36250,34847,27691,39814,32031,37531,36555,12482,30841,25686,27673,33208,37510,28523,38825,34290,13638,26483,36952,34400,36541,f-24
34744,12167,27291,23811,27917,15475,36031,38039,36633,29067,40973,33307,39325,38501,13765,32332,26780,28296,34768,39178,29073,39629,36200,14560,26575,38822,35855,38310,f-25
33590,11923,28736,23822,26062,14036,35015,35907,35556,27271,37594,30519,37436,36420,12028,29204,25027,27987,33657,37250,28775,41128,35143,13851,27964,36961,34911,36394,f-26
16093,4939,13796,11710,15558,7498,17262,20399,17875,16805,30846,20239,21111,20440,6770,20125,15212,16114,16260,21282,16567,23985,17321,6121,12780,20463,16847,20504,f-27
14617,4425,13748,11072,13994,6313,15855,18190,16471,15715,27180,18078,19033,18347,6066,18157,14371,15301,14777,19078,15858,24311,15853,5678,12623,18326,15247,18356,f-28
15853,4441,13727,11873,15914,7423,16979,20391,17658,17088,32103,20927,21530,20704,6712,20915,15395,16709,16020,21314,17266,25442,16968,5765,12953,20778,16766,20648,f-29
25164,7000,19989,14812,22858,11028,26692,24289,27560,24853,38438,20189,26821,25473,10442,19962,12477,18983,25483,25702,18556,37960,26599,9635,19348,25498,26354,24707,f-3
26426,9877,22936,17123,23795,10984,28573,28720,29732,25645,41162,24722,29372,28613,9390,24137,17202,22215,26572,29947,22606,36811,28943,11875,21222,28886,27708,28836,f-30
26557,9690,23195,17210,23622,11532,29206,28741,30091,25991,42354,26237,30440,29244,10124,24465,16891,22526,26276,29885,22150,37283,29204,12047,21283,29898,27660,29124,f-31
23314,8477,20399,14499,20964,9973,25470,26217,26718,23169,39436,23781,27704,26908,9202,22639,16020,21477,23464,27340,21296,36518,25749,10420,18700,27038,24488,26299,f-32
21005,7482,15857,13464,21035,10399,20377,23976,21119,20537,39269,22405,25033,23448,8381,22104,12890,17583,20864,25890,18060,30662,20596,9155,16819,23861,22155,24100,f-33
18839,6561,14596,12904,20020,9589,18108,22169,18862,19500,36868,21945,23182,21607,7671,21479,12428,16270,18779,23942,16450,26839,18401,8199,15163,21926,20005,22238,f-34
17644,6165,14619,12802,18037,8659,17178,20428,17871,18040,33655,20357,21581,20171,7006,19479,11658,15643,17627,21992,15491,24754,17438,7599,14875,20385,18642,20469,f-35
18982,5831,18662,20758,19172,7259,20138,15103,20491,20425,25735,12946,15766,14555,5471,13478,7190,9392,18781,16350,9794,18451,20424,6203,17469,14737,19276,15130,f-36
20562,6395,19422,22086,20765,7775,21408,15962,21746,22220,27978,13707,16948,15631,6465,14158,7736,9925,20418,17272,10507,18766,21703,6733,18520,15799,20973,15976,f-37
21376,6691,20637,22501,21004,8552,22501,17124,22485,21990,28858,15402,18358,16586,6221,15177,8230,10940,20857,18597,11562,21250,22421,6755,19496,17092,21765,17471,f-38
21101,7151,21043,17989,19284,8799,22262,16928,22574,20294,28591,13247,17888,16680,7269,13349,7128,11031,21148,18443,11715,25558,22337,7723,19964,16691,21582,17148,f-39
24510,7142,20674,15515,23109,11086,26197,23857,27198,25174,39561,20834,26059,24689,10132,20760,13385,18557,24923,25531,19043,37006,26162,10004,19700,24745,25823,24355,f-4
21028,6900,21418,17989,19634,8735,22170,16355,22465,20606,28111,12858,17455,16184,7283,12623,6947,11451,21058,17807,11628,26894,22134,7489,20230,16199,21462,16577,f-40
22594,7374,22323,18665,20817,9417,23876,17510,23715,21288,30804,14098,18848,17147,7455,13810,7316,11824,22085,19141,12133,27970,23348,8074,21335,17620,23128,18278,f-41
22143,4204,14885,16183,24759,10993,22798,24387,23666,25525,45543,25993,25255,24334,9960,25472,17445,17131,22158,25513,17671,25621,23053,6571,14736,24524,22950,24522,f-42
19504,3996,13342,14366,22010,9271,20396,22700,21178,23362,41747,23933,23750,22855,8580,23779,17305,16645,19574,23664,17240,23709,20736,6747,13121,23139,20294,22777,f-43
18621,3671,13008,12686,20407,9625,19671,22208,20439,21555,39562,23836,23470,22571,8687,23276,16370,16285,18710,23187,16770,23538,19807,6204,12444,22716,19403,22386,f-44
26993,9491,22287,16261,23260,12645,28921,29568,30071,25166,39834,26337,32100,30981,12006,24771,19295,25077,27090,30666,24133,39207,28768,10562,20593,30760,27927,29722,f-45
24036,8838,22012,15533,20206,10238,26694,25295,27870,22783,32291,21478,28110,26936,9754,20442,16551,22930,24093,26278,21545,36819,26765,10500,19868,26907,24845,25352,f-46
27336,10164,23076,16220,23099,12776,29864,28802,30579,24753,37412,24808,31513,29782,10797,23153,18920,24951,26984,30005,24597,40693,29422,11299,21024,30265,28406,29411,f-47
20232,7259,17699,14730,18890,9104,21361,25026,22003,21144,37298,24941,25847,24977,8165,24304,17941,19377,20218,26075,19716,28746,21707,8647,16144,25300,21212,25051,f-48
19205,7657,17438,14341,18250,8369,19715,23739,20438,20292,36027,23443,24394,23351,7386,22601,15872,18997,19171,25032,19456,29906,20103,8355,15770,23713,20256,23791,f-49
26927,8213,21767,15774,24698,12248,28621,26393,29745,26939,42880,22288,28827,27324,11268,22082,14183,20746,27229,27947,20867,39926,28635,11164,20508,27455,28392,26858,f-5
19166,7298,17997,14593,17856,8661,20845,23623,21338,20504,35012,23916,24951,23608,7591,23126,17171,19293,18959,24862,19696,30093,20832,8529,16200,24133,20270,23965,f-50
11466,4240,12222,9420,11202,4511,12249,11522,12872,12319,18229,11196,13092,12315,4230,10793,7782,10540,11500,12320,10110,19467,12354,5136,11275,12388,11973,11615,f-6
13920,5122,13582,10930,13363,5607,14410,14001,15035,14079,21902,13121,15391,14458,4907,12954,9081,11946,13899,14973,11946,21286,14502,5938,12991,14645,14619,14157,f-7
13944,5037,13805,10516,13112,5851,14622,14227,15296,14148,22225,13426,15649,14789,5472,13043,9241,12130,14034,15213,11908,21862,14648,5578,12802,14815,14638,14404,f-8
23691,9650,18962,15310,19766,9882,23559,29747,24465,19959,39524,28932,29991,29420,9155,28435,20798,21076,23492,30491,21394,27771,23987,9764,18703,29817,24768,29606,f-9
25875,6758,18283,16634,24202,11344,26567,26613,27253,26237,42281,24784,28320,26995,11783,24848,16722,18291,25846,28103,19093,26240,26677,8964,17624,27308,26798,26885,g-0
19604,6168,15706,12378,18185,9432,20028,24142,21088,18704,35217,25732,26052,25107,9134,25068,20482,20355,19591,25150,20461,25264,20106,8037,14956,25323,20932,24332,g-1
19111,6024,16064,11280,15172,8145,19540,19026,19911,15335,26862,14532,19497,18880,7549,14805,9392,13704,19154,19753,14299,27869,19528,7006,16083,19005,19819,19253,g-10
21035,6769,18750,12927,16485,8384,21968,21434,22333,16797,29098,16212,22122,21377,7771,16797,11156,16546,21053,22306,17247,33304,21942,8198,18479,21502,21809,21651,g-11
20593,7803,21334,17019,18434,7631,20835,18502,21425,19051,27009,15785,19951,18701,6506,15540,11122,15741,20569,19753,15816,29370,20962,7507,20078,18781,21596,18630,g-12
17912,6445,19386,15908,15975,7043,18492,15650,18720,16453,22023,12838,17361,16038,5774,12468,8493,13502,17807,16880,13318,26652,18324,6348,17973,16108,18541,15956,g-13
20917,7817,21166,16961,18522,7859,21235,19135,21757,19292,27291,15987,20770,19529,6797,15764,11100,16201,20794,20419,16089,29632,21271,7593,19948,19643,21762,19314,g-14
26117,8383,20974,15837,22771,11829,27144,28774,27904,24565,45049,26287,29752,28867,10984,25900,18310,21868,26139,29794,21986,36003,27294,9882,20375,29065,27069,28931,g-15
23698,6336,17749,15389,21057,9197,24339,23030,24803,21605,37039,20423,24142,23460,8837,20242,13717,16336,23609,23609,16137,26404,24471,7430,17655,23630,24247,23043,g-16
27308,9631,21502,15470,23854,13402,28348,30182,28856,25053,48636,28607,32059,30779,11956,27697,19117,22937,27104,31448,22926,35463,28361,11532,21082,31529,28598,30825,g-17
18987,5793,19349,19220,18554,7474,20024,15984,19730,18616,27642,13944,17103,15283,5894,14351,8405,10964,18407,17604,12270,22461,19791,8004,19060,16118,19728,16684,g-18
18147,5185,17709,18585,19381,7297,19305,15988,19330,19501,29438,14664,16894,15265,5856,15450,8960,10852,17725,17804,12415,22138,19243,7785,17527,15997,18923,16543,g-19
18082,6920,15413,10605,15455,8243,18000,22095,18515,15274,29389,22285,24414,23347,6850,21107,19198,21083,17627,22909,21044,26434,17509,7920,14404,23912,19320,22667,g-2
18970,5417,18872,18515,18713,7370,19904,17373,20255,19700,29379,15389,18039,16762,6652,16482,9661,11780,18992,19077,13327,24221,20130,7873,18774,17015,19785,17592,g-20
19746,5196,18617,14919,19437,7269,20823,19013,21456,20331,30172,15195,19967,18966,5642,15707,11854,18298,19898,20086,18876,38862,20654,7014,17692,19078,20865,19396,g-21
20330,5588,19544,15789,20023,7900,21235,19316,21946,20557,30752,15939,20294,19248,6251,16724,12713,18718,20552,20505,19436,40332,21000,7219,19051,19239,21649,19743,g-22
19400,5001,19687,16378,18855,7011,20836,17967,21448,19773,27016,14531,19421,18372,5771,14813,11362,18178,19635,19048,18105,39266,20719,6961,18564,18479,20505,18385,g-23
8916,2738,8313,6895,9477,3938,9422,8874,10294,9681,13473,9247,9966,9355,3791,8894,7819,8824,9021,9627,9212,15162,9352,4037,8008,9401,9759,9082,g-24
12033,3249,12490,10338,13089,5093,12100,11983,13304,13355,18104,13496,13629,12843,5109,13006,13029,13364,12282,13138,13712,23787,11916,5128,12425,12852,13323,12337,g-25
10955,3043,11504,9697,11332,4541,11136,10961,12341,11882,15684,11422,11942,11449,4605,11297,11070,11301,11343,12081,12042,20517,11208,4881,11535,11367,12123,11076,g-26
32310,8549,24493,21905,28302,13708,32957,29734,33321,28961,43070,24113,30132,29210,12654,23937,15132,20244,32605,31342,20919,37162,33290,10677,25071,29680,33172,30216,g-27
33416,9080,26376,21404,27619,14079,34186,31356,34409,28699,42967,25994,32401,31275,13219,25241,16735,22251,33494,32986,23170,42755,34235,11577,26794,31839,34191,32038,g-28
35235,9853,28161,21394,27855,14621,36260,32756,36686,29166,43596,25957,33027,32228,13686,25449,16534,21821,35333,33999,22818,44999,36303,11896,28119,32373,35858,33019,g-29
19502,5001,14801,12667,17173,8697,20116,22146,20560,18244,30671,19261,22782,22313,7065,19143,14377,16755,19583,22969,17278,27432,20203,6524,14772,22440,20172,22307,g-3
20949,7948,22053,15504,16030,9475,22226,20866,22937,16837,22775,15571,22694,21534,7936,14994,10859,18872,21333,22438,18663,39399,22074,9942,21661,21462,22039,21422,g-30
24007,9074,25671,18653,18952,11017,25320,23808,26137,19722,26929,18327,25965,24585,9326,17988,13014,21029,24460,25637,20866,45669,25042,10950,25292,24361,25235,24461,g-31
25263,9793,26444,18819,19248,11609,26612,25373,27494,20032,27519,19298,27395,26077,10008,19384,14531,22463,25691,27164,22764,47934,26282,11648,26230,25802,26557,25926,g-32
22805,6491,17103,17344,23215,10217,23494,23516,24084,24258,38686,22443,23773,22865,9079,22210,14827,15913,22770,24725,17014,24811,23972,9073,17161,23294,23482,23550,g-33
22802,6669,18216,17085,23059,9808,23739,23950,24464,23569,38825,22475,24371,23414,8385,22461,15883,17284,22836,25297,18516,28380,24146,9576,18472,23869,23750,24146,g-34
26835,7853,19741,19012,26423,12690,27907,28315,28700,26868,44714,26375,28894,27976,11033,26450,18211,19735,27130,29985,21357,31031,28433,11286,20197,28576,28077,28809,g-35
24098,7800,20788,16565,23448,11069,24513,21941,24856,23306,38218,18857,23461,21571,9102,18986,11840,16283,23562,23557,17536,35960,24075,8891,21050,22268,25342,22688,g-36
20223,6522,17754,13945,18523,8555,20202,18560,20787,18919,29975,15097,19264,18247,7729,15435,10380,14186,20239,19633,14900,30868,20147,6986,18517,18306,21207,18796,g-37
23086,6762,20430,16339,21176,10058,23285,21693,23861,21526,33290,18058,22508,21449,9004,18327,12603,16874,23166,22907,17726,36203,23136,7764,21119,21501,24155,22058,g-38
28989,9861,24177,16996,23786,14243,29835,31931,30500,23301,39410,26064,33333,32227,12275,25409,20174,26475,28845,32768,27186,46345,29467,11880,24478,32296,30118,32233,g-39
21074,5763,16916,13902,18726,9998,21632,24200,22143,19622,34301,22108,24265,23791,8351,21991,15857,16957,21179,25072,17894,28475,21752,6900,16648,23886,21796,24342,g-4
22379,7725,20325,13339,18323,11435,23527,25125,24078,18031,30386,21751,27032,25942,9097,20626,16777,22226,22489,26031,22560,40204,23295,10269,20872,26006,23689,25585,g-40
27704,9897,24874,17318,22237,12847,28604,29449,29225,22102,34657,23396,30737,29812,10693,22382,18620,25402,27806,30310,26085,45636,28410,11808,25089,29843,28849,29782,g-41
22361,7107,19109,18101,21592,10498,22830,22683,23525,22463,33106,20202,24042,22775,9065,19887,13824,18053,22452,24099,18513,30528,22853,7862,18400,22787,23218,22865,g-42
24559,7897,20903,19054,22460,11049,25016,24663,25802,23449,34634,21451,26206,25058,9875,20941,14622,20003,24774,25860,20173,33242,25052,8898,20101,24970,25408,24698,g-43
27102,8647,22822,21506,25495,12696,27547,27851,28372,26298,39060,24734,29476,28205,11231,24015,16828,22103,27295,29333,22641,35802,27525,9781,22012,28208,27969,28032,g-44
19129,6575,19524,19489,19587,7539,19821,18526,20597,20240,33477,18736,18996,17784,6034,19266,11289,12939,18964,20342,13748,22030,20423,7851,18632,18278,19982,18558,g-45
26792,9241,23298,22823,25742,11175,27482,28050,28410,26318,44445,27849,28642,27243,9199,27853,17299,18333,26517,29850,19512,28165,28201,10849,22640,27955,27884,28065,g-46
25815,8731,22774,21425,23939,10952,26785,26403,27640,24640,41668,25430,27219,26134,9232,25658,15066,17040,25679,28197,18004,27398,27316,10314,22100,26645,26674,26532,g-47
16147,4713,14397,12086,14807,7144,16398,19207,16757,15121,26696,18133,19282,18720,5562,17993,14594,15027,16083,19937,16088,24678,16449,5603,14204,18851,16805,19317,g-5
21121,7157,22656,16304,18599,9073,22878,18795,23377,19873,26190,14122,20350,19057,6524,13900,9800,17376,21319,20157,16704,36173,22368,7779,20533,18968,22350,19445,g-6
20640,6879,22128,16274,19002,9392,22458,18944,23010,19665,27328,15309,20633,19159,6632,14597,10282,17203,20665,20407,16671,34117,22082,8380,20255,19343,21928,19655,g-7
20796,7010,21688,15688,18977,9220,21885,19492,22459,19588,27590,15614,21250,19961,7339,15532,11118,18381,21025,21012,17878,36256,21643,8403,20455,19991,22325,20127,g-8
20177,5965,17766,13109,16954,8370,20950,19773,21362,17177,29156,14985,19930,19180,7432,15551,9375,14091,20203,20676,14638,30078,20956,7135,17770,19300,20905,19977,g-9
26839,9090,23217,19665,21080,12349,27984,27125,28227,20323,28785,19870,27361,26744,9076,19261,15461,21116,26971,28172,22131,37035,28095,11937,23799,26992,27627,27497,h-0
28788,11032,24160,20336,23068,13277,29874,30730,30151,22138,32327,22770,30362,29651,9959,22511,18455,23794,28826,31890,25472,39590,29931,13305,24530,29946,29686,31100,h-1
17126,5946,16119,9893,13688,8161,19086,24437,20112,15666,26044,21919,26094,25588,7452,21039,20885,23606,17459,25385,24529,35063,19088,8435,15478,25497,18136,24718,h-10
18907,6715,17071,10884,15443,8921,20901,26907,21838,17414,29172,24911,28538,27891,7953,23713,23616,25447,19201,27995,26730,37155,20876,9168,16298,27999,20177,27345,h-11
31342,10850,29149,22728,26174,13691,32327,33816,33364,28017,43293,29783,35409,34496,13415,28816,21324,26245,31759,35604,26765,47220,32886,12934,28629,34918,32633,34240,h-12
27183,9071,25522,20924,22972,11515,27909,28534,28389,24162,37327,25371,29823,28827,10421,24285,18835,22549,27050,29789,22569,39060,27852,10431,24697,29158,28062,28893,h-13
30622,10052,25912,22737,27304,13489,31263,32143,31912,28651,45235,28824,32466,31726,12608,28387,20442,22790,30597,33361,23163,38105,31535,11083,25363,31926,31434,32164,h-14
19645,5090,16804,13216,17493,8390,20072,22103,20681,19169,33230,21213,22929,22370,8212,20962,16133,17673,19903,23120,18151,32226,20115,6571,16463,22407,20659,22425,h-15
20911,5622,17844,13807,18510,9186,21312,23168,21610,19826,36360,22585,24061,23110,8426,21891,15221,17040,20804,24232,17486,31616,21139,7043,17314,23523,21881,23738,h-16
21822,5564,18104,15028,19642,9155,22023,23783,22629,21307,37444,23124,24857,24167,8953,22681,16264,18319,21952,24776,18635,33044,22074,7007,17774,24250,22803,23997,h-17
14990,4880,13867,9454,13783,7650,16256,17055,16991,14542,27367,18028,18619,17637,5978,16972,11005,13281,14886,17890,12417,21212,16243,5474,13033,17627,15682,17166,h-18
17292,4726,14194,11181,16907,8764,18414,18422,19113,17692,32479,18799,19428,18498,7040,17944,10415,12823,17244,19347,12358,21525,18550,5716,13647,18584,17969,18526,h-19
32096,11967,25852,22081,26203,15711,33132,32882,33468,25421,37260,25086,32929,32186,12451,24284,18102,24099,32194,33881,25239,41052,33107,14197,25998,32320,32921,33212,h-2
14814,4902,14256,9319,13623,7195,15911,17198,16767,14659,28427,18669,18725,17666,5933,17169,10842,13512,14863,18280,12403,23827,15974,5525,13290,17735,15638,17457,h-20
19655,4359,15218,18955,22540,7560,20213,14731,20510,23225,30922,13845,15796,14756,6403,13558,7777,8996,19392,15519,9064,15425,20540,5482,14854,15110,19973,14717,h-21
17535,4142,13432,16977,20085,7147,18150,13623,18408,20877,28576,13288,14401,13513,5986,12882,7053,8145,17327,14440,8283,14644,18460,5160,13188,13799,17831,13618,h-22
21434,4954,16586,19612,24759,8520,22058,16606,22461,25755,36168,14991,17249,16201,7125,15014,8113,10151,21245,17767,10669,20266,22481,6253,15795,16499,21947,16564,h-23
19752,6749,18775,13378,17620,8766,20411,21523,21680,17612,31101,19826,22062,21313,8227,20243,14083,17102,19971,22643,18198,32986,20411,7651,19230,21163,21185,21628,h-24
18773,6889,18634,12529,15956,8329,19306,20028,20623,16499,27957,18174,20916,20217,8179,18700,13000,16151,19009,21295,17084,31225,19420,7939,18733,20070,20226,20163,h-25
15780,5503,13787,9714,14168,7550,15939,16937,17086,14259,25802,15887,17371,16785,7086,16081,10557,12805,15931,17791,13322,23328,15981,6095,14282,16675,17030,17038,h-26
27993,9936,28455,22894,21636,9034,29123,21603,29355,22733,24135,13525,23470,22125,9120,13985,9327,18811,28281,22962,19095,44979,28683,10364,28362,21856,28603,21992,h-27
26065,9296,25763,20998,20310,8285,27328,20136,27629,21904,23446,12295,22053,20770,8958,13270,8362,16615,26241,21391,16922,39526,26922,9890,25757,20527,26646,20421,h-28
28766,10364,28457,23007,22253,9366,29704,22799,30055,23392,26114,14661,24417,23176,9737,15530,10429,18701,29007,24152,19367,42841,29391,10694,28359,22986,29440,23100,h-29
15977,5421,17891,14617,14962,6970,17106,15136,17454,15776,20560,13346,16511,15344,6183,12855,8677,12483,16143,16312,12730,25247,17037,6991,17778,15364,16822,15459,h-3
28242,8988,25499,22535,24853,11738,28614,28579,29221,25233,35878,24071,29191,28380,9352,23436,18562,21895,28387,29947,22836,38029,28825,10358,25264,28713,29506,28894,h-30
29862,9879,25070,23141,26268,12584,30573,29503,31228,26660,37822,24687,29873,29091,10196,24314,17752,20819,30031,30969,21728,34623,31026,11324,25028,29677,31061,29954,h-31
28787,9372,24918,22243,24286,11640,29603,28349,30182,24939,34823,23143,29120,28400,9570,22685,17427,21224,29039,29775,22056,35321,29921,11290,24731,28822,30010,28761,h-32
17725,4097,14546,16610,20237,6737,18567,12416,18858,21032,25484,10593,13229,12421,4948,9881,5751,8850,17662,13270,8748,18356,18730,4689,14554,12586,18226,12495,h-33
20168,4964,16843,19549,21871,7591,21309,14108,21545,22506,26228,11691,15133,14122,5045,10991,7198,10477,20089,15063,10379,20983,21457,5696,16881,14328,20658,14238,h-34
16854,4371,14551,16587,19217,6583,17740,12018,18144,19855,24383,10385,13152,12166,4602,9599,5811,9058,16755,12879,8543,18350,17922,4743,14456,12320,17266,11994,h-35
18823,6754,16872,11282,14950,8854,19223,21834,19350,14997,25705,19626,23229,22179,7735,18970,16508,19249,18526,22705,19517,29852,18609,8255,16736,22700,19821,22669,h-36
15299,5869,13774,9792,12639,7313,15422,18461,15994,13029,22589,17048,18970,18444,6528,16833,14564,16209,15424,19345,16658,24518,15443,7104,14003,18532,16194,18704,h-37
21176,7642,18289,13055,16496,9421,21407,24273,22159,17332,28396,21373,25422,24823,9163,20820,17342,20483,21444,25307,20567,30233,21403,9234,17978,24880,22243,24627,h-38
30298,9762,25061,25169,29849,13875,30827,30667,31553,30386,48538,28821,31490,29906,11212,29086,20088,21566,30008,32139,23052,35889,31154,11530,25523,30492,31310,30680,h-39
19648,6622,22002,17601,17516,8733,21193,18346,21631,19040,23755,16033,20027,18718,7729,15205,10166,15149,19881,19832,15018,30314,21190,8638,21575,18649,20619,18744,h-4
31525,10199,25994,25630,31157,15270,32021,31202,32790,31932,49628,29601,32430,30833,13082,29572,20247,22362,31331,32908,23393,36162,32360,12031,26327,31282,32614,31311,h-40
27602,8910,24130,23848,27490,13451,28292,29149,29051,28373,46102,28644,30061,28540,11004,28780,20454,21362,27664,31187,22686,34520,28865,11214,24751,29293,28964,29521,h-41
19865,6847,21655,17353,17948,8425,20916,18375,21354,18855,23505,15650,19666,18453,7634,15270,11022,15014,20064,19833,15295,29406,20933,8604,21645,18447,20856,18738,h-5
41885,13567,34320,28745,35083,18638,42600,41470,43284,36493,55349,33722,42615,41314,17180,33378,22704,29635,42229,43281,30928,52659,42479,16360,34892,41253,43146,41901,h-6
44359,13938,36075,30207,36935,20651,45375,43561,46021,38461,57477,35593,45469,43942,18819,34634,23165,31217,44669,45392,32165,56327,45291,17222,36515,43937,45629,44063,h-7
39795,11622,32416,27417,33079,18128,40410,39877,41023,34540,51121,32907,41335,40124,16613,31780,22044,29518,40098,41477,30107,54061,40226,14342,32718,40030,40946,40397,h-8
24085,8378,21048,14792,19195,11098,26505,31151,27460,21382,33545,27024,32674,31945,9502,26108,24732,28892,24393,32387,30201,43652,26547,11323,19956,32075,25441,31557,h-9
