-1.72981587195,-5.59936871676,-0.807254793133,-0.251879295705,0.614958173928,-0.870232809197,0.286794791354,10_10
-4.17434011486,-7.02594446575,-0.916584245401,0.109950400049,0.335094103346,-2.80430609238,-1.07681833751,10_11
-0.0532214925741,-5.60044404971,-0.72211697626,0.406307913208,-0.0263751845978,0.855350827609,1.02867792719,10_110
-3.85013125757,-7.27014371611,0.359378664053,0.688780152634,0.714719136708,-1.79455558879,-0.305054839783,10_111
-3.75946160317,-6.61596920712,1.34928453849,-1.31890527582,1.91925872037,-1.55101224877,0.632072571687,10_112
-3.46777952874,-5.87904637151,-0.0741691314647,2.05495974357,0.512164053983,-1.88440086698,-1.14728246567,10_113
-5.61028979722,-5.4916347128,-0.292475931897,1.94747207294,-0.0554696571324,-0.584516156743,-1.49838388932,10_114
-3.72332413116,-6.03466693994,2.13959154875,1.59607250508,2.06151596254,-2.05724100725,1.43295441115,10_115
-2.88844577418,-6.25805859297,0.713854928676,0.385291953847,0.293991718202,-1.33530122648,0.793207008195,10_116
-1.18079458298,-3.05944680217,0.989098844123,0.56226602084,0.506001061293,0.330971615829,1.60857068179,10_117
-3.038005638,-4.5582883548,1.16393727341,-1.18361197768,2.03399673533,-1.57796891239,1.0226535932,10_118
-3.71724501077,-6.45543546179,2.28996819299,1.30649683126,0.52120144467,-2.29355000814,1.32176111159,10_119
-3.5471129384,-6.95949507959,0.701413581985,0.956362621927,-0.115239993548,-1.88814465966,-0.562279263682,10_12
-0.282190222364,-4.52514388845,0.37117539255,-0.197551993723,0.035996634638,-1.094371191,1.07752058729,10_120
-2.11981110954,-6.36409980799,-0.0129932587084,1.59134597428,-1.01247287057,-0.48201031653,-0.141097965212,10_121
-3.47539416716,-6.73068888363,0.84537800798,0.188942645477,-0.173160572695,-3.02583176006,-0.562382126004,10_122
-4.51629379234,-8.25332602474,0.320192287142,0.383869216302,1.38708961228,-3.15920748468,-0.630346533348,10_13
-2.55143725769,-7.72855686717,-0.28847514361,0.427172572222,0.250925871614,-3.68199149578,-0.629748798168,10_14
-4.19412680659,-8.38773977154,-0.415907286742,0.836270348803,1.41916172386,-2.74325286288,-1.0418713299,10_15
-2.47212350038,-6.99869873435,0.537319147544,-0.000550269912528,1.23197331546,-1.48181395341,0.472636328371,10_16
-2.87517546738,-5.31353370753,0.410333651579,0.117774506629,2.25120537145,1.12203102677,1.74352212799,10_17
-0.36526381322,-5.08145333452,-0.755687338147,0.883549540402,-2.45688767639,2.73964240859,0.501355740194,10_18
-0.669789885146,-4.88174423393,-0.507527480524,-1.2049742454,-1.367850984,-0.642255659549,0.91012148092,10_19
-3.86171114608,-5.66428212099,-1.07437014798,0.770016516188,-0.10195250543,-2.37136412545,0.195537712123,10_20
-3.51169354352,-6.53004569479,-0.825543054701,1.68332127977,0.612480011746,1.11046506547,0.0461331586579,10_21
-3.88706361053,-6.80127139819,-0.0546548833552,1.00282303102,-0.444733004919,-1.11894166129,-0.338793307551,10_210
-2.89607671205,-7.86863063534,1.41959920826,1.56354807654,0.0127120403453,-0.576911683604,1.0731560067,10_211
-4.89538416109,-8.67593151292,1.46139334902,3.44284076537,0.480099958128,0.00473592008954,-1.6094080694,10_212
-3.48172168277,-6.51705378493,2.37041508285,1.62859661826,2.05872725439,-0.769368499457,0.812129456477,10_213
-3.06836302422,-7.1005624735,-0.312057789048,0.232913319764,0.274941759833,0.470989446928,-0.306518122305,10_214
-2.58390940398,-8.60304074863,-0.0626953419103,2.39227291141,1.71303591144,0.88654659804,0.490663911638,10_215
-2.27002726687,-7.91759064398,0.66705511893,0.142578271724,-0.580497292454,-2.04928649214,0.715761114937,10_216
-3.35149772128,-8.77475850463,1.18668281263,1.35612111853,0.545993107552,-2.19778142821,0.569698900717,10_217
-1.48002440824,-6.97933630983,-1.05287593234,-1.62549643195,-0.973170037948,-1.03866780289,0.0883377105725,10_218
-0.743052259043,-6.91756702476,-0.857169656804,0.591343902827,-0.845204468592,-0.120348710729,0.599885522916,10_219
-4.09414850456,-7.11055862793,0.329484555568,-0.301636112105,1.15321101291,-1.0953331581,0.742664860437,10_22
-2.23599118729,-8.59080389543,0.0406203187779,0.377416368478,0.96085539783,-2.11335650895,-1.34244322433,10_220
-3.42909166539,-8.98241846161,0.994755509547,-0.615228128215,0.0846247065233,-3.80411043933,-0.280614787255,10_221
-4.50303636337,-7.6243671298,0.332292902842,2.95255073249,1.52365862381,-0.645261934561,-1.12291061313,10_23
-3.22711743271,-7.38388588385,-0.689741934059,2.90643196979,0.474322911852,0.503305327226,-0.91126759802,10_24
-2.99144418524,-7.79413668177,0.0990101001147,1.31436227058,0.376439044804,0.360586903383,0.342053296792,10_25
-3.68701789448,-7.380133268,-0.421540824771,1.46577270364,-0.538198811314,-0.370066941814,-0.0381576633267,10_26
-3.19628640734,-6.28193037933,-0.764672747483,2.96442721285,-0.142794506964,3.1285498885,1.31383160346,10_27
-3.19583486802,-7.16741309058,0.630237455504,1.49806090709,0.272721587921,-0.157465123198,-0.240009527771,10_28
-1.93859749016,-6.64698810027,0.0454117422165,-0.00601069337144,-0.649557785881,1.08463628447,0.572428001456,10_29
-2.39662032566,-1.77842251862,-0.985913505273,1.28976523329,0.631049244969,0.641274922134,-0.0419933144235,11_10
-3.79458103634,-0.812204216443,-0.539795001057,2.74081915031,-1.64221188783,0.0132539190514,-0.995402196284,11_11
-2.8715566412,-0.470571076039,0.239083288819,1.9288981957,-1.59710964257,-0.16490277914,-0.519236819083,11_110
-2.8695218593,-0.578832420955,-0.118917751405,2.45829077778,-0.683042891962,0.660491956972,-0.546176145499,11_111
-1.64158921497,-1.76500408585,0.857283568886,2.08240776264,-0.339297231985,1.39357067814,0.485038322768,11_112
-3.265232155,0.049160133059,-0.0598592248622,1.85331307463,-0.523735277682,0.585271237399,-0.122147878962,11_12
-2.39449996803,-0.431333849287,-0.305087698211,1.63263737494,-1.68541465449,0.446373174155,-0.734035411355,11_13
-2.41090089692,-0.346987091658,0.0612087893693,1.60652066695,-0.547861079631,0.491045873874,-0.551220729572,11_14
-2.42390463178,-1.3845957133,0.349288865264,2.04388163703,-0.41075552655,0.471065865057,0.107302991874,11_15
-3.02072551506,-1.65345291081,-0.582813026273,1.95963349353,0.0240189274368,-0.0029532772586,-1.421627133,11_16
-2.9347761267,-1.70848732525,0.0860481457385,1.69720252593,-0.131564553119,0.0757342705364,-1.27385018923,11_17
-2.23497930497,-2.42296390644,0.0984829716873,2.78882091348,0.524958734,0.232542198191,-1.87766380525,11_18
-2.92240736302,-1.15414028312,-0.136323830131,2.51042159531,-0.0228756666689,-0.0118497260304,-0.803354770259,11_19
-2.61260483233,-2.83691298652,-1.87472710176,-0.577473580601,1.05747356665,0.079907917697,-0.589839020386,11_20
-2.66486692309,-2.37421747827,-1.69988028195,0.346583067986,-0.313200239738,0.916826018956,-1.33831950599,11_21
-2.10766156338,-1.95414321563,-0.202318232166,0.916920811029,0.794046977043,-0.179425261584,-0.110444352401,11_210
-3.38876591311,-2.76735021834,-0.963476880144,1.5625087271,2.26578492446,-0.0127179328395,-0.402983602486,11_211
-1.96552338435,-2.9165246988,-0.661072732945,3.30471687983,-2.05897568657,-0.647627911945,-1.05378037685,11_212
-3.47483345013,-2.00432796997,-1.88770593539,1.50442822498,-1.55512249152,1.13917085589,-2.03591575639,11_213
-2.82271369498,-3.17909765069,-1.11174786832,1.193785818,0.107710478618,0.970776390533,-0.353988796345,11_22
-2.86269939861,-2.86045183192,-1.59624923386,1.96653036916,1.53233057786,0.855466358719,-1.0641821521,11_23
-2.53685974024,-1.35185272162,-1.61501159475,0.689625279916,-0.474141272774,-0.446422743908,-0.683018638262,11_24
-2.58683322319,-2.48747256197,-0.989867130361,2.88276829793,-0.755788932582,2.06209844801,-1.21826227895,11_25
-2.98405863307,-1.47458165039,-0.0870974352943,0.139950885225,-0.231722704495,0.35166915516,-0.652795333653,11_26
-2.62537373756,-2.98970653429,0.335945546151,1.52913157248,-0.316656139655,-0.246493044732,-0.50094699623,11_27
-4.05265739661,-2.53580298965,-1.2346213398,1.77020978593,0.0587294133725,-0.37711278479,-1.82116032894,11_28
-3.99203409852,-3.6761214747,-1.35325765016,3.19474795343,0.047683994757,-0.278355027442,-0.902456684482,11_29
-1.62850493964,-1.91231771681,-2.24566728881,0.990527301351,-1.17956214607,-1.43861908258,-0.87379704406,11_30
-2.47742593244,-1.28938465286,-1.4174415257,1.76240039402,-1.67432408242,0.0125480954811,-0.704957540655,11_31
-4.37994462601,-2.08708943144,-1.81977892784,4.39159906792,0.00282684664941,-1.65498089194,-2.71415804286,11_310
-2.05326586286,-2.82344700359,-0.557482137223,2.44903755165,1.25815982314,1.68548440004,0.496065873977,11_311
-3.08727055996,-1.6155585253,-1.02823563915,2.79517463879,-0.0249107327004,0.466240481728,-0.245944392879,11_312
-2.54267972628,-1.60444802909,-2.63511692011,1.9510307393,-0.91607067321,-0.372639120748,-1.71068997093,11_32
-2.11186486527,-1.33956246238,-1.22581786016,2.46297779105,-0.837466977503,-0.196658936163,0.472041428006,11_33
-2.23985087122,-2.09461754322,-1.30614072926,2.45967661773,-0.527254137979,1.39469543979,0.329617402347,11_34
-3.80093464837,-0.970840298653,-1.6415170694,2.70712806285,0.485899939567,0.107226418871,-1.31492386971,11_35
-2.38422348334,-1.11253176218,-0.697583350023,1.60809218231,-0.575957360527,1.03198730706,0.234319506068,11_36
-2.63691238627,-1.25070149382,-0.718544265621,3.20363122561,-0.548073599045,-0.13078017745,-0.873377235224,11_37
-3.11665607671,-3.07479563734,-1.50148583128,3.38856302314,0.0159346766811,-1.11426223831,-1.4586516197,11_38
-3.01921754825,-2.1851553224,-0.599383215753,4.11920272054,0.431696544509,0.795347973977,-0.103031240892,11_39
-2.79919771643,-0.752172866216,-0.147143673351,-0.401277607785,0.639990027644,1.81252995309,0.617194228183,11_40
-2.36791724507,-0.807873771322,-0.654885520394,1.91679345954,-1.42988080132,0.0557333171141,-0.937174147665,11_41
-2.71293094391,-0.384685117057,-0.134596255055,2.36810773387,0.0984681545191,1.06568988694,0.0481391298035,11_410
-4.4099347746,-0.705751234309,-1.15405083259,3.12848586369,-0.767570360944,0.146536366111,-1.25223077658,11_411
-1.86104150651,-1.57448536696,-0.403280154123,1.05296040704,-0.217408280903,0.274586981009,0.382169564678,11_42
-3.78385644308,-0.597159015507,0.449306797857,2.7355561305,-1.35580452631,1.62141560378,0.331470611148,11_43
-2.82746426637,-0.78292690777,-1.02342754494,1.94016512583,-0.242584902203,0.766399358181,-0.532191703535,11_44
-2.75237190619,0.151106377144,0.0573077093543,1.57856878495,-0.252935881981,1.79395110394,-0.128276743433,11_45
-2.29591012611,-1.94399674101,0.369775991812,2.77787624125,-0.232938540145,1.39687887281,0.0347992203025,11_46
-1.87585132032,-2.82966762909,-0.857897103708,2.91352439699,0.515886340826,-0.608010416835,-1.29419372735,11_47
-2.64875398297,-1.11453742268,-0.128542829151,3.0609326375,-0.13414720657,1.1098784956,-0.303979000176,11_48
-2.13106884781,-0.910004462806,-0.304273413512,1.53191317949,0.363656526915,-0.236692951179,-0.0604234810086,11_49
-2.22325747493,-3.03292318339,-2.18747238635,0.761867583602,0.881883626897,-0.300224855005,-0.215904483999,11_50
-3.3271734919,-1.57628524799,-2.69050530875,-0.609599631228,-0.0190960428779,-2.08120943813,-1.64167416185,11_51
-1.75429630691,-4.00694298822,-2.16420356215,0.865098590688,-0.984006688394,-0.2017159668,-0.0619857292604,11_510
-4.00961825384,-3.16192360042,-1.24429840454,2.74026185086,0.601620669636,0.279618945533,-0.148598500559,11_511
-3.55821882031,-2.81034369012,-1.50681167015,1.8306607733,-0.507102055139,-0.244338920602,-0.651778515293,11_512
-3.66674040576,-2.43935093551,-1.74491259933,1.8986745381,-0.466527811797,0.925468987548,0.401297184908,11_52
-2.17821451669,-2.77217438861,-1.17987290305,0.437044037235,-0.471879283408,-1.03521216844,-0.349549186723,11_53
-3.07841729907,-2.0785682697,-2.20347568874,1.32247996324,0.295788583736,-0.427873776388,-1.10591005722,11_54
-2.72803366042,-3.59446409727,-1.85012992179,1.70021404998,0.946763881882,0.895561225242,0.0300223464884,11_55
-3.5700414012,-2.60617166666,-2.21746391314,1.25547843878,0.827164071349,-0.511318948907,-1.08463024462,11_56
-3.93249121782,-3.19429474301,-1.07306369592,3.20720658582,0.92847193243,0.341592087699,0.10157742005,11_57
-2.95709041117,-4.31151520275,-2.04507300562,1.95553226202,0.30684610144,-2.57138854477,-2.04954632771,11_58
-3.91359107423,-1.20809149693,-1.57514226344,0.873771742085,-0.332099146367,-0.648811699013,-0.939545716123,11_59
-0.464494572953,0.283304689859,1.88197042328,-0.237204652832,0.152337394266,0.191186230606,1.40054272604,12_10
0.605638962276,0.164902395093,1.45752927142,-0.077967649904,-1.20238221247,0.734080930785,-0.335883815846,12_11
0.0138333838751,-2.53168214731,0.93036210591,1.54502024704,-1.98030526245,-1.98464174764,-0.122565696664,12_110
-1.62162812669,-1.74141536241,2.69526122954,0.719272275644,-0.235009128821,-0.764104935214,2.06053153971,12_111
-2.02920401487,-0.485601457501,0.524521022665,1.12053471266,0.10749882663,-0.815822062604,0.945523459677,12_112
-0.769049038404,-1.80435382764,0.245649166697,0.522420889595,-1.4541122025,-0.187271117476,-0.171105246558,12_113
-0.576569555562,-0.24522608549,0.298044174498,0.180048865241,0.803059047165,-0.096312650472,0.245715977787,12_114
-0.31839951393,0.773535817434,-0.541454711243,0.288040347707,0.422067128009,-0.0674684041251,-0.686640081653,12_115
-0.518604336461,0.198439065,-0.532793496854,-0.495493928156,-0.0614529781257,-1.07012371765,0.314077755566,12_116
0.345119051341,0.53376130865,0.58667437439,0.621774453006,-0.308183386581,-0.680332380554,0.196772286218,12_12
-0.229555556466,-0.780163682229,1.4066246698,0.920530051236,-0.534203504681,-0.595220876617,0.246360631546,12_13
-0.836368743211,-0.106370524979,-0.475709106741,1.25555647262,-2.04380460669,-0.974610586484,-0.787969204488,12_14
-0.453485030048,1.19731196837,0.771960837678,1.38472272469,-1.28888293754,-1.64636556159,1.55935181872,12_15
-0.107013254698,0.300912492693,0.303584775722,1.06296199126,-1.2188681922,-0.649077366104,0.265463185219,12_16
0.318968457664,-0.0209750687353,1.74096436873,0.133569546206,0.732025253647,0.314449072826,0.463602439767,12_17
0.223633337335,-1.1064703419,-0.029839360769,0.591812346703,-3.25936665809,0.135797768035,-0.381242897698,12_18
-0.41353555041,0.530293488858,2.22698982748,-0.236891969866,-1.71420559757,-1.46617752657,0.680468148916,12_19
1.07416569759,0.206315164144,-0.334279188903,-0.0294975876708,0.953792908246,0.0303684064774,0.904791784009,12_20
0.38529546164,0.913242462136,0.368110013859,0.966193140073,-0.541708913866,0.0564462280263,2.69283128951,12_21
0.0291074471082,0.047285286444,-0.444979198497,0.317954991172,-1.88891314887,0.0861960099759,0.809116934973,12_210
-0.704902841984,-1.94310691613,-0.58104289182,1.20959651172,0.529082909123,0.36351574767,0.274247118255,12_211
-0.468446858164,0.776319847991,0.108677256614,0.17080657069,0.839736975379,-1.11383830955,-0.232396553025,12_212
0.895591953731,0.462207459685,-0.269506957713,0.743900280169,-0.803783192644,0.344555785119,-0.0173254373788,12_213
-0.164386181234,0.226798639512,0.349379268468,0.2630089381,0.370959366767,-0.664668324811,1.30332789582,12_214
-0.41190501315,0.973748563321,1.06499830603,0.548132553736,0.0928202335473,0.468501774188,1.5503845495,12_215
-0.00871223153175,-0.338099561292,0.443681312095,0.836862086234,0.11229552381,-0.5721119096,1.79384261651,12_216
-0.241342785045,0.480409827341,-0.174092268915,-0.902297074065,0.597658191178,0.916961325448,0.446621297436,12_217
0.514155633656,-0.361416251561,-0.152162479218,-0.0354736638884,-1.46268116278,2.41896671332,1.76566385651,12_218
0.869413170364,-0.501803266029,-0.578476058988,0.923444921662,-1.21117225481,-0.0285630007553,0.917917942864,12_219
-0.221973440851,0.605205073154,-0.717847721177,-0.210343088275,-0.982241662764,0.66422737091,-0.0230906706396,12_22
-0.179495438827,-0.912797615585,0.229824891799,-2.26110626668,2.20690770673,0.472493481417,0.262352296151,12_220
-0.588432191594,-0.339639528797,-0.257015535565,0.428011416808,0.386733238552,-0.782291269186,1.20127187286,12_221
-0.128180538595,-0.775215283716,0.0670587546487,1.24008302032,-0.445416102989,-0.440187275482,0.594722596276,12_23
0.476590745915,-1.12601067408,-0.417835423795,0.709498126337,-0.0310352837798,-0.540709984146,0.937188438733,12_24
1.39187737108,-0.963259339643,0.870572918193,-0.231203807939,-1.6806197735,-0.00611466825082,-0.783126647271,12_25
0.18834195119,-0.851441989812,-0.1862738195,0.0678700756857,0.0630192978097,-0.351874187507,0.464538438197,12_26
0.62765162364,1.91580017206,-1.27914369598,-0.381497064242,-1.51187838718,1.32343140171,-0.882316166644,12_27
0.466120615718,0.277263786087,-2.07677311415,-0.491253697957,0.755052546965,-0.553439901052,0.228038458753,12_28
-0.0595423235905,-0.0119356032697,0.0315461351077,-0.19990189489,-0.460668252138,-0.269449573631,0.474937987267,12_29
-0.585970795067,-0.0439827968364,0.597305652705,-1.36801124106,-0.066676127608,-0.402980604408,-0.488245330275,12_30
0.216847577861,0.974101387402,1.30850927822,-0.598357977802,-1.34036407677,0.881685070533,0.854109941378,12_31
0.382261052889,-0.00816496608184,0.0574083696283,-0.767039363263,-1.51508580303,0.382105480266,-1.61104395529,12_310
-0.286005815628,-1.146309253,0.958675729266,-0.246168965927,0.298950301367,-1.00725497459,-0.104875901805,12_311
0.758244031948,-0.145922857346,1.59557256928,-0.294402927012,-0.369929613269,0.648016113025,0.580883278482,12_312
-1.17504431552,-0.613333903526,0.0297039085015,1.54797626376,-1.81957029864,-2.04942412767,-0.366976516021,12_313
-0.868415738028,0.907490040848,0.0810406414587,-0.881170825502,-1.38772043711,-0.0463575633951,0.197242406719,12_314
-1.83212166681,0.101576128234,-0.792766592657,-0.704731472602,0.799588597183,0.248316190983,0.180237486572,12_315
-1.04420630384,0.185164536892,-0.258150431097,-0.439049242084,-1.97907639385,0.419837641482,0.158802769691,12_316
-0.604590951055,0.724374193121,-1.22030377594,-1.89862708288,1.74006345909,-0.449674566403,-0.72594405241,12_317
-0.300842838526,0.895872401134,0.614803800449,-1.6194196463,0.0181014760802,-0.389785031461,-0.75798630799,12_32
-0.257637388409,-1.1724086518,-0.244429927691,1.54521214901,-0.743521376004,0.305113107351,0.0828592778408,12_33
-0.368134183683,-0.0113453410152,-0.0896917184755,0.369239923425,-0.877511319786,0.500487429618,-0.200962237522,12_34
-0.178472486312,-0.794831967291,-1.92438656006,0.946347060973,-0.730983647979,-0.576141738585,-0.180725224904,12_35
-0.924981897014,-0.518444108852,0.873206042285,-0.775294297288,-0.677155881353,-0.601222330703,-0.355377216609,12_36
-0.349842701384,-0.988229775814,0.315837606964,-0.815301892615,-0.270593581306,-0.521069833446,0.732837271042,12_37
-0.531128739415,0.60813978347,0.393775117388,0.897427212511,-1.12085347601,-1.03344990444,-0.528928350792,12_38
0.434062906079,-1.88883363254,-0.103176033797,0.652773586051,-0.245335725955,-1.43252083354,0.13789615806,12_39
-0.0134150233804,-1.06211625557,1.45152370097,1.09071329965,-0.706474314272,-1.22751864911,1.46464079236,12_40
-1.15891648879,0.154130510954,0.788656289095,0.227642198289,-0.812859814194,-0.657556894239,0.304447066097,12_41
0.574723980131,1.8937449725,1.00696755444,0.307694088609,-1.53519300872,1.09431876289,0.191353413238,12_410
1.70911315539,0.0240629353504,0.616209221149,-0.195041373803,-0.781773854353,-0.283216929427,0.0512850660863,12_411
0.0595265274213,-0.323727919052,0.982595116914,1.31414139303,-0.783213628496,-1.04667072136,1.60903225693,12_412
0.349092038861,1.43946552505,1.1313685368,-0.0384457353473,-1.1866563055,-0.194795635887,-0.155029512696,12_413
-0.316061788123,1.00617352144,0.369095341303,0.500472314738,-0.610449042487,-0.0724691839782,0.0608622880135,12_414
-0.211160381322,1.94185556774,0.699165329296,0.607973411782,-1.26674298062,-0.717346766919,0.0832778326006,12_415
0.668826218276,-0.249365122961,1.02322478951,0.515757953447,0.0132192872809,0.0719367972419,0.538258158129,12_416
0.11875641453,1.97438182992,0.855521005264,-0.275235217623,-1.83114517411,-0.16380642238,-0.791180882488,12_417
-0.388886381531,1.210649234,0.413404908317,0.88228270917,-0.221434445767,-0.453662611742,2.28358895522,12_418
0.951190605699,2.25079203946,0.110612325374,-0.220175096962,-0.101763110112,0.632982232361,-0.892696154953,12_419
0.0581801698248,-0.358373837868,2.02723412095,-0.592091759786,-1.71907807009,-0.373690177925,2.24361630638,12_42
0.408035059716,-0.229056579525,0.0312132000565,0.307653881474,-0.856774038916,-1.00690223585,-0.177178070088,12_420
0.165290458185,-0.872241955689,1.12155775987,0.872716943049,-0.608109470527,-0.0406585743202,1.11556018002,12_43
0.4841432859,-1.52254586844,1.01559654898,-0.0107244789809,0.0072976746577,-0.969658717853,-0.0175530535133,12_44
1.73800715613,-0.176095609577,0.26450820899,1.36783191245,-1.33950597786,-1.48971654449,-0.162696336519,12_45
0.5678108481,0.238181564259,-1.13263410538,0.364586133787,-0.193705520623,0.336720674372,-0.445875340988,12_46
0.785601575482,2.12359945188,-1.48290667845,1.05482361965,-1.43729041329,1.18707436253,-0.221457262226,12_47
1.74660287064,1.05137421786,-1.0121358347,0.133591445155,-0.509577279497,0.380005627691,-0.737745191532,12_48
0.443676410638,1.00482861744,-0.474382844165,0.697126454587,-0.772218907671,0.221395420655,0.465519848464,12_49
-0.63936617474,-2.13230403436,0.928802671053,-2.20063724853,-1.67654566275,0.991876337093,2.59321819943,13_10
-1.47555496272,-3.27538960156,1.39716880009,-0.912743140321,-1.27221864177,1.35918250468,1.01818355197,13_11
0.548428898141,-3.60533792269,2.0871085369,-2.30434896647,-0.835734161566,1.37619874262,1.46040337956,13_110
-0.731187963482,-3.14927038422,1.26396193303,0.052638693054,-0.927378941089,3.80412325947,1.54240514638,13_111
-0.364706524563,-3.70281801448,1.82699159389,-0.176937047317,-2.01913044596,2.00126985247,1.00406083942,13_112
-1.1641438797,-3.45884379697,0.965303606043,-1.1343149295,-1.0270082965,1.78163913875,1.69654055411,13_12
-0.865847538532,-3.87317825151,1.43816947606,-1.40802376324,-0.697416406451,1.69375033048,2.24691625035,13_13
-0.482083257429,-3.2020895235,0.571562963657,0.940614342063,-1.0938037797,0.563865156876,0.078078922926,13_14
-1.05863906011,-3.5124196886,2.14597821982,0.119252686421,-1.09126341265,0.94088736226,1.78317908955,13_15
-1.77555407518,-3.80781689678,1.33590746672,0.0459084144055,-1.64243989586,2.46279690349,2.18776276184,13_16
-1.44490747543,-3.2902654053,2.57530658716,-0.949010664016,-1.98846801198,0.963386347747,3.45060689514,13_17
-1.15963592669,-3.54125413236,1.84541863291,-0.703974797579,-1.45425846432,1.5936307836,2.36672266524,13_18
-0.285490805064,-3.28137375316,1.27920151838,-0.830676537484,-2.63919504252,1.24166244266,1.78437107444,13_19
-1.54193516187,-3.95597799519,0.509492807845,-1.1008236582,-0.240723600293,0.719570511037,0.349364152534,13_20
-1.39032565001,-4.11816068079,1.47972836505,-0.442281822584,-1.69315227815,0.487691449493,0.672368125846,13_21
-1.22924149624,-4.65611318532,-0.390472469018,0.48713374251,-0.371995874975,0.349526375947,0.178160686612,13_210
-0.36255295947,-4.1941218561,0.940034683493,-1.13936382914,-2.25035818297,0.353242856382,1.83522380458,13_211
-0.994942668533,-4.28057535972,0.861434394082,-0.708999075829,-0.647892934435,2.93599448351,0.885481176616,13_212
-1.33386619125,-5.16662306531,0.38091101697,-2.22537733845,-1.38421066506,0.560650450363,1.24888349295,13_213
-1.24298314871,-4.12695010197,1.37395132358,-1.71563957995,-1.15640121932,1.72516351154,1.98220474558,13_214
-0.987857493733,-3.50848789577,0.760898117987,-0.243815583212,-1.49989674804,1.20981228547,1.25666854556,13_22
-1.34314395133,-5.07607999157,1.30370300535,-0.19518780951,-1.20779345947,1.04588324465,1.42878011887,13_23
-0.711903887558,-3.6575325128,1.34560463507,-0.998926099877,-0.95513744309,0.179177850808,1.68633423227,13_24
-1.03422338225,-4.00278705259,1.32085768111,-0.603484674758,-2.67640336612,0.0101712514609,1.02668366839,13_25
-2.48558380815,-4.27639550148,2.17205589879,0.551763626449,0.256763661716,0.511914969031,2.12098523473,13_26
-1.1544059469,-3.82259594906,1.42121723493,-1.75180832398,-2.28375719348,0.936433708547,2.5168864001,13_27
-1.28333381027,-4.96881042055,1.5213136877,0.251181157306,-1.2612256927,-1.39675033705,1.55747209874,13_28
-0.830403770761,-4.51802474002,1.63963834783,0.0780070915179,-1.35083066995,-0.980631151781,0.913268897749,13_29
-1.06339739885,-5.24587385502,1.30556414305,-2.0669537298,-1.78816669878,-0.603347330064,0.957117705176,13_30
-1.77914540269,-4.44206512695,1.54820973208,-1.47406678906,-1.27280761376,0.576276313305,0.686926323484,13_31
-1.49958123752,-5.40322202294,1.15254838817,-1.44757697254,-1.03988782797,0.16869440444,1.49436713805,13_310
-0.373289183865,-4.7319633275,0.405449119712,0.149462948994,-1.69340330975,2.30544077504,1.04815456987,13_311
-1.65575782807,-6.44171379087,1.50068174054,-2.54838564499,-1.6656918415,-1.32036822245,1.5025955418,13_312
-1.58562233291,-4.52359257682,0.695812989052,-1.20331089582,-1.46772213145,0.368337232629,1.10944040359,13_32
-0.96288328475,-4.34308817385,1.59832036006,-2.49453852866,-0.737993105875,-0.150948683695,0.449331784597,13_33
-1.45464350212,-5.30853857159,2.01415068816,-0.190879647475,-1.53722288747,0.912257954883,2.10724364016,13_34
-0.843854873488,-3.797521903,1.2842314921,-1.15336898096,-2.70355235148,-0.203332742599,1.34318883572,13_35
-1.71250831662,-5.28169526209,0.72585478024,1.02323427297,-1.58751712862,-0.601909790968,0.915960219165,13_36
-2.16939499857,-4.99052121156,1.92473537865,-1.06652650629,-0.293026665124,1.13416371937,2.09488027746,13_37
-1.8099581685,-4.70333665271,0.435042152751,0.483212261687,-1.59291494014,-0.398339153368,1.03026438252,13_38
-1.73833281724,-3.07952799937,1.06537095667,-1.02679308267,-2.76360607396,-0.239357936959,0.717970301933,13_39
1.33736538586,-1.27667941894,3.25962561246,0.456264828137,0.559942130818,0.842103803647,-1.17472198649,13_40
0.178028862135,-0.484623046005,4.50811702075,1.27330229453,-0.153097978399,-0.355959000456,-0.160311367965,13_41
0.77627585364,-2.13767127856,3.32877907783,0.725424115607,-0.385055784662,2.18457256119,-0.931075547861,13_410
0.169178410168,-3.48438248746,3.58351422782,1.11058341325,1.07446400882,-0.814284367706,-1.54174474811,13_411
0.28788304104,-2.41665228327,4.0535190565,1.30202545167,0.306814624076,0.194331571329,-0.709588221769,13_412
0.353593235506,-2.17713269806,3.32392153347,1.09415687168,-0.109094614112,-0.182717070838,-1.66743104882,13_413
1.18496776553,-2.49420904935,4.83190861269,0.20449192238,0.81156513416,2.89289317643,0.7536692711,13_414
1.73363416902,-2.3371965497,4.46803509173,0.161902319093,0.683464670717,0.33642872919,-0.769244328522,13_415
1.40341526892,-1.83205366728,4.53551279851,-0.156034747554,0.404504673846,1.61746579722,-1.02402125453,13_416
0.581118922245,-1.4423004537,3.94687117337,-0.371643092818,-0.44622990333,0.112671707667,-0.246950524165,13_417
0.533229570394,-1.49755403986,4.0775954521,1.62784528341,0.573001381937,0.492730885941,-0.25234365513,13_42
0.86093053482,-2.87910241253,3.69869850954,0.257558712514,0.474068737899,1.25346512476,-1.33133197132,13_43
0.778797168307,-2.91346410781,3.74406137388,0.941559514742,-0.453859638559,1.14486746416,-0.0560285123587,13_44
0.893001664048,-1.35635784444,3.79355161687,0.484621126098,0.141208034557,0.421382630381,-1.42095649955,13_45
1.32584178054,-2.55490871349,4.37132183651,0.193841432078,0.735849202689,0.934730543227,-1.40101279044,13_46
1.58470143483,-1.80512475708,3.94049820129,-0.117991046002,-0.228472111631,0.684796653543,-0.510580670245,13_47
1.55434933656,-1.45448063124,4.54841275858,0.510374178779,0.651250125468,0.832832549641,0.56631045299,13_48
0.407898303993,-3.45445450783,4.06976342372,0.508602240975,0.344744519004,1.88546169879,0.327754920442,13_49
0.780353284258,-1.75231465288,3.88144968883,0.76934201091,0.390430667345,1.77091228488,-0.873224039988,13_50
0.0854076684111,-2.76704599175,3.55426218813,1.69161369855,-0.002934431226,1.2466653839,-0.991029784817,13_51
-0.0319265535848,-3.35161149494,2.98498832532,1.73092606187,1.11386367775,0.39173856556,-1.76678487431,13_510
0.0280714763439,-2.76315790408,4.04880674077,0.254653612879,1.7716659198,0.293960268444,-2.11225177392,13_511
0.124668729404,-3.63499117997,3.3706589915,0.294926346928,1.78700323564,1.42925627387,-1.56060444111,13_512
0.635752542417,-3.1856305435,3.2539462817,0.771954858162,2.00134358984,0.623972811034,-3.21627967747,13_513
-0.116575666739,-1.92459813899,3.29175542304,1.72260966589,1.04240437387,2.33031153808,-1.7783594741,13_514
-0.247697674557,-1.78277480596,3.20753187147,1.84852376868,0.186105118558,2.36297970914,-1.62962550539,13_515
0.539907778082,-3.19802974969,3.45511270224,1.04097024565,0.554150540484,1.40508767941,-1.56667743874,13_52
0.369510307091,-3.42256493839,3.25959982295,0.15004003064,1.3227273614,1.7431274618,-1.68733088418,13_53
0.373012114879,-2.78987464549,3.31251415099,0.179392114206,0.980596665076,0.567851649241,-1.42088901864,13_54
0.0991102743154,-3.05029817498,3.17311856009,2.14991333407,0.747083155838,2.12818841846,-1.81295454666,13_55
0.118272068753,-2.70090477649,4.16080023412,1.23042676362,1.04297845883,1.50589335532,-1.10784260223,13_56
-0.194715808417,-2.78837644946,3.51699902832,2.16061345858,0.0531809346706,1.61924229569,-1.00135604216,13_57
0.254318611135,-2.8778237572,3.30863657433,1.39743193489,1.44467147393,2.24731497685,-0.983653959103,13_58
0.305977424405,-3.007259925,3.26623482245,2.51660498336,0.511291127261,1.99463596088,-0.991381218619,13_59
-2.14156685428,-0.799801198667,-0.435154350755,-3.60969248862,-1.50053654808,-0.428301971193,-0.134079496124,1_10
-2.98386879351,-0.313096427153,-0.947981695139,-2.79302860946,-1.62958403548,-0.472482593258,0.0245667793839,1_11
-1.51458706624,-0.578481806321,-0.286149907309,-1.65023923482,-0.527120061641,-0.299302046745,0.375426732215,1_110
-1.74044105954,0.0224386827252,0.165897438482,-0.524816276071,-0.552694498214,-0.736729480959,-0.747566362323,1_111
-2.17434849008,0.845030072293,-0.277139248219,-0.668678345307,-0.456357718966,0.314194551896,-0.248171053524,1_112
0.190385202705,-0.325251456936,-0.0462283415247,-1.24597780411,0.121314951863,0.472206682465,0.189345110461,1_113
-1.32927890814,-1.04260940736,0.531270125365,-0.703995901112,-0.756079946191,1.5528714448,-0.542035400148,1_114
-1.90039062291,0.0665303738366,-0.0147174661274,1.0424483104,-0.792154122067,0.406832164955,-0.671053066578,1_115
-2.2503680873,0.406887632608,0.587419112483,-1.43952463432,0.00777720221645,0.17262731064,0.760473576942,1_116
-1.24545048013,-1.30449969711,-0.41520437072,-1.43209978275,-1.4856046198,-0.179950724944,0.540853395082,1_12
-1.29650475733,-2.71039552255,-0.000176320787379,-1.33642169478,-0.24328613796,-0.959763222883,-0.0699538959741,1_13
-2.67531774115,-0.97067649238,-0.41019948214,-1.23335613119,1.0903351361,0.960612806658,-1.00703493822,1_14
-2.07308272739,-2.16158104877,-0.625073763939,-0.790436491372,-0.435489955665,1.29218322827,0.729763851132,1_15
-1.55395493942,1.21386091266,0.286040267039,-2.07194918453,0.0618496733713,0.238192701867,0.637319055979,1_16
-2.35407615513,-0.856135034721,-0.138371127355,0.664449190949,-0.868852558496,0.838764194005,1.07990876175,1_17
-2.21218259553,-1.63266921701,-0.41660945386,1.06044135628,-2.11809989967,0.464169110685,0.895865757211,1_18
-3.19067098085,-0.816803901011,0.0480700205383,-1.09400992413,-0.269777621395,0.57479224066,0.180687993693,1_19
-0.574001692417,0.613238818604,0.694921819299,-1.97269223429,-0.199009676803,-0.70062491284,-0.908802612633,1_20
-2.03563033858,-0.544472300731,0.0688017395656,-0.768349575196,-1.50287956397,0.893809446068,-0.206223936752,1_21
-1.03028070503,0.472157878209,0.422898208928,0.451601210794,-0.18429946321,0.228108425794,-1.0601029102,1_210
-2.40814403466,-0.382215734321,0.817815279702,-0.511671665713,0.666320864647,-0.851036593501,0.298585277189,1_211
-2.83555344505,-0.824126888164,-0.390810729597,-0.261435300231,-1.27534060477,0.617105843095,0.383426186144,1_212
-3.3725131719,-0.457037194129,-0.0623285614479,0.809878715198,-1.56958727532,1.12416915501,-0.016252184209,1_213
-1.7904325894,-1.2405121899,-0.339828061679,0.748753382876,-1.57835445624,1.29257459641,-0.38966313533,1_214
-2.05575252211,-0.152474666142,-0.39181981575,-0.45821441635,-2.06964887147,0.394205711348,-0.0974235800531,1_22
-1.42891800689,-1.36221827658,-0.652028261086,-0.220689598976,-0.565054941973,-0.161477843098,-0.35877303458,1_23
-1.68409677995,-0.91832707214,-0.65457497262,-0.488289018447,-0.427964526793,1.75205867605,-0.683187685433,1_24
-1.62714571842,0.745490298929,0.588725264792,-0.635668926454,-0.205359524233,0.0682891853264,0.426019362678,1_25
-1.92914492591,-0.473274062891,0.132612582527,-0.273642901299,-1.20042641403,-0.31638903749,-0.967930638564,1_26
-1.92874784399,-1.31137445182,-1.0421307481,0.0340295335188,-0.0347259128859,-0.0612039095755,0.271391265748,1_27
-1.84238601441,1.39982139203,-0.37633707431,-0.746246313439,-0.32983923944,0.445349033501,0.640896083061,1_28
-1.72579169672,0.572877878031,0.732753692986,-1.69430393974,-0.703690831429,-0.232670565101,0.0796789530202,1_29
-1.34166797845,-0.0334930232196,0.260575426665,-0.277019337577,-2.495970895,-0.417755834134,-0.602316391799,1_30
-1.34869459313,-0.70377608095,-0.862156402303,-0.899108206486,-1.31290133773,-0.249707433465,0.38116712156,1_31
-2.25686093951,-0.0492997101457,-0.104134859958,-2.43064530099,-0.386649558338,-0.970047805077,0.432682925393,1_310
-0.301834770646,-0.639495305681,-0.977290413474,-1.60531780343,0.402276968927,-0.932297539685,-0.282321123134,1_311
-2.16033455962,0.266527488417,-0.159727029148,0.537738567208,-0.534690258552,-0.114742643459,-0.283111170346,1_312
-1.86529635284,-1.05774897491,-0.968558489463,0.182879470383,-1.00750338152,-0.584880596949,-0.374032047972,1_313
-1.86184228345,-0.548992271119,-0.610410427684,-1.02753045769,-0.466239299306,-0.156466822374,1.11168766785,1_314
-1.13192353931,-0.794663528211,-0.550219153546,-1.76899830239,-0.435202851375,1.32449949372,-0.0632461389018,1_32
-2.14314612218,-2.57091091301,-0.341658183291,-0.438361019123,-1.22207186283,-0.389172220523,0.426878326006,1_33
-2.38474457255,-1.02040648275,0.256274729391,-0.123034606075,-0.740320932083,0.663368847894,-0.00394097985556,1_34
-1.7846301178,-1.39775494019,-1.65258526993,1.01627220655,-0.517466684553,1.2244822183,0.108509511686,1_35
-2.2583196576,-0.97169794164,-0.602247705458,0.621489621737,-0.698722806379,0.29164238357,0.478416694729,1_36
-2.9136443837,-0.953354042625,-1.12743182127,-1.09753632985,0.452658367894,1.60827426367,0.259288720158,1_37
-2.12831922383,-2.58753006058,-0.56968107322,0.247253008496,0.382693141479,-0.263761973731,0.247617513768,1_38
-2.99296706468,-1.09039388158,-0.816705159552,-1.32729154534,0.668496863383,-0.107511841841,-0.538853237609,1_39
-0.710142644741,1.42402067421,0.0651187338692,-1.76191827757,-0.442083959618,-1.48837378917,-1.99672703985,1_40
-1.303027718,2.24319325092,0.143350655881,-0.0662523838075,-2.30054601422,-0.629358526106,0.398950243552,1_41
-1.77996246687,0.327096746896,0.279664735078,0.513633733205,-1.47783241706,-0.334979278698,0.0507654013684,1_410
-2.3446872562,-0.0742181635165,-0.957541943883,0.0269709243952,0.20729182265,-0.291146098177,-2.37011529886,1_411
-1.25401706246,0.328656858094,0.0554994105952,-0.121845943156,-1.15220080739,-0.534513176204,0.5852917957,1_412
-0.414524725713,1.43545772396,-0.471901640019,-0.779259259152,-1.43846584187,-1.63025101232,-0.371735441142,1_42
-2.39179062951,1.02054630891,0.534091368802,-0.856086322031,-1.67187897792,0.679005212219,-0.600530238646,1_43
-1.22798505876,1.28659756011,0.192920953795,-0.465718059843,-0.798866291408,-0.66567739664,-0.789102104747,1_44
-2.27689129358,0.456533428327,-0.222544815398,0.820212471884,-1.20144015423,-0.398391691519,-1.18212971394,1_45
-2.85289019273,1.36094397159,-0.263732168967,-1.20641504284,-0.690917971574,-1.30437149422,-0.843767408159,1_46
-1.26935788681,1.62020451113,0.433493969957,-0.818089904727,-0.396675619869,0.027904968334,-1.43370535706,1_47
-1.94796632547,0.592244291563,-0.0742134029349,-1.67844831033,-0.487825544826,-0.59569496261,-0.761018351337,1_48
-1.21187008543,1.77649245771,-1.30239679554,-0.620047344709,-0.47492809988,-1.25888315523,-0.728251212756,1_49
-0.416270202049,-0.0961597251405,0.690132680623,-2.00565862815,-1.36840725329,-0.933495989228,-1.9890452584,1_50
-0.678856268439,0.608558614612,0.563560568572,-1.21111497793,-2.38304732508,-1.33225770356,0.104176767768,1_51
0.934597626168,-0.498750693752,1.87796734398,0.130515870521,-0.909944806365,0.116752903558,0.00622106301635,1_510
-0.970693856676,0.0970187794307,1.32813162414,-2.08247447153,-0.266689730563,-1.80678555841,-0.220340196992,1_511
-0.353567512726,0.364000039617,1.05234516699,-0.190387440397,-1.95311254928,-0.719873053185,-0.231819334207,1_512
-0.377201642309,0.827338416958,1.34809111073,-1.06443715352,-2.16604430685,-0.183008054782,-0.596656835044,1_513
-0.716487163275,-1.5237671599,0.754979621041,-1.29336150129,-0.848461059093,0.0160425303682,0.0652513484859,1_514
-0.564537525128,-0.903937985324,0.628201508858,0.510086918729,-0.889222414211,-2.31532247793,-1.16946700213,1_515
-0.071211507525,0.234430304632,1.9433280779,-1.03513136332,-1.52621294313,-0.206775354547,1.34419377771,1_516
-1.11157972944,0.0952638494524,0.113016633954,-0.641640760411,-0.819081181197,-0.47874573637,-0.321871183281,1_52
-1.31267845435,-1.21689270138,1.15260513361,-0.0495887603821,-0.917938057489,-0.257934459444,-0.340902933159,1_53
-1.63470736848,-0.74827156067,0.42612876295,-1.61964445911,-1.49780530575,-0.435142236411,-0.503073060238,1_54
-1.15970801129,-0.209105183672,2.11049789868,-0.394029671553,-2.34425234991,-1.10397213657,1.29295795245,1_55
0.912116814006,-0.604621181935,1.46585150354,0.501626718639,-1.31582033262,-0.199838524678,-0.245520301336,1_56
-1.19284394782,0.0624759106376,0.538426301533,-0.41661269819,-1.51569772142,-0.757859794808,0.301385191776,1_57
-0.638351707698,-0.126109710825,1.20424573236,-0.655840347235,-0.690020804846,-0.944967425133,-0.0435350854729,1_58
-2.10046409467,0.638393509142,1.08828800423,-0.898759677112,-1.65073494535,-1.0467438485,-0.315475245773,1_59
-1.80470362512,-1.28699259153,-0.375132807844,0.687967997554,-0.130048955759,-1.66382952883,-0.460498445012,2_10
-0.878082001947,-0.812883055251,-0.0309182144472,0.967450626506,0.6992513319,-1.55191849966,-1.15519417043,2_11
-0.891220361567,-0.315582058358,0.561505639417,1.10038058296,-2.38046637565,-0.427722194225,0.360448534477,2_110
-2.45971393303,0.415342614499,-1.73657121178,2.17878032579,-1.17456234674,-0.457070181593,-0.67280961607,2_111
-1.81211046545,-1.78476320501,0.293987773689,1.376577104,0.703593418302,0.204774071604,0.666149685414,2_112
-1.65846737028,-0.810845160515,0.357873750149,0.690706105649,-0.00438715198643,0.244892257304,-0.37159740713,2_113
-1.31846668032,-2.2278410741,-0.198748027731,1.62589572853,-0.891056621982,-1.32144111089,-0.498978911084,2_12
-0.974029683381,-0.795863287238,-0.0218755421967,0.868449411092,0.248438641927,-0.538395340254,-0.509451488014,2_13
-0.983114926817,-0.148576735723,0.390632213054,1.66813691992,-1.31967116787,0.0191428199399,0.169698775156,2_14
-0.163322557088,-1.1918023689,-0.273263692092,0.392590996065,0.329118616706,0.784243951459,0.967818617262,2_15
-0.934456443718,-0.627353473044,-0.648305921334,0.66469874459,0.178268192632,-0.125538578495,-0.610161384406,2_16
-0.0219757485614,-1.45379349504,-0.115112027753,0.88466349436,-0.984160842737,1.5009146205,-0.459598832151,2_17
-0.733005906503,-2.18083637039,0.202503764127,0.960055839104,-0.5203872884,0.00647489041676,0.19366735797,2_18
-1.46425230603,-0.671699303704,0.809707522162,1.35921084603,-0.239810808935,-0.918871157635,0.703421374553,2_19
-0.232344826421,-1.04463284186,1.4828465503,0.847057769589,0.204279323272,-1.47098655099,0.348118372599,2_20
-0.511039522347,0.687880942393,-0.333661834583,1.03395469727,0.496672860912,-1.81676822174,-1.08997782361,2_21
-0.991842066023,-0.992456652739,1.5162655999,1.09431447817,-0.273149961249,-0.0170791699704,1.31539311347,2_210
-1.0749966146,-1.2111340623,0.231848397341,1.65090043235,-1.10888682718,0.121235566072,0.36110443791,2_211
-1.59006443082,1.4025274032,0.208958727874,2.11354790963,-0.112457982757,-2.03978403738,-0.27279202334,2_212
-0.991355594149,0.200116365349,0.103791345567,1.7508661514,-0.967141920044,-0.756431852072,0.722679027848,2_213
-1.89083077254,-1.78515462569,-0.649445945577,2.08818414799,-0.114061577727,-0.871419832059,-0.0751188386968,2_214
-1.37924303163,0.500694669579,0.636066951178,2.34515387781,0.601187681194,-1.36092088518,1.01094538059,2_215
-1.13272435068,0.332158513746,0.511030550972,2.84718269684,-1.31374820611,-0.730033924167,1.02982739573,2_216
-0.773223101986,-0.215587776394,0.309563593145,0.848713023985,0.442658253604,-0.0464569209273,-0.348370464918,2_22
-0.788071508458,-1.2438073094,0.296554566664,0.836617195277,-0.619861224545,-0.126978715882,-0.52568780796,2_23
-0.874307298275,-1.26933121982,-0.226852597371,1.29816463608,0.0483487011784,-0.227871008549,-0.602802671484,2_24
-1.00212670329,-0.532013609183,-0.399118856585,2.57660571262,1.18128100069,0.219323170762,0.582829330024,2_25
-0.827144037725,-1.96746849173,0.579971644792,0.784168779829,0.275109955165,-1.24262012186,1.3869487575,2_26
-0.393855290201,-0.399718789014,0.141782686355,2.59750782644,0.583330718433,0.347803222123,0.616296608373,2_27
-1.57095762541,-0.727765127905,-0.309071212069,1.58442953284,0.577721722935,-2.0254469089,-0.239929373181,2_28
-0.666231144294,-0.984576046018,0.0288949508123,2.35193652495,-0.420131970347,0.302838636247,0.676034403447,2_29
-1.10502429573,-0.83692650032,0.459357159233,1.35531943613,0.122456180436,0.690121452263,-0.301654355741,2_30
-0.796824335048,-0.416398991563,-0.180346376696,2.74593185608,0.166358893439,-2.02633873607,-1.25874063467,2_31
-0.44887972005,0.0543170606903,1.06387191286,1.42916266206,1.28375542931,-1.77124128726,-0.219039131135,2_310
-0.465367650478,-0.815306758656,-0.503202161036,0.685773903563,0.0521122632402,-0.0633576118235,-0.366037552556,2_311
-0.784210771076,-0.605509809214,0.492293035093,2.96834689785,0.215285628407,-1.07007854206,0.465639274395,2_312
-0.894362463627,-1.09879620666,-0.189143899108,0.984594180475,1.21053857551,-0.155788351988,-0.279334630489,2_313
-1.32223973087,-0.250947541904,0.748053783596,2.42030894738,0.894584870842,-0.25481266738,1.39251823887,2_314
-0.770159523009,0.0589374544114,-0.595222804018,1.82436981724,-0.173231000118,0.542836113101,0.686368716537,2_315
0.184843423009,-0.838630965501,0.392312735211,1.09273472829,0.424487981001,-0.675609031403,0.145508205035,2_32
-0.0873952749588,-0.778460776597,0.38124668665,1.15620375295,0.980423279273,0.322855998542,-0.34901910479,2_33
0.587425574908,-1.05723223038,0.499220165519,0.839265270239,1.45131876338,-1.09930940173,-0.223427395038,2_34
0.448069289849,-0.551232695689,-0.0590783813355,2.73070710646,0.864775439689,-0.516762565433,0.685765382657,2_35
-0.415473490197,-1.57541162874,1.0903018555,2.85331823343,0.0563346532243,0.0996052659627,0.345695394676,2_36
-0.285239930967,-0.0233859202552,-0.359881475299,2.87503262588,-0.942248977933,-1.11366975236,-0.418888419601,2_37
0.0612736977434,-1.24329350984,0.00157645947249,3.33409719636,-0.528252669103,-1.88740126021,-0.668993896651,2_38
0.045087622523,-1.7529187778,0.44316314572,1.50858641096,-0.422203690473,-0.991337190395,-0.0849662518001,2_39
-0.920438710648,-1.90230112676,0.522408015911,1.26824312997,-0.12281516343,-0.345884158222,-0.622862234236,2_40
0.708328831405,-1.10884782765,1.05096972907,1.74179138692,1.68909758955,-1.19863372061,0.591172931692,2_41
-0.392509656918,-0.412451508999,1.06082180666,2.28689183443,0.36255184191,-0.965667227036,0.326682347444,2_410
-1.01928806529,-2.63451447563,-0.179511932618,1.43507926433,-1.66022172603,0.647677630973,0.15525265533,2_411
-1.10258826223,-1.49437815845,-0.333723350634,3.3970040687,1.09241116764,-1.97652744166,0.629303190862,2_412
-2.06997536688,-1.76561036639,-0.941403812757,3.27171810633,-0.0255866224856,-0.0930049778715,0.882224294033,2_413
-1.12381435571,-1.01532728684,-1.44537933658,2.01453153559,-0.129858215074,-1.75152602034,-0.76698276041,2_414
-1.62588116272,-1.8738589896,-0.81366825722,1.49412682841,0.00100391239968,-0.768152195582,1.43388977732,2_415
-0.915797352456,-1.0161328622,-1.11215932938,1.14969976587,-0.361412149151,-1.12195690546,0.608149266525,2_416
-0.945299574126,-1.76417520814,-0.164405909194,0.614829818412,-0.503780639403,-2.26061926782,-0.597803603793,2_42
-0.624003669283,-1.02823538475,0.820748163415,1.50700372682,-1.03219099031,-1.48339969354,-0.657100692059,2_43
-2.35309019589,-0.701352932586,-0.422864908382,1.60423642946,0.812043240405,1.20470084071,0.0301764614285,2_44
-0.446622950273,-0.932243380789,-1.39829524184,1.52228352248,1.14993566515,0.629612053167,-1.36503969079,2_45
0.381608485909,-1.65899303138,-0.528955207556,2.42935519221,-1.13359273363,-0.0504557278284,0.397754186652,2_46
0.124490615473,-1.0344002879,0.785783061307,1.94880617498,0.579849010131,0.207696830737,1.67035188829,2_47
0.619918661619,-1.7370977799,-0.27552877486,0.682742015366,0.12041015451,-2.19063327666,0.710024074891,2_48
-0.946447691744,-2.23136534012,0.532689285187,1.2102739817,0.132900792749,-1.33872672549,-0.355654702107,2_49
-0.316561953575,-2.34750664622,0.73248797617,1.85849198427,-0.904097470887,-0.335176927853,0.723006446304,2_50
-0.531060982779,-0.669734596305,0.348562248109,2.11637301988,-0.68951940618,-0.373141080913,-1.07312597506,2_51
-0.492076516342,-0.866858309774,0.701246583557,0.0547337719794,-0.287929170629,-0.253214220219,0.41681774199,2_510
-0.1454568329,-0.18835940177,0.0136534941677,2.48799194028,2.1150632127,-0.962820053188,-0.447161912047,2_511
-1.65145897365,-0.608403238193,-0.254400725351,2.61925964014,-1.72757956297,-1.044669149,0.244600289314,2_512
-1.43941549969,-0.853202198779,0.141724941219,1.40089191157,-0.596656334491,-0.160049753092,-0.342679089811,2_513
-1.45719900582,0.39118492173,-0.118950389596,1.25748211579,-0.869752376194,-2.11695096684,0.211795606491,2_514
-1.04265834975,-1.72620951139,0.35431235668,1.53393129134,-0.542985152529,-2.07223105782,0.740176605554,2_52
-1.3000017172,-0.318569231516,0.126074086292,2.05634297213,-1.28237415805,-1.07650063308,-0.604127861844,2_53
-1.53861152318,-1.16457861048,0.853301054104,0.896966269975,0.0633800062161,0.426898542467,-0.0520564359382,2_54
0.0893515782964,-1.92297323516,0.162569412436,0.225811743875,-0.202881457059,-1.59748336125,-0.283754572266,2_55
-0.463234661355,-1.04672682742,0.761843708894,1.74376074536,-0.269917232553,-0.215088588662,0.78625423146,2_56
-1.38816176082,-1.27487190201,0.0468183639852,2.77656513509,-0.743349177169,0.0554278468117,-0.967156396812,2_57
-0.409999733637,-1.33105107416,0.245356086904,1.65235008352,-1.7880181877,-0.720440372549,-0.323196974282,2_58
-0.19813211671,-0.783442347281,0.325222407861,0.90377493828,-0.882265343736,0.431536638768,-0.637719671579,2_59
-3.43354745719,3.53399621762,0.420323138962,-1.89664838713,2.33458180567,-0.589242776738,1.84687109556,3_10
-0.898307672753,2.05871310192,0.822293780093,-1.86518376596,0.584353215194,0.83014999443,1.93053993841,3_11
-2.4792127333,1.81791456813,1.58711590819,-0.46947967485,-0.929459974827,-0.647387098913,-0.710110207074,3_110
-1.24999351976,-0.772499944791,1.19700473803,-3.2766606261,-0.730087213158,-1.01737917947,1.05656889552,3_111
-2.52465360705,0.33935017829,1.33595228366,-3.60840728543,-1.17076733744,0.317322245325,-0.195791532757,3_112
-0.954282355935,-0.626290152991,1.68493083145,-4.73597407675,0.570316635119,-1.30009156907,-0.127903125434,3_113
-1.6819113042,-0.61078030782,1.82420773928,-4.62001423037,0.135117781741,-1.71996937848,-0.594087465669,3_114
-1.29666810388,-0.276646523131,2.03265230279,-4.90955583585,-0.201944237307,-0.389665872975,1.09424327171,3_115
-2.14579494896,-0.420824665192,1.61464975484,-4.21934764651,0.497529835785,-0.141936665387,0.13675300921,3_116
-0.274612895366,-0.381499352383,1.40748157216,-1.17603047868,0.419076938668,0.504721454543,-0.163136919456,3_117
-2.63076920949,1.80021068479,0.181475060159,-1.46513130644,0.375515779746,-0.10786914587,1.13207982869,3_12
-2.35055926684,1.43475645396,0.829901665375,-2.87432630702,2.32899299476,0.497678225674,0.693602570325,3_13
-0.256276904861,0.762937792151,1.11938070323,-1.45357069705,0.236579882365,-0.246133113075,1.99722305397,3_14
-1.78228321127,1.65126608667,0.524271880979,-2.76942865974,2.49001573434,0.335197504461,0.808371330286,3_15
-1.97467415678,1.79126600464,0.540311662478,-1.35558915367,0.668827464324,0.0467533338358,0.361598634667,3_16
-1.70344198379,0.42441046062,1.14411141829,-1.87536330171,0.32778482635,-0.0395506051861,0.473468810509,3_17
-1.30395902352,0.479443908679,1.82422116353,-2.54917777056,1.33726514022,-0.389591358361,1.45831209698,3_18
-1.20978980444,1.2667262497,1.57295776926,-1.10280475182,-0.23557141072,-0.0548819254565,1.08423443044,3_19
-1.06666552142,-1.12186259699,0.817511412064,-3.44812727461,0.261572564339,0.365168547202,-1.64796043854,3_20
-3.71869150564,2.72026233756,0.64890068343,-1.9006002119,-1.93950779141,-0.280996586522,-0.971514035047,3_21
-1.18331847307,0.552927716322,1.82034370306,-3.51491917676,-0.984123387492,0.217623920744,-1.25592005481,3_210
-1.19653583097,-0.149333337596,2.18695330715,-2.52141091318,-0.745357276668,-0.0101174783294,-0.310412529724,3_211
-1.46088482103,0.118435590596,2.28274139453,-4.93356038273,-0.451973494729,-0.618892236157,-0.282506493826,3_212
-2.24275345375,-0.652678903704,1.22337717157,-4.08572214426,0.919100169776,-0.105388883184,-1.87258208453,3_213
-1.76136479692,-0.122005612888,1.36708032858,-3.62025672853,-0.224041085089,-1.13438667392,-0.918140905725,3_214
-3.45097246359,2.40972813323,1.41613127162,-5.73050986456,-1.34283757435,-1.21811507027,-1.30671176613,3_215
-1.68276497115,-0.423782263034,0.596217020295,-2.41007941071,-0.481915449464,-0.811946601732,-1.51218404188,3_216
-1.40013967625,-1.0534535368,0.533403594367,-3.51816084443,-0.608153330504,0.218473494904,-0.954090279431,3_217
-2.0865408848,3.18946110712,1.69935654296,-3.53790218217,-0.829041342405,0.379678460694,-0.0919237461227,3_22
-1.80389197512,2.20412341215,1.34047147909,-1.51691031425,-1.24064775581,1.19830577152,1.29900944814,3_23
-2.3309128583,2.60637053059,1.15361804445,-1.16311252594,0.488204736877,0.797098758587,1.24823462311,3_24
-1.93987917393,2.59459642589,0.619929898599,-0.734606607906,-0.737005821109,0.217755859347,-1.7162107376,3_25
-1.39934676087,1.72539330229,2.11319333801,-2.44623561949,-0.244743582806,-0.278226203425,-0.664734011808,3_26
-1.37775841785,1.15684360181,1.76274238785,-3.49538359069,-1.38100185169,-0.664118728604,-0.37605243333,3_27
-1.42142253058,0.740598560468,1.93387210899,-1.89106766094,-0.976223914641,-0.9870958237,-0.290271698202,3_28
-1.96760678795,-0.646742975964,0.794827428642,-1.2751554731,-1.0066580013,-0.270536971542,-1.42786109427,3_29
-1.52364205385,0.63604950478,1.57052615527,-2.77063090653,0.0429864195707,0.381914858703,-1.09118292184,3_30
-0.135436290451,1.05664531416,2.28438973797,-3.49143675426,-0.713547498216,-0.447921193971,-0.87743234755,3_31
-1.7659812858,1.11105259433,1.13224113585,-3.85651307477,1.88244089437,0.368480323781,0.281049337001,3_310
-1.62088582663,-0.0522965359957,0.93873210262,-1.81562167675,-0.72286481242,-1.77804682785,-0.63522309379,3_311
-2.71131315346,0.50593660127,0.220832608227,-3.22062252194,1.13954063774,-1.25690428935,-0.209368639846,3_312
-1.59349787587,1.40447994184,0.917075411689,-2.76208583794,1.2187231311,-0.624919015462,-0.463925537634,3_313
-1.8538018716,-0.971438627565,0.851087779001,-1.62782178328,1.51586126466,0.373450961124,0.0454484333063,3_314
-1.62520544028,0.0792377430225,1.0328035428,-1.64168801081,0.424025126484,0.178397725136,1.1901567172,3_315
-1.63248482023,1.29615775863,0.701968447378,-3.85992961292,-0.170641098753,-0.188588135143,0.781426312773,3_316
-0.592964637132,1.45837246079,2.13680583405,-3.08615920351,-0.823221377645,0.185119789404,-1.03778015639,3_32
-1.5425316454,0.990554356655,2.04740909131,-2.17073220242,0.290344186847,0.239921366157,-0.151482210444,3_33
-1.31387809163,0.595700907608,1.95753374824,-1.42276127949,0.344000443724,1.4313701199,-1.3948299522,3_34
-2.02044891026,0.365436268607,0.930590519088,-1.38675695356,-1.87979006923,-0.39870691855,-0.675958465216,3_35
-2.72333516243,0.951699378584,1.61954396942,-2.88053118996,-0.370972015938,-0.351928384648,0.819098062462,3_36
-1.09029090786,1.32476942556,2.45628524323,-2.69106758165,-0.379990893056,-0.388440217675,1.39467756833,3_37
-1.92283602098,-0.732962007659,1.22576841749,-1.78066459667,-0.188264632636,-1.57577694613,-0.59469763364,3_38
-1.84278787782,0.773560555513,1.42269842666,-2.96419425334,1.08450948699,-0.570094469311,-2.17852500233,3_39
-1.157142446,0.706800925894,1.76122983292,-3.59906052392,-0.612901957815,0.331854415892,0.757672065733,3_40
-1.9016160987,0.749164422096,1.66429097885,-4.01769960646,-2.45763083246,0.45519950595,0.210679583368,3_41
-1.15946471155,0.273513828638,2.54009420462,-2.14300276406,-1.68477306715,-0.681373325697,-1.14515173853,3_410
-1.52451688927,-0.1590303055,1.42939430964,-3.78793530568,-0.554971467106,-0.226383422843,-3.0528927149,3_411
-1.67921073723,1.5228982408,2.81221779853,-3.99662434561,-0.415231305078,0.499145472617,-1.07086360313,3_412
-2.07543719011,0.758650485834,0.681533122124,-2.5868437357,-0.0891187694764,-0.495454996779,-2.65641220256,3_413
-1.40196735556,0.787946491949,1.99556015552,-4.70890728895,-0.465184085748,-0.212687021299,-1.5908657138,3_414
-2.11572587272,1.11855202587,1.64469058825,-3.79028839947,-0.83978675539,-0.118657980583,-0.910687564811,3_415
-2.26256773629,2.39866790654,1.28280680356,-2.95857060623,-1.21645252224,-1.11230834931,-1.15415358255,3_416
-0.382695660745,-0.0358056158329,1.02117670767,-3.50387380363,1.19366298705,1.00422583412,-1.70458003866,3_417
-2.00788871271,0.709792110908,0.551877375058,-1.20347226376,-0.915967068417,-0.59588618692,-2.90991898464,3_418
-2.76821817811,1.8014781641,2.08361419281,-3.56333498562,-1.5401290801,-0.828889030928,-0.0952532853314,3_42
-1.12248418071,1.17470453943,2.45236634655,-3.35120609273,-1.44988263324,0.530133779982,-0.870383780393,3_43
-1.06873982426,0.0609603032065,2.08060975438,-2.95997185195,1.56069582211,1.35264349449,-1.41324230093,3_44
-1.92616117811,0.975374523526,1.57837181487,-4.08342815579,-2.05136248665,0.216464803525,-0.411346141104,3_45
-1.48944566437,2.09787206973,1.73007863462,-2.75388874361,-2.07500503982,0.378410186297,-0.777527109429,3_46
-1.44703044568,0.497062126956,2.41083984525,-3.74247016423,-0.633353831367,-0.619018119486,-1.42110284637,3_47
-1.76065148135,1.19480236984,2.83782406906,-3.98278020972,-0.209627496273,-0.0854519190626,-1.20929263511,3_48
-2.64871776184,1.01047423255,1.68716059206,-2.705868837,-0.74170002235,0.132170880222,-0.612060772466,3_49
-1.80761110997,0.217890711337,1.77570343594,-4.30964676232,1.22946592179,-0.583234845363,-0.255244848052,3_50
-0.975596543155,0.33191246732,1.16358546089,-1.85932622494,-0.894794390922,-0.52223947238,-0.0510918469563,3_51
-0.544947827274,-0.87221237168,1.94614529101,-1.95824018268,-0.236985297672,-1.06795644572,-0.347515535172,3_510
-2.38489541526,0.864647828875,0.926961729292,-3.07172119151,1.67110637478,-1.75985485972,-0.410398856681,3_511
-1.30845564546,-0.204316361787,0.917681656287,-2.32900997288,-0.340285332501,-0.663722707362,-1.06887569125,3_512
-2.36761058285,0.126998919863,1.28740102493,-2.98547406254,0.759455010512,-0.606986716235,-0.377694858741,3_513
-0.56504946239,-0.74415560672,1.82205602332,-2.09872472557,-1.82144262713,-0.295434325119,2.08044206141,3_514
-1.62715221986,0.0989965212484,1.44016392176,-2.80456172274,-0.276047415419,-1.55618065985,0.554526902542,3_515
-0.909690107886,-0.148485326798,1.19802700182,-2.4506075409,0.138348827846,-0.913416884977,-0.015340720178,3_516
-1.20968302255,1.40140074161,1.1516073601,-2.95911054512,0.459564217515,-0.000100399817983,1.30999763899,3_52
-2.17060905146,1.45156259162,1.48732347409,-1.24924939952,0.871794990273,0.7284974307,-0.409012067795,3_53
-1.26640102144,1.28377643473,1.61964055097,-2.56154943049,1.04182018867,0.277140546544,-0.860723473425,3_54
-1.09869410705,1.80062622541,1.65069386017,-0.967679802693,-0.56317378586,-0.257214642909,-0.536994103011,3_55
-1.0796887508,1.35265275801,0.925141361378,-3.93882608765,0.362827710037,0.182625486082,0.462808265772,3_56
-0.587568005974,0.578830129132,1.92620964944,-2.3849529671,0.178887825402,-0.28511114072,-0.746830986293,3_57
-1.79150245536,1.3762409277,1.43543431241,-2.43144939967,-0.242655333817,0.18299940548,0.901304833159,3_58
-1.5154332312,0.415285462374,1.63678994083,-1.77213458601,-0.217199946641,-1.84944600789,-1.71272946997,3_59
2.96230756014,1.18857725498,-1.05803468657,0.25228271106,-4.74418868019,0.196451698702,0.278660573605,4_10
2.13668731866,-0.921270065053,-2.54490409162,1.18738596998,-1.72384632528,0.176677847662,-0.517506171165,4_11
2.48435220152,-0.293484420275,-0.944235321521,-0.504949430124,-2.01083790631,0.11351701343,-1.32502468914,4_110
3.00633716077,-0.308975988765,-1.26263262238,-0.254941747699,-1.5596564182,0.317123863894,-1.13485801945,4_111
2.2099277542,0.284081371409,0.323334723892,0.600568259269,-0.477918116045,0.882267280565,-0.357519791677,4_112
4.59989289329,0.01101688559,-1.82895004049,-0.348303872339,-0.595948634671,1.87069521676,-1.8371510217,4_113
1.81316507232,-1.01327029671,0.637527397651,-0.632589443337,-2.17687066696,-0.639350382182,0.0843665985918,4_12
4.22698977188,-1.19907980524,-1.03663253596,0.860740529607,-2.40356006209,1.35617611102,-1.41910313192,4_13
4.16112101344,-0.794115495664,-2.81472249098,0.540566865669,-3.03592232026,1.62201266468,0.146438324704,4_14
2.50510260024,-0.939123471496,-1.05469243178,-0.537344931068,-2.63262947443,1.44081042918,-1.85794414827,4_15
2.3960996094,-0.696914631267,-0.579439623907,-0.413588881368,-1.99323075939,0.780773653097,-0.729668180306,4_16
1.95839741941,-0.467317181897,0.665536520431,0.0113201866116,-1.38682712423,-0.596794768859,-1.19493071191,4_17
1.24973066819,0.124638572068,-0.748325683797,0.375478996652,-2.17373759112,0.450469824434,-1.0060537788,4_18
2.62797315401,-0.974470079065,-1.54756260427,0.651927124114,-1.71241243533,0.265051840985,-0.736812183654,4_19
0.429589307774,-1.72362738415,-0.67473470819,0.56530511038,-0.808506563613,0.593774479424,0.0532035859725,4_20
1.5280464128,-0.982647604065,-0.916286342664,-0.966945776118,-2.73273064393,0.153930286528,-0.65242387723,4_21
2.28828794868,-1.46761642661,-1.83535561636,0.390009216286,-2.41875543059,1.48498473293,-0.987095756739,4_210
2.24680819788,-1.16993356728,-0.601738074001,0.266363369599,-2.21664809547,1.76819157988,-0.661884017061,4_211
0.995026298844,-0.0793321531788,-1.99672799987,-0.428940994356,-2.14077382358,2.51878043854,-0.633621324985,4_212
0.444365045912,-0.686867873149,0.513365618362,0.0234859873912,-1.32623810621,-0.159090832841,-0.607672249836,4_213
0.857300022666,-0.86883893599,-0.57030795107,-0.716529106378,-2.66230116197,0.0415708898494,-0.177536965363,4_22
0.765755770808,-1.23660623477,-1.69724590688,0.652802746959,-2.12733645359,1.50162825461,-0.245112889352,4_23
2.44102405788,-1.03239069823,-1.70276927363,0.171368866162,-2.25938392127,1.42598493792,-0.516154412318,4_24
1.81944195515,-0.695300441649,-0.375249543009,0.537169662834,-1.54314732086,-0.273607616656,-0.982788826284,4_25
2.06305905269,-1.1588994091,-1.36375562805,0.253501471043,-2.30440498288,0.35734468977,0.447693778182,4_26
1.76850699318,-0.778829330513,-0.900161871012,0.249001881714,-2.21148255854,0.712062683478,-1.24075174395,4_27
2.29010447773,-0.429770834886,-1.09412048026,0.314525370906,-2.55857344281,0.834992633321,0.0141874604472,4_28
1.36299123539,-0.85348348297,-0.315772464145,-1.07567891018,-2.45747282767,2.43872901753,-1.38932062172,4_29
3.07227916639,1.60069009057,-2.19315065675,-1.95593973664,-2.78807562896,0.408434725592,1.10859730354,4_30
3.25211943992,0.337847418898,-3.47600825856,-0.0889644271613,-0.861621825741,-0.153465887828,-0.927543813901,4_31
4.73340964563,0.430315505501,-2.75677446718,-0.894627501183,-1.54543691813,0.818450052315,0.545612151876,4_310
3.63866223911,1.05581471845,-2.60884952927,-0.908729572966,-1.60765831698,0.311448198419,1.54360460604,4_311
3.85855368138,1.88655888715,-2.0579592582,0.329528178406,-2.96648797985,-0.595451321158,0.858203545791,4_32
4.38163513209,0.921031375553,-2.44463288052,-0.192228899427,-1.53899335241,-0.176570141321,-0.426479905984,4_33
4.4826983022,0.498980070698,-3.21210576412,-1.66040610555,-1.46382976286,1.07555619226,0.576990140553,4_34
3.88589648366,0.395662633724,-3.32722551071,-1.07948699761,-2.80808761608,1.25139078718,1.1549978639,4_35
4.41709693776,-0.0255827967755,-2.18155955743,-1.53011756546,-3.06475348816,-0.644032438067,1.24790040985,4_36
3.98096309013,0.616398044992,-3.25799462979,-0.474714412057,-2.56959267516,0.427221285011,0.201490044779,4_37
3.77181254526,-0.00853735731289,-3.24410933808,1.05652046737,-2.85778435662,0.136939722287,1.01106272975,4_38
4.36461253509,1.36853193047,-4.15011490811,0.307213244508,-2.0915701044,-0.562320833737,1.23908200892,4_39
4.17004910109,1.40435983684,-2.77812595965,-0.508137387973,-2.35401889101,2.1841620589,-0.0078076636338,4_40
4.56554288854,0.134377396253,-3.16147687996,1.49119337645,-2.69457971369,0.497667618822,-0.376338554572,4_41
4.71974284026,0.983649330383,-2.61704752044,-0.287011712263,-2.85121143844,1.57434313776,-0.173145978144,4_410
4.21193842899,1.06956028499,-0.978007721972,0.109423395199,-3.13099252117,0.4021988434,-1.49270365196,4_411
4.82484174281,0.0914126755068,-2.01662525525,0.026716036713,-2.5817467799,1.38348503607,-0.381472259168,4_412
5.1339153235,2.5205092262,-1.58392549942,0.338720081416,-3.19007112883,-0.193594214972,0.364889936102,4_42
4.92515309471,1.00167003535,-2.14151236058,0.610777180136,-4.05931918187,0.322226895386,1.51056233892,4_43
4.64462635871,0.45731184971,-2.50530222657,1.17399969896,-3.6779057869,0.249227989038,0.349090297047,4_44
4.56352935654,-0.504198404282,-2.87693189166,0.0957422718844,-2.65356591287,1.46422259197,0.272552243277,4_45
5.15584418432,0.521903363337,-3.42287657663,0.0641307349828,-2.79901287056,1.29527489417,0.0301945766312,4_46
4.94241052923,0.623218579376,-1.23714791007,0.114714507026,-2.44594040825,0.46067615447,-0.119052814946,4_47
5.07096982573,0.347350661106,-1.86775097381,0.00750208254852,-2.52982851859,1.23657741551,0.0195428645171,4_48
4.83439241181,0.222517193568,-2.57421358317,0.542086284687,-2.78762029244,0.818571976922,-0.127410998918,4_49
3.61645546246,0.725808124577,-3.68585282286,-1.26260418609,-1.39597273211,2.0162667715,1.71076994168,4_50
5.92020184717,1.33639969782,-4.86123007905,0.889587953037,-1.48839859389,-0.42152634353,0.915534679493,4_51
5.32935277152,1.14229881247,-4.46099088926,-0.216298529142,-1.16287007096,0.832610562105,1.21855984391,4_510
4.33088227719,-0.239499366421,-4.98580220326,-0.174028698108,-2.20427381923,1.36691952834,-0.00871829743671,4_511
5.75675989577,1.6273433486,-4.78066133016,-0.878584306334,-1.72824007752,1.54465542822,0.119019368507,4_52
6.35259336631,0.847415932931,-5.40709676871,0.162395803983,-2.20442396776,0.179869692613,0.355720924987,4_53
7.06564466264,-0.162538404751,-4.57175876744,-0.387748422007,-2.33592133237,1.54467534074,1.6176662171,4_54
5.78738490355,0.540981786539,-4.97905610955,-0.974486530502,-2.22405187908,1.28413577019,1.45311073093,4_55
6.74186262561,0.333505237574,-4.64895884226,-0.687401345691,-1.68873310469,1.19515233717,2.04749178743,4_56
5.22875721449,0.330411434491,-5.47486600241,0.400341008774,-1.20809208824,1.09840246247,-0.1222829023,4_57
5.33859384095,1.17938648081,-5.76042948791,-0.578511438468,-1.68284212206,0.749368634064,1.07669525508,4_58
7.11757179218,0.603369213394,-5.2454830195,-1.07847416846,-1.73571588363,1.33230041769,0.916859128319,4_59
-6.10338520399,2.39034846502,-1.20628831584,-0.127284363004,3.46886108888,0.343360463041,0.41548369781,6_10
-4.36987495927,-0.148278452741,-0.787953834662,2.32600554555,1.64276572445,1.23949056124,0.270740705917,6_11
-3.00066896144,-3.40260991856,-0.648022168581,1.88668206425,4.32003209632,1.32552352238,-0.526490052357,6_110
-3.57647499255,-1.08676210653,-1.60870995728,0.786967133382,5.52256956771,1.26585108071,-1.26103620826,6_111
-2.82947339527,1.54767799581,-2.02892930981,0.444725734365,3.14980253406,0.869960811042,-0.949662977472,6_112
-6.24710319804,1.66481728936,-0.970970697934,1.01831837305,1.94058314974,0.656227201249,0.0425870578841,6_12
-4.95973099988,1.44144457866,0.301711923609,-0.354540216668,2.65847701891,2.89689571955,1.38176953732,6_13
-4.89686265452,0.438488724198,-0.455542984075,2.10163550531,1.35540288926,1.67769651327,0.18048941954,6_14
-5.82740984542,1.80068595786,-0.493451004934,0.930693090123,2.47193413612,1.19227837894,0.0954806425683,6_15
-5.22740066829,-0.0005976047946,-0.105329737873,0.671521214524,2.69955682659,0.601393204887,0.522545312234,6_16
-6.01568095595,1.53697273285,-0.678518174144,1.64726257597,1.64543155444,2.43033373421,-0.0634430867584,6_17
-5.2612170459,0.464482913732,-0.477384753109,2.76526411269,1.44601123848,2.92301749057,0.78014427683,6_18
-5.41261099061,-0.173797798,-1.42192883098,2.22635526358,2.2623057035,3.09327255638,0.0450237872737,6_19
-3.76364650183,0.501374729571,0.351459558469,-1.34034763117,4.85517949032,-1.24913414267,1.21757351413,6_20
-3.90721231278,1.60079752146,0.215670850415,-0.0755914389136,2.47696817873,1.44569345753,1.23907469936,6_21
-3.5709353663,2.19506559068,0.424658146028,0.0932590377702,2.46526213582,-0.504405356023,-0.771228163141,6_210
-2.45763379064,0.552185577716,-0.978759175511,0.181604575455,2.55567811739,0.928172125234,-1.53480778086,6_211
-2.28412462996,2.01033322904,-0.621370459343,-0.447945464661,3.9888546269,0.299079974564,-1.20418697888,6_212
-0.731323677479,0.969466806089,-1.8955733157,-0.13502816171,1.97016709188,1.18754981582,-1.95049433007,6_213
-5.19668830555,2.22045890557,0.881543411998,0.720328813159,3.68893766902,-0.711384496419,0.648465687362,6_22
-3.81247772854,-0.119363848453,1.06512229514,-0.161268841597,3.11870125872,0.915693155114,0.494549489663,6_23
-3.51321093202,0.357637454123,0.228520888041,0.621759995666,2.25590913581,-0.707409710133,-0.0961054256207,6_24
-4.03664437088,1.50894933982,1.03250492498,0.508601156072,3.18795698925,-0.625463592713,1.00782290422,6_25
-4.40675157614,2.05465214925,0.0403070875351,-1.27124534699,3.62471115987,-0.136556480931,-0.193528213552,6_26
-4.43017060424,1.7179565417,0.399340454918,-0.837554211281,2.47921387256,-0.154557934186,-1.0475985948,6_27
-3.46527596373,1.1121896985,1.14030906068,-0.858140012202,1.62921296157,0.599749556969,0.702643984909,6_28
-4.30060587014,0.452114747138,0.935754775834,0.197810786766,2.91119284175,-0.82475193154,-0.414465243131,6_29
-4.22629588272,2.55752854603,-2.49646408491,0.303766860901,1.53736540991,0.582048976053,-1.29965421172,6_30
-6.43264491627,3.36649644346,-1.55693628389,0.383451411302,3.15518063603,2.32211778087,-0.693561443454,6_31
-2.98401358421,2.22925401081,-3.79210220683,-2.73433598385,5.2836242022,1.90440549325,-1.46834659203,6_310
-4.60341845908,2.3220171312,-2.77227723999,-0.653721175896,3.29406688682,0.844973139492,-0.365836889109,6_311
-5.63538913212,0.53376623567,0.372339894944,0.692873277374,2.07340930773,2.41031075784,1.40330905284,6_32
-4.06441162147,1.02971532257,-0.581608673057,0.975803475041,1.32244962858,1.86152592159,-0.436204414918,6_33
-5.55753919022,1.53584971306,-1.50116868438,1.27401442037,1.86106105118,2.6144745416,-0.616020386109,6_34
-5.798173842,2.73180604648,-0.818356094358,-0.316256305969,3.40630288112,1.60020710562,-0.69651127582,6_35
-4.25008336812,1.37745495033,-2.21177378307,-0.0127187670824,2.02623529709,1.28543148659,-0.239356812234,6_36
-4.58971467257,2.16022279757,-2.29155285703,-0.041039976934,4.34610009247,1.04862583575,-0.577741091132,6_37
-5.02112227745,0.47459040068,-1.33200825006,0.823436991635,1.55581617128,1.59945123008,-1.13563946604,6_38
-3.55110208143,1.57876550741,-2.09900160372,-1.35437265194,2.25188669668,1.43317513237,-0.384953564703,6_39
-4.83553876854,0.516320310678,-0.284523061405,-0.786860879923,2.76719026404,0.748715917443,0.77460611364,6_40
-4.96631616157,2.76052324479,-1.32162365932,1.56052047357,0.636267854932,1.04037968135,0.381884155438,6_41
-3.14846040163,-0.223502458603,-1.1975338931,-0.634858204248,2.52044180109,0.604225039672,-0.0275580241367,6_410
-2.32175080719,2.45941758605,-1.68548922268,-1.30540289955,1.12904867693,0.38256676772,-0.138485259595,6_42
-1.4326797566,0.490074431945,-0.465817634577,-0.427850719978,0.5640018429,1.48606631912,-0.171671960517,6_43
-4.84527304205,1.40995946541,0.476404969465,0.665569025459,1.37616137758,0.350577607856,-0.42659358052,6_44
-4.96858562033,1.91978185731,-3.77813484712,0.185402462962,4.03364253362,-0.219248458057,-2.05793886414,6_45
-5.12954492383,0.56555322736,-1.74706187558,2.17339859086,2.812843983,2.58378895378,-0.329962547268,6_46
-4.03683919816,0.317668218525,-2.09321449033,1.70240485682,3.34144244728,2.36055074911,-0.67866720247,6_47
-5.01126050609,-0.280952638826,-1.92104103646,0.808380871088,5.20827294707,2.08384493198,-0.410705397941,6_48
-2.1097196767,1.15768967206,-3.08490700468,0.0680172085299,0.970507450164,1.77867327138,0.309304443722,6_49
-4.23736675781,1.49779651359,1.42130629952,-0.472787903092,3.29823015184,0.800192786315,1.93879974402,6_50
-3.08294064094,1.32248352986,1.52839683026,0.475301046015,3.39565761624,1.24980318246,2.0748545533,6_51
-3.62436486277,0.912583378617,1.7430063786,-0.272668621273,3.8370539803,-0.00941773053194,1.71556726829,6_510
-3.00555315526,-0.723496219053,0.96827706174,0.626143288668,1.38694309198,-0.488671143938,1.03784589631,6_511
-2.8925227082,2.35825960384,-0.154835444633,-0.12986937482,1.78533793896,2.13305381837,0.248711292718,6_512
-3.37135775109,2.04535507693,0.769431633058,-1.57028466142,3.44661711011,1.65744253408,0.0372748025005,6_513
-3.07315410419,-0.346583762884,-0.554965712272,-0.839924979252,2.26765351842,-1.10239927696,0.0797021160671,6_514
-3.50282830263,2.17912815973,0.388106145662,-0.435899955862,3.02461987922,0.0893260802786,0.436594483874,6_52
-2.34434773914,-0.0520669356261,1.46248744781,0.636927588209,1.81838664863,-0.0619188379129,0.632154112294,6_53
-4.05820109236,0.746860510082,-0.425888665456,0.248792425872,1.64765559527,-1.67351475905,-0.456746349174,6_54
-4.20798478641,-0.145995130436,1.80692349744,0.85435497102,2.16104281636,1.64647745372,1.66192777509,6_55
-4.99434736256,1.22897826355,0.070179211621,0.28652712473,2.90278898575,-0.373500628349,-0.510387574761,6_56
-4.69155302135,0.254064608239,0.888632404202,0.400598966759,3.0085329665,0.15239393173,-0.442773465819,6_57
-4.55344408821,-0.147963883095,0.871330600662,1.07136407216,3.14121923882,0.988417331253,0.919427858283,6_58
-4.23712202195,0.0213138679972,1.37811016303,0.952462253212,1.89910819927,0.323625022299,0.733893423327,6_59
-1.51627689352,-1.73720029423,-3.98158837397,-1.86913347392,0.521800660745,-1.17225846865,0.0738583395288,7_20
-2.55218225672,0.289588105562,-3.22072944817,-1.4984892971,0.912685203449,0.347049475999,1.61358998644,7_21
-0.777135173862,-2.15219297352,-4.02646941902,-3.95804792917,1.57289223486,-1.70055262266,0.418347308164,7_210
-2.19892469801,-0.404006330689,-3.33154902805,-1.19212147773,2.6831233332,0.0383266143757,1.09614636081,7_211
-2.50459989311,-0.679795855551,-3.626630784,-0.692590981729,2.11962379904,-0.348066009979,0.257543212485,7_212
-2.32809529964,0.705579367485,-3.96077367956,-1.55769474331,2.75905736577,0.622451172217,0.899173714759,7_213
-1.95825211268,-0.521322170521,-3.42851477063,-1.56128695007,1.59459607116,0.622371341289,1.88988363264,7_22
-2.30713428907,-0.308583281073,-4.07732689088,-1.69049496733,1.860981317,-0.863591657712,0.599929506428,7_23
-0.5238613889,-0.925657507153,-4.67385050317,-0.556742719314,1.55187373323,0.379087061328,0.471194516897,7_24
-2.27980145935,-0.122247110184,-3.60159450877,-0.435847239266,0.943585261744,0.185041433583,0.591724815177,7_25
-1.69807878589,-0.648849975686,-3.19863333747,-1.39477374041,1.8237040171,0.716896560315,1.40485826789,7_26
-1.57597260469,-0.603702341491,-3.75395869496,-0.500281286012,1.72326686549,1.12937108137,1.15500634613,7_27
-1.30484706838,-2.40223143701,-3.64461805603,-0.960331075246,1.30206629612,-0.679521870669,1.25480542433,7_28
-1.67747026752,-1.74108355695,-3.57747492857,-1.82504241946,1.34616496008,-0.305681141163,0.570157604393,7_29
-2.17105235338,0.165901899414,-2.69438103567,-2.22436184234,1.18728428201,0.288884776061,1.43234714285,7_30
-2.68391177567,0.168844344563,-1.3932651545,-2.5372730981,0.931900137906,1.63072227375,3.39285954516,7_31
-1.55749095959,0.244442943989,-1.65732512365,-2.79932751074,0.810645034566,-1.25952828635,2.96814691644,7_310
-0.99035646738,-2.62702101424,-1.93103992945,-2.75981750563,-0.032138550277,-0.415633560258,2.08824809978,7_311
-1.94605795957,-2.27990807866,-2.98500597581,-2.45309921356,2.30724477496,0.952545817884,1.38709490938,7_312
-1.5403663606,-1.38393933256,-2.54167409023,-1.59633407054,-0.24253964214,0.435227626189,1.49737138304,7_313
-1.62810100438,-1.26153088563,-1.97081948386,-1.84206619463,2.0809015848,1.13182521303,2.46201916698,7_32
-1.03934538944,-0.805807126509,-2.91029176629,-1.05798498273,1.44637743659,0.452540009768,0.732915633365,7_33
-2.64118746588,-0.630758626882,-1.49091316077,-0.440673945759,2.027712619,0.917197397408,1.54872326292,7_34
-0.958732834174,-2.36168349816,-2.7258934907,-1.79987560706,-1.18253217494,0.195742880419,1.24223147875,7_35
-1.6905104783,-3.07798855499,-1.31768338437,-0.783287976886,0.822143529677,0.473102372717,1.610039715,7_36
-1.56860897223,-1.26474763406,-0.935431265868,-1.68277875686,-0.134541589558,0.612533107788,2.2891025541,7_37
-1.66955061129,-2.59810502833,-2.71755121607,-0.900008692614,-0.717083231224,1.56882880176,0.729551761019,7_38
-1.3043572673,-2.47403161428,-2.14734060357,-1.11033765257,1.0920503613,-0.64952679877,0.677493306486,7_39
-1.24415198844,-0.90120603777,-2.19835825393,-1.43726598475,-1.15468965906,-0.346697292399,-0.456804901996,7_40
-1.6759076447,0.502048695855,-2.23809899918,-3.87277380948,0.160923910008,-0.266021357964,0.747082032777,7_41
-1.71768872219,0.412871631567,-2.86913274253,-1.8808112277,-1.39719224212,-1.08924595726,-0.535876865525,7_410
-1.52292241244,-0.371222546016,-2.1899749545,-1.90199387128,-0.382377957041,-2.30153540743,0.193538583803,7_411
-1.80571903933,-0.224177583118,-2.85897381776,-2.98779940142,0.0188718529534,-1.70304139115,0.0613761149464,7_412
-2.70574690152,-0.464225177757,-2.50745964311,-2.78713786419,0.353875113391,-0.531455992304,-0.746294938861,7_413
-2.34630845189,-0.842840831554,-3.18766898567,-2.15946469626,0.360814898206,-0.396854802259,-0.811372385675,7_414
-1.4091277762,-1.2356307519,-4.2041421887,-1.32931336005,0.0229792328205,-1.77941366945,-1.83520846498,7_415
-1.96593201978,-1.36996552967,-2.51959775927,-2.20514089261,0.852376900046,-0.966629521568,-0.110745818067,7_42
-1.74119379888,-0.497836233092,-2.29794699324,-2.92612332884,2.51127613693,-1.5195370871,-0.01073334234,7_43
-0.537205580505,-3.3231806658,-0.477637512548,-2.84082212768,0.980122261045,-1.87408351152,2.52171033812,7_44
-0.831165918852,-2.36222183754,-2.566343145,-3.30812617738,-0.102493831473,0.190597603047,-0.582039441721,7_45
-0.337833013166,-0.244633775111,-2.52620814783,-2.44706917232,0.255322785622,-1.18538574705,0.00868973813066,7_46
-0.511333541106,-0.573000191405,-2.45148164587,-2.27387552061,0.436800621643,-0.289258651248,-0.208300097487,7_47
-2.02090378229,-0.505443794634,-1.54630936758,-1.22204669453,-0.601946028208,-0.778465064927,-0.329508659451,7_48
-1.64915027703,-0.798624989236,-1.97949602213,-2.15723646211,0.0903416321985,-1.32279928246,0.434864921961,7_49
-2.57690015594,-0.422024642241,-3.92055466089,-1.85663585712,0.0042095146333,-0.737255269254,-0.569619858949,7_50
-2.16373228287,-0.335765757841,-4.11220979885,-2.22197481086,0.0919143213968,0.986564859484,-0.808509976404,7_51
-4.50370444386,-0.0673036196467,-3.24734375579,-2.74842606916,1.31834036084,-0.7307851933,-1.1705428042,7_510
-1.94075953011,0.80866192027,-3.7544065408,-1.84943778462,-0.689949974667,-0.0733752658563,-1.40853923419,7_511
-1.95236589169,0.271091194598,-3.54180631838,-3.94535444961,1.70182890105,0.42528208059,0.0513386101776,7_512
-2.67329174619,-0.862623297966,-3.78327749892,-1.98266707984,1.81795120635,-0.155866681461,-0.398692102192,7_513
-2.12815895737,-1.21121300943,-4.76668333935,-3.70183422184,0.785369791539,-0.626568916768,-0.977313023994,7_514
-2.47475770681,-0.695171313007,-3.27538267767,-1.31966662766,1.31538113438,0.907382942679,0.289277670198,7_515
-3.82476355417,1.41256814021,-3.90559604546,-1.32944177498,0.409903475451,0.839296327931,-0.543740647408,7_516
-0.98528737276,-0.117498467235,-4.69219934482,-2.53628843191,0.414119543796,-1.33138927521,-1.200928021,7_517
-3.21699460234,0.144085377062,-3.79912471248,-3.1620448782,0.454397592204,-0.348851232346,-0.20595802392,7_52
-1.87938422556,-0.143015842189,-4.55575709375,-2.11013428527,0.855755751663,0.213878721845,-1.23735159793,7_53
-1.58152406464,-0.963948256427,-4.77593639055,-0.727509400046,0.49152575337,1.53659284466,-0.68231968323,7_54
-2.78927818388,-0.388979189738,-3.5759316462,-2.41031006139,0.814885984064,-1.42078202317,-0.711824805048,7_55
-1.50211784168,0.373030434582,-4.97862302122,-1.94084397725,1.27063565027,-0.847441029546,-0.746962215633,7_56
-2.28967764291,0.519949205458,-3.84868475425,-3.99544029176,1.56486873644,-2.44354317422,-1.69074618831,7_57
-2.01955827176,-0.983018529899,-3.86706747812,-2.83325933072,-0.570775957482,-0.807360397357,-1.305893387,7_58
-3.2471154547,-2.0836215057,-4.35473404888,-3.53510945209,1.53195314229,-1.98719810312,-1.6292240916,7_59
-4.11884070988,8.07672152102,-0.457980447892,0.303664026573,1.14029851355,-1.59006085964,-0.196882664098,8_10
-1.84343784069,6.28794740301,-0.0873728703125,0.560682320064,-1.05237122757,-0.409029281979,-0.341905971545,8_11
-5.57751303491,8.0844911465,0.916859515247,-4.07297840446e-05,0.186622141221,-0.667922015142,-0.143902528348,8_110
-4.43433936389,8.65389196943,0.584639622956,1.95761352187,0.747867258075,-1.18648844841,1.192530913,8_111
-3.40563687021,6.44662112668,0.623268999602,1.34477486803,0.880198102463,0.120677577759,1.24583498154,8_112
-4.64059469085,8.52097069323,0.681731780555,-0.428424553652,0.49588642917,0.680536959035,1.62307553069,8_113
-5.00801311878,9.08256946136,0.730155528785,0.890666484281,-0.246960812082,0.570457064865,0.358245229242,8_114
-2.04880877883,7.01663528071,-0.376398912169,0.244532302353,0.240666380448,-0.109942594104,-0.20428761465,8_115
-5.46201423692,7.82140990169,-0.0814082995286,1.91028768777,-0.908510408507,-0.707061458811,-1.02704283892,8_116
-3.79131963792,7.44477585478,1.33872756623,0.345793914908,0.57562032952,1.17490765367,2.25259147114,8_117
-4.52682295462,7.42967670072,1.58809291164,0.255857397504,1.2047879801,1.10502726463,1.3971146813,8_118
-5.16959233988,8.86459933312,-0.240276884833,0.0231888713464,-0.947625796023,-0.588436241221,-0.66417037742,8_12
-4.47518597172,7.85935894174,-0.304726731955,0.73239309571,-1.77573940131,-0.357186163241,-0.458484873138,8_13
-2.50125251176,6.85860053855,0.368474712007,1.86101844014,0.467607266264,0.296441928398,1.0521694837,8_14
-4.31854040144,7.97543562259,0.0425826675344,0.284770697847,-0.133945243941,0.322097148461,-0.509662594226,8_15
-4.38552030928,8.1137960699,0.462780455722,2.29064197275,-1.10205817253,0.346057287843,0.517733697824,8_16
-4.43597346549,6.34858692953,0.816196563514,2.05107220972,0.756516179683,0.507438943425,1.29554997538,8_17
-4.12696857578,8.02905294825,-0.458021401285,0.879164262174,-0.207357677959,0.0885532780061,0.186681254397,8_18
-2.90641950997,7.42215752513,0.916951528255,0.931899072989,-0.925980851865,0.638420282748,0.439922949674,8_19
-1.58323613014,5.59395920853,0.94096073301,1.00299346172,-2.66444379734,-0.612484731792,-2.29551651797,8_20
-1.83859589005,7.39879693115,0.485597226283,0.647554146974,-3.47951836926,-0.826994669725,-1.90608935555,8_21
-2.57838971591,6.37303032115,1.04115618503,1.57863813716,-3.00609238018,-0.801502226653,-0.258988503077,8_210
-1.51714665648,5.51036294167,1.46887983309,0.934226281961,2.19327107846,-0.461024276986,1.24792521701,8_211
-2.38992805834,7.44310167669,1.62545159442,0.870643297394,-1.51292257805,0.0741298376642,-0.789181037529,8_212
-1.6410861278,6.24336716878,0.46896766138,1.36163566214,-3.33868592367,0.0257668756126,-2.19511486631,8_213
-1.59771595577,5.56076150422,2.25590588937,1.13699242409,-1.18494628542,0.817702740664,-0.205364243734,8_214
-2.55268660809,6.48390163134,0.208880519382,1.71855248539,-0.299710600355,0.604175475123,0.850233398643,8_215
-1.05657651606,5.12108218337,1.85350944164,1.00410707397,-0.272467983503,-0.491706936824,1.03686562542,8_216
-1.93829284037,6.77463151418,0.957116850084,0.538467059391,-1.2136792069,-1.11627917996,-1.87795573742,8_22
-1.4457409804,6.65123767597,0.692752618154,1.02585873929,-3.3140250079,-0.140628976215,-1.30917596333,8_23
-1.3317609448,6.19556936435,1.3754627798,1.45354534394,-2.39668520526,1.19409594295,-2.37080191421,8_24
-1.8569521566,6.04657942373,0.989984948977,2.17993339522,-2.72492521737,-0.022652513224,-1.68357502138,8_25
-0.823319682268,4.87019655204,0.929001225456,2.40820578417,-1.27356275877,-0.322862103741,-0.763022916913,8_26
-1.505250856,6.23014194765,0.504709364197,0.157208466977,-0.692648749542,-0.613156369231,-0.759875133002,8_27
-2.61650943312,6.64159515697,1.75712175429,1.18311413375,-1.05895587895,-1.19997130278,0.674906444357,8_28
-2.22667214574,6.59478252345,0.817859625126,0.415557507692,-1.62066862398,0.265377115491,-0.0740495742766,8_29
-2.82733309437,7.47039488459,0.793532607651,1.67239210906,-1.83688712718,-1.46281493493,-0.730900661027,8_30
-2.64705292652,7.02953569112,0.786249239302,0.424540973055,-1.15969702577,-1.90949715906,1.63724327211,8_31
-4.72257677282,8.33463148091,0.364847749416,1.88216374799,-2.2728742922,-0.369413792278,-1.24173493045,8_310
-3.2493974687,8.20865597318,1.91331289975,0.935471418391,-1.02303809993,0.0154495713066,1.46084458408,8_311
-4.94404280692,8.8935037985,-0.0159410684608,2.24105334158,-0.693676174296,-0.918237749627,-0.154775486954,8_312
-3.76317033638,9.12532829362,0.95172314674,0.749152580569,-0.156132260334,-0.909493870013,0.131993293716,8_313
-3.90709988999,8.54640229187,0.0282329690409,1.49070558565,-1.24748776378,1.00335958923,1.08675996854,8_314
-3.6194898733,9.31939923601,0.989886628379,0.30910422158,-0.202465398922,-1.19533337172,-0.876989280845,8_315
-2.28747549168,6.37841057089,0.509365627494,1.81719234317,-1.44974082313,-0.339762060992,-0.445126103211,8_316
-4.8360911142,8.05380312174,0.624257676233,1.51930205947,1.34609513246,-0.694959085577,1.08920896024,8_317
-3.55755195788,6.40478366103,2.4201310218,-0.271485762823,1.23731937204,1.33125389025,2.07671688173,8_318
-3.98585624442,7.32557813428,0.118268667101,0.802201096418,1.26159480536,0.0785704374132,0.735070060198,8_319
-4.64004466529,9.20929768109,0.374172717417,0.7433897324,-0.996363090263,-0.488197206082,0.61080595726,8_32
-2.39932817811,7.71727113378,-0.543127895432,0.711039906044,1.88554203532,-1.89789975939,-0.0315957927092,8_33
-4.11474899313,7.81596282686,0.738623802725,0.863765811797,-1.79746261683,0.0632056192691,-0.714515523639,8_34
-3.80036074141,7.79405062522,1.11538561981,1.37456204615,-0.864815181563,0.112448910133,0.433580600022,8_35
-4.11342791901,8.0227477025,2.36956010168,0.476436467905,-0.57247735417,1.63602011961,-1.17775027395,8_36
-3.00329700567,7.62953080061,2.10744049387,1.59866926867,0.0809026522442,-0.34083823015,0.597350449337,8_37
-2.8603719662,6.36408687563,0.385578750882,1.1367722259,1.10806550912,1.11778664121,1.5222973379,8_38
-2.83536255589,8.494175263,-0.392890936449,0.799880751812,-1.346468563,-1.79534424919,-1.77956722149,8_39
-4.08751468702,7.50188368543,0.112331116553,0.755867575473,-0.686990894841,-0.587793923598,-0.293562951506,8_40
-2.96078117941,8.21079839822,0.178945548361,1.4858020132,-0.447332005022,0.0202846165961,0.59690615882,8_41
-4.10380137408,8.59495869347,0.119595481956,1.64247834723,-2.2694621783,-1.49730424897,-0.812116491441,8_410
-4.73978338812,8.9908238846,-0.120285772488,0.158403622544,0.87875078596,-0.27595499486,0.404612231473,8_411
-4.72757600571,7.60859480593,0.411474274975,2.53083327736,-0.914194479199,0.708437060888,0.682052756005,8_412
-6.9426754717,9.66475654608,0.591126084859,2.06068494927,0.987904995065,0.211770795109,1.23850750496,8_413
-3.1887195733,7.3546336448,1.80799845239,-0.771114287339,1.31660437288,-0.44627677497,1.86599496218,8_414
-4.94102126982,8.69008327804,0.144065516973,0.0869109560516,2.09210345958,1.68337888557,1.06758464075,8_415
-2.59525254037,6.59743189623,0.235472988498,1.50422629554,-0.687560801879,0.638056693579,0.0730558404715,8_416
-5.10655956166,8.36355486428,-0.0319699668844,0.918174648246,-1.18389836889,-0.909084378539,-0.911360180032,8_417
-4.87060549798,8.78276923268,-0.240394557569,1.24894787079,-0.142841592893,0.663608435872,0.881308247125,8_418
-6.30793981098,8.96705889165,0.419538695326,1.09317620418,1.38032607549,0.37698621537,2.88671012985,8_419
-4.95045835465,9.69077646813,-0.0121335359994,1.47221240852,-0.940925326415,-1.22666659733,-0.547222078718,8_42
-3.66079766187,9.16773047447,0.370389050605,1.82537526901,0.308450343917,-1.67841776387,0.377978388369,8_43
-3.1344770464,7.37201514041,-1.65919967015,1.04835641233,1.66385743042,-1.57518138523,0.485341776139,8_44
-5.18474402268,9.7987240694,-0.00209338661301,0.826456541209,-0.190217976249,-0.911514776929,1.90678115936,8_45
-5.3681617682,8.16166726511,-0.0226544255496,2.34513848476,-2.60158630255,0.0498508650887,-0.501991865232,8_46
-3.51744354552,7.16677583393,0.948098679764,3.36356190666,0.174813318925,-0.711504512375,1.89473824409,8_47
-4.74266833806,7.26220457772,0.137689500596,1.41919844462,2.03811137783,0.634585283756,0.966624488231,8_48
-5.49855289649,8.89820505662,0.427706437839,0.162384404309,1.45108618223,0.216579948835,-0.12182913013,8_49
9.64069776504,0.877684056758,-1.57403980992,-0.556172158559,3.40204480707,-1.52076673479,-0.183661414732,9_10
9.32990797491,2.14852741234,-0.111085505012,0.690001584874,0.80524150332,-1.35637961396,1.90149800398,9_11
8.95175486054,0.630120092736,0.605672806445,-0.157011329138,-0.947668011669,-0.0603376301867,1.20086077629,9_110
8.64537343349,2.27477504325,0.536336628459,-0.855939737814,-0.23301606088,0.00872001544052,-0.200703747709,9_111
8.82435137899,1.46182413791,-0.22589054338,-0.381802690669,1.58332176998,-1.49500938906,0.339056008615,9_112
7.25049184075,2.46715902187,0.0458474026167,0.045914756837,-0.914317109553,-0.852910027289,0.92732625337,9_113
8.25313430733,0.866916434172,0.396142725579,-0.696233635649,-0.0411222964257,-0.111712001848,0.840154740885,9_114
8.61271679631,1.32100336454,-0.71076346197,0.180639643241,1.54761396072,-2.26460558894,-0.0158903782224,9_115
9.13693456152,-0.432945349545,0.755201703298,-0.905187386073,2.23997013973,-0.316734020705,-1.49599736278,9_116
8.27372852883,0.92572791442,0.651297741462,-0.0458893955519,0.40083044611,-0.395585897284,1.01578497239,9_117
9.64410989587,0.6840777056,-0.190276284085,0.916078313514,2.19724865989,-1.58309849639,0.462856079327,9_118
9.29229958272,1.73316735165,0.448634670721,1.51162883426,1.54360162404,-3.28859899951,-0.0138855183006,9_119
9.32500962074,0.867640923003,-1.21244307304,0.131965533797,-0.173452853673,-0.320376532663,0.958541134656,9_12
9.60695674745,0.27970319795,-0.132591882989,-0.665949665631,2.00315047142,-0.0847318853731,-0.115401608841,9_120
9.26405858753,0.852439130741,0.0891870857893,0.891701157839,-0.159626671568,-1.04447370494,0.0543839206724,9_121
8.940073268,0.663016866195,0.273061153123,-0.18750701307,0.897318703188,-2.07274141657,0.824995053841,9_122
8.42103277072,1.67232239575,0.0534350342882,-0.0270889094068,0.86891184735,-1.79538864845,0.782023186149,9_123
10.3677353994,0.985964451142,-0.565189295294,2.32418681633,1.26375280921,-1.11887724701,-0.477247715257,9_124
9.38555522507,1.32631655015,-1.06270415799,0.596565430477,-0.0760936590079,-1.71030770814,1.68730079899,9_125
9.06877264998,1.99956470797,-0.123508730204,1.1443642481,-0.196899928999,-1.33993711803,0.835303113091,9_126
8.21464447855,1.12358478728,1.36086064897,-0.969387201131,0.248228219167,-0.255405345552,-0.117590584853,9_13
9.33487030223,0.888837118814,0.818355034549,-1.26139416591,1.38786973874,-1.49029222074,0.00937757710908,9_14
8.26079170799,0.760384483791,0.233019306918,-1.30736980061,-0.176060259937,0.62281129184,-0.201199934012,9_15
9.03881265377,1.72035192083,0.328949975827,-0.0859950586655,0.190286454073,-0.364999683366,1.05406450088,9_16
9.95093570891,1.63361725756,1.46242356861,-0.567399561216,1.14437709225,-0.39400498448,-0.135249131994,9_17
9.12254628271,1.18059117373,0.618214604966,-2.43072096714,1.20974789985,1.08778132523,-0.287670174921,9_18
8.57514341025,0.889193640769,0.200899777183,-0.908230026597,1.34270618635,-0.946208049867,0.739288994116,9_19
10.5000896235,0.757585079169,-0.196786425653,1.75821386587,2.81184013697,-2.68111975472,1.68937284399,9_20
9.0970020238,0.922350654698,2.09019503923,0.623498058867,-0.520633413209,0.980730670586,0.318547332975,9_21
9.23191671555,1.39726576178,2.16174608995,0.468159807701,0.859871165799,-0.741070832144,0.309514345452,9_210
8.5104555965,0.706050612705,2.08728814273,-0.0723861850034,1.4332230828,-0.847307982962,0.56141941415,9_211
9.40421985837,0.597808852084,0.671017326064,1.36378044653,0.887636201853,-0.0117040774012,0.812608131324,9_212
8.09243146181,0.461181517791,0.630634676526,1.01087947994,-0.468793987102,-0.225968716661,-0.110160040949,9_213
7.61905566556,1.49988244385,-0.495908352151,1.70324987391,0.596811689482,-1.20909817902,0.023882483493,9_214
7.51079108503,0.285276553982,0.502257525786,-0.660855829178,0.868680345441,0.497040466007,0.0133525687114,9_215
9.27404981715,0.775770813886,0.754012692674,-0.558572405437,1.00745285996,0.376565871029,-0.896859916251,9_216
8.59792708291,1.84144296246,-0.0454500431338,1.15064507679,-0.812876366095,-0.715953201744,0.123448216226,9_217
8.14562022355,1.47242901772,-0.467743421862,1.43370205704,0.765553470137,-1.1081363622,1.66856338695,9_218
8.33770847895,1.65364250182,-0.597740437327,2.72652270831,-0.0141473578878,-1.45178031641,1.73320320075,9_219
11.0505132549,1.01898722913,-0.544550539912,2.96999958331,1.73267484891,-3.50277902806,2.18250495624,9_22
9.79653034127,1.01072760695,0.634485054295,1.55282782951,1.06211962646,-0.0157869371463,-0.752299299446,9_23
10.0549150185,1.43658250953,0.43909545443,2.60933683944,1.06509771462,-2.98006226865,1.86533272802,9_24
10.3255826339,0.390392634095,1.58979344851,1.04802034526,1.51670183604,-0.928132152346,1.36428789144,9_25
9.6507360768,0.360363596122,2.35354028602,0.0656523087474,0.521373260051,0.812585698245,1.12511857682,9_26
9.83931636762,1.01316689694,1.58632599457,2.26050866887,-0.702664513474,-0.0297850219481,1.81055768932,9_27
7.61178561527,2.23322439627,0.324374523734,1.82044894496,0.890091428811,-3.17722926722,0.0190093764617,9_28
8.03790329704,1.00534645936,2.06445918912,1.50557081334,0.0570645064476,-1.16799962888,1.16799290538,9_29
10.3529953063,0.773897330761,0.705135700381,0.153865994353,2.85578722587,-1.93473937465,0.639781432747,9_30
8.80288814107,1.15601117763,0.566685333435,-0.455227073357,0.991832621554,0.615603977675,-1.1833099609,9_31
10.75155635,-0.486750107569,-0.734054378743,1.92392755201,1.34600884054,0.859995876021,0.419607845567,9_310
8.99546599665,1.87504435829,-0.409204291968,1.44597037486,1.30009058546,-1.48180336233,0.00936996150982,9_311
6.7806231847,1.94503098207,-0.246024520555,0.608943465799,0.211549853211,0.483947890727,-2.10348852628,9_312
8.22989439993,1.95389170675,0.110814467336,0.349920061602,0.469396085772,-0.652982128506,-0.311354278651,9_313
9.77012893146,0.608274099489,0.777672599578,-0.127037407039,1.73274582086,0.0994955532734,-0.345768213394,9_314
9.28540254964,-0.851358245707,-0.442810841797,0.856575529614,2.39065816985,0.309149079864,-0.949494854823,9_315
10.336034729,0.513776371115,0.192433624942,0.67372311031,2.11952898628,-0.749921004782,0.712983753316,9_316
10.4932311598,0.00932754294077,-0.0572464788538,0.195378937844,1.54644383494,0.635053900598,0.181777958356,9_317
8.46917456348,1.3588034124,-0.348239472948,1.05123057014,1.60075154958,-0.100538148826,-0.664300873842,9_318
6.85326618761,0.844811139181,0.871887579055,-0.722646924765,-1.00536443522,1.56303155736,-1.11183308506,9_319
9.26272503961,0.751273147677,2.08862845217,-1.80518417492,0.576400294711,0.697030860716,0.699372236663,9_32
9.25557888199,0.140205974299,0.195985771155,0.390814431199,2.27462935359,0.838611280321,-0.114028911306,9_320
9.58117619577,0.239792852324,0.133769777897,-0.853148611534,1.68915590388,0.34259737769,-1.48014099969,9_321
10.0772503737,-0.015723057117,-0.126336584124,0.791006321118,0.808953945297,0.112286857742,0.61924992456,9_322
9.93878562439,0.397138220895,0.433891274887,1.57418942805,0.860912783606,0.43326542133,0.741094051174,9_323
10.0051410543,0.83183993423,0.792217952608,-0.207626953882,1.75168014222,-0.302899458127,-0.318360072134,9_33
10.1473002162,0.675441027826,-0.193368681993,0.929037317394,2.0079186352,-0.0577647647133,-0.477204554815,9_34
10.1714402735,0.340474246919,-0.660066945643,0.243765955285,2.45441614714,0.151793749835,-1.29505524988,9_35
9.75458439977,1.07619398162,-1.0367541035,-0.550051075255,1.2172819608,0.892345281412,-0.845819033985,9_36
9.2371936198,0.17435891791,1.04481011478,-1.49612697417,1.4539302386,0.681570269496,-0.694588260973,9_37
9.44953350192,-0.164626269911,-0.528862292961,0.243283330179,1.09915805028,3.41156162963,-1.77891787264,9_38
10.3833954925,-0.222334586234,0.521834856735,-1.27065781991,2.89502084204,2.25481461006,-1.27172826745,9_39
8.99439512982,2.40495526899,0.444028282026,0.0644421962667,1.14598049294,-2.26164461173,1.71604380821,9_40
8.49662888442,0.966663164043,2.32936417158,-1.07891435655,1.23787222046,-0.239428948845,-0.155601135533,9_41
9.45698999535,1.00178950421,-1.34083275375,2.9823553553,1.83137382979,-0.906832274143,0.161198476923,9_410
8.6156518768,1.55204627296,0.581344324496,-0.335561143363,-0.718586431015,-0.458193520923,1.41518613423,9_411
8.14041965205,0.683842486159,-0.679478991266,1.9704299423,0.526907533871,-0.334386851318,-0.393207551178,9_412
10.5219985073,1.02992048381,-0.847100331379,0.758737670623,1.90407383532,-1.0678432982,1.02497266201,9_413
8.1962652494,0.519160590072,-0.426201069967,-0.869733456683,2.05157385514,1.08571539943,-2.03989272065,9_414
9.20986583382,-0.745662404619,-0.815888322274,0.369665817141,2.66701968244,0.937153814464,-1.64193045191,9_415
10.3716495237,0.184160605298,-1.22458068929,1.51847767748,2.4474141588,-1.23467262816,0.431765383602,9_416
8.73566582373,0.124471735579,-1.17261669808,2.35853439015,1.42679639994,-0.182163685219,-0.721604696436,9_417
9.86343369501,1.00136351581,-0.946551964333,1.38584022468,1.56467302057,-1.1267880554,0.125451915427,9_418
9.02268394787,1.11319446226,-0.487002442851,0.254595995197,1.5349333819,-0.552590358821,0.38892902813,9_419
9.14967001591,1.79581217685,1.74829788207,-0.484974048324,1.16301846414,-2.0011745075,1.63287327123,9_42
8.94604463257,0.869892234101,1.19703084339,-1.11069224175,1.71690449931,0.377364794511,-1.61690439889,9_420
10.0693830931,1.4130226003,-0.25995419577,-0.0281663291496,2.04170505058,-2.14882887781,0.324393951694,9_421
8.3068975239,1.50864497979,0.773926885716,-1.4776988843,1.61006914345,0.50264315041,-1.38781534488,9_422
8.40248203849,-0.106743250227,0.0402604535934,0.0482174131267,-0.277460474953,0.538805970903,0.339431698778,9_423
8.91185458078,0.745880840279,-0.26207029449,0.461224668403,1.18567599413,0.0835643188313,-1.24028593289,9_424
7.58332227276,0.37509637133,-1.02699956536,-0.907215062822,0.402413580161,1.18315731524,-0.501262100379,9_43
9.83658529339,1.42203815626,1.48200150044,-0.0885154345309,1.24016236127,-0.689922656208,-0.300882523874,9_44
9.84095801138,1.10865958368,-1.17487670479,1.92767554635,2.36280492967,-1.94737290742,0.771352930675,9_45
9.3128813447,0.570748403625,1.11145741375,-1.51392015709,1.78737747858,0.264537080959,-1.05378776789,9_46
8.92942794237,0.244570144908,1.75920619318,-2.58171777373,1.01888807912,0.367695122265,-0.0531052031902,9_47
7.49250865448,1.15249989737,0.302750099499,-0.909004668033,0.0542294887012,0.325926217644,-0.894246176445,9_48
9.24033052916,0.409916819298,-0.121859520606,1.40725233851,1.86097545622,-0.720805883324,0.661766677673,9_49
9.48674422707,0.376100721373,1.02386766955,-0.624582035389,0.478453919126,0.701530791662,-0.0380893922508,9_50
8.89636939921,0.588525158578,2.11252386116,-0.640978040264,-0.151017383628,1.4482402803,-0.931083510868,9_51
9.87036153795,0.714203842139,-0.300662475912,2.67166928767,0.476286414312,-1.79238012152,1.24116634862,9_510
9.37011987277,0.29616573692,-1.21554723967,1.6679241982,1.35470030017,0.283927076927,-0.453861121889,9_511
9.27447387932,-0.0551847003609,0.079711666064,-0.894804971629,1.23940154811,1.91907603593,-0.511150516497,9_512
8.91262892445,0.408359680835,0.110017373297,0.826852170364,0.651307132698,1.70926617227,-1.34760786719,9_513
9.36053610822,0.196487120555,0.962309073003,-1.34712028375,0.954846319045,3.08156181364,-1.33646982993,9_514
8.92275864463,0.595565481276,0.280785359912,-0.11869818633,0.384309115964,1.97993129472,-1.85218090203,9_515
8.96021013805,-0.0156178876607,-0.00227821485675,0.250390295408,1.11192043953,0.960016396587,-1.59637403427,9_516
7.42386801099,0.579946031912,2.20101911759,-2.74228988291,0.0617300753384,2.67097771323,-1.57133202978,9_517
9.10194210985,0.321835997838,-0.0882016841038,1.1028740735,0.995532168477,0.943081633488,0.0948699229867,9_518
10.4504474558,0.064973721399,-0.0818855876496,-0.178500825408,2.72672450144,0.433094924695,-0.059595371366,9_519
8.47201926604,0.58088886311,0.983315687778,-1.17030080166,0.124608255692,1.95998762477,-0.879314916559,9_52
9.31875379128,0.108402337452,0.0899170094652,0.138358788083,0.881000341646,1.80347376676,-0.59990245604,9_520
8.11886603773,0.0919787663268,0.821384191463,-0.207070099493,-1.06386190308,1.46460621946,0.147026964098,9_521
8.30572432032,1.27705417775,-0.263654465365,0.65962426177,0.669140361523,-0.971000578195,-1.89962421016,9_522
9.26339620174,1.02009738857,1.71162188721,-1.13084251298,1.34337433958,0.951937855936,-1.93055537785,9_523
9.14562093588,0.543627933222,0.109310430254,2.15870738671,0.0442790527485,0.413227508563,0.545453310007,9_524
9.59915322357,0.725182137661,1.76779975632,-0.268997885261,0.745116339319,-0.174454372725,-0.207785198885,9_53
7.23318434789,-0.0578773590243,2.60463074156,-2.65740576488,0.0713003182338,2.43036615227,-1.91820157546,9_54
9.14966357976,1.02459783119,0.729282257938,-1.25841840694,0.272286272665,1.04530899307,-0.691767808402,9_55
9.28242900056,-0.247749940588,0.39642592147,-0.532359162783,0.988172837639,2.31829822509,-0.472902431485,9_56
8.31262741241,1.02973283778,1.53403522328,-1.11128875408,-0.342842187406,-0.810553913028,-0.556288614924,9_57
7.7484304126,0.212715433867,1.84395165642,-0.0477406364966,1.53314696406,-1.39634132827,-1.14036773288,9_58
8.34953654298,0.622776087951,-0.452434313475,1.7339241534,-0.0522139948317,1.93000858803,-1.46191128716,9_59
